# Blender 4.1.1
# www.blender.org
mtllib landscape.mtl
o Grid
v -2402.317627 881.492920 2498.527100
v -2313.186768 835.670959 2497.391113
v -2268.127930 809.662170 2505.646973
v -2184.357178 736.481201 2500.865723
v -2097.572754 650.589417 2501.602783
v -2038.239014 619.240173 2498.887451
v -1900.513306 466.980194 2502.417236
v -1828.842773 403.583679 2498.622314
v -1698.956055 341.671173 2503.122070
v -1544.473999 399.099670 2498.989990
v -1490.728516 459.040436 2502.041016
v -1421.699951 444.640442 2498.858887
v -1252.060303 327.774445 2499.592285
v -1186.869019 241.571930 2500.000488
v -1125.961548 283.317932 2502.049316
v -1002.096558 275.127686 2496.223877
v -934.343750 277.716431 2500.000488
v -883.186523 307.013702 2497.572510
v -833.333496 312.436951 2500.000488
v -783.800232 274.620178 2496.979248
v -721.042725 278.614197 2499.689697
v -582.916504 301.040924 2498.632812
v -530.302979 282.175690 2500.000488
v -479.798248 303.189941 2500.000488
v -429.292999 292.817688 2500.000488
v -378.787994 306.608917 2500.000488
v -328.283020 299.107666 2500.000488
v -277.777771 327.442688 2500.000488
v -227.272751 295.493683 2500.000488
v -176.767746 293.797668 2500.000488
v -126.262756 321.282196 2500.000488
v -75.420502 326.137939 2503.041992
v 25.961750 351.055450 2500.132324
v 76.266754 387.548187 2496.525391
v 126.262756 388.451935 2500.000488
v 184.050507 400.331665 2498.610107
v 277.777985 409.225677 2500.000488
v 328.282745 403.541687 2500.000488
v 378.787994 450.105194 2500.000488
v 429.965759 419.411926 2503.824951
v 479.798248 433.096924 2500.000488
v 529.529541 398.105438 2500.293457
v 724.608459 374.067657 2496.729248
v 782.828491 353.359436 2500.000488
v 833.333496 353.348938 2500.000488
v 883.838501 313.369690 2500.000488
v 953.453247 297.884155 2504.282715
v 1065.517822 300.168182 2496.622070
v 1135.127563 271.696411 2497.487061
v 1201.818237 288.303680 2500.420410
v 1357.440186 282.333679 2498.192383
v 1468.224976 290.401672 2503.198975
v 1540.692749 317.671173 2500.026367
v 1590.461914 317.939941 2501.115479
v 1641.356689 358.040192 2500.466064
v 1701.128296 376.968689 2504.683350
v 1792.564697 431.476929 2495.222656
v 1848.015259 462.425446 2501.096436
v 2033.607910 564.647888 2502.006836
v 2147.867676 591.625427 2500.599365
v 2251.865967 587.560974 2500.584473
v 2350.647461 562.992432 2499.282471
v 2499.942383 486.934937 2500.487061
v -2444.375488 1006.285156 2346.229980
v -2036.137085 677.767151 2408.882568
v -1891.036499 570.412720 2368.678955
v -1829.952759 463.578430 2443.867920
v -1639.899536 366.626434 2446.779297
v -1411.639648 564.886475 2356.894043
v -1292.248047 358.092194 2454.253174
v -1211.502563 338.192688 2439.303467
v -1196.331299 333.924927 2376.792480
v -1025.119995 338.428680 2441.372314
v -798.234253 391.267181 2398.533447
v -743.298218 356.880188 2423.760742
v -594.707520 329.095703 2428.765381
v -519.801270 376.249664 2419.617188
v -407.088257 333.209442 2426.288330
v -321.880493 401.723694 2416.324219
v -246.068512 368.883942 2437.093750
v -174.134750 438.969940 2395.492920
v -114.563004 450.676178 2424.480957
v -44.597748 429.851685 2439.054932
v 223.356247 535.797424 2430.511963
v 324.430481 577.549133 2403.818604
v 387.350250 563.539673 2418.411621
v 515.232239 518.249939 2445.458008
v 636.658752 518.070374 2424.458008
v 832.832520 500.259705 2380.974365
v 886.773254 427.547699 2425.655762
v 1312.486572 354.149200 2411.552979
v 1715.927490 526.230164 2339.394043
v 1988.009033 683.357666 2328.895996
v 2185.111572 690.094421 2386.360596
v 2346.214844 676.613159 2362.869629
v 2447.990967 644.680420 2339.161377
v 2499.862793 569.771179 2398.361572
v -2129.025879 805.332886 2328.297607
v -1804.943237 483.772186 2368.326660
v -1692.238770 393.254181 2399.048340
v -1689.000732 449.769440 2355.800049
v -1530.932251 553.800964 2348.999512
v -1282.592773 457.140167 2344.699463
v -1132.390259 363.950928 2380.960938
v -964.000244 387.855682 2393.170166
v -892.846252 385.842682 2381.551270
v -648.011536 400.526672 2396.118652
v -393.026001 438.093414 2353.814697
v -241.668747 446.193939 2386.788818
v -34.415752 579.706909 2361.314209
v 26.465000 552.032654 2368.443115
v 79.291245 594.032715 2365.446533
v 134.819000 542.125916 2396.988281
v 718.715698 646.423706 2324.791504
v 977.529785 486.587952 2335.407715
v 1035.186035 454.376434 2322.494873
v 1199.130737 374.242950 2388.267090
v 1284.448486 402.788422 2356.457275
v 1446.457275 383.110443 2359.806641
v 1540.453247 420.250183 2341.820312
v 1792.866211 587.116394 2309.530762
v 2276.753906 726.482666 2320.694336
v -2499.603027 895.770203 2500.305420
v -2343.354736 994.723206 2309.231689
v -2233.102295 899.392456 2352.847656
v -1082.989990 374.893433 2346.455078
v -984.739746 448.448425 2302.151123
v -932.368774 393.678436 2324.438965
v -820.830017 431.347198 2328.623291
v -706.675232 466.953949 2319.905762
v -551.543457 434.756927 2348.180908
v -378.696259 437.945923 2300.715820
v -148.435501 553.739929 2334.244141
v 92.994751 699.553894 2311.025146
v 233.008499 697.040894 2338.652100
v 404.322998 753.837952 2319.372559
v 459.769257 714.741150 2330.475342
v 545.675537 685.863892 2330.956055
v 602.690735 653.551392 2341.553223
v 859.786255 544.105957 2318.409424
v 1095.414062 439.033936 2339.722168
v 1243.656982 449.683441 2294.001221
v 1624.002197 496.889435 2301.315674
v 2501.705811 607.437439 2335.632812
v -2499.824951 1074.097168 2248.627197
v -2114.123291 861.070923 2240.632568
v -1923.128540 614.365479 2321.618164
v -1787.029053 553.997192 2260.557129
v -1683.686768 513.002686 2236.189453
v -1632.755981 480.995422 2292.606934
v -1585.118774 620.115723 2185.162109
v -1445.229492 686.218689 2260.113281
v -1319.068237 744.606445 2184.105469
v -1214.943726 482.568909 2292.903809
v -1160.089722 493.184418 2253.002686
v -1023.734192 468.821960 2263.148682
v -883.838745 466.020691 2297.980225
v -775.713013 474.444916 2295.746826
v -583.183533 435.754944 2278.828125
v -446.581512 463.958923 2303.852539
v -368.064758 520.236938 2257.614746
v -372.375000 520.557190 2200.873047
v -91.153503 589.037170 2278.878662
v -28.342751 652.599670 2257.895020
v 54.504498 724.630676 2246.084717
v 284.945984 822.063660 2241.028320
v 787.439514 679.672668 2246.922119
v 959.143982 568.401672 2273.025879
v 1150.282715 450.411163 2282.408203
v 1365.720459 492.035187 2226.316895
v 1419.196533 439.792938 2296.314697
v 1850.778442 667.495178 2232.175781
v 2049.245117 813.420410 2151.426270
v 2144.067871 763.376648 2274.359131
v -2353.390625 1070.879761 2187.523438
v -2185.968994 931.453735 2229.666748
v -2001.436890 760.955139 2243.742432
v -1878.194214 638.905396 2246.936035
v -1234.820190 660.929199 2202.459717
v -968.166992 523.160156 2243.057129
v -864.449951 467.422943 2233.641113
v -781.316528 502.987885 2207.239258
v -717.963501 497.946655 2170.917236
v -596.612000 487.068390 2208.994385
v -508.019501 490.858429 2251.282227
v -324.299011 607.229187 2176.897949
v -201.533005 637.323669 2176.361572
v 90.398750 907.226929 2145.231689
v 332.351746 871.401184 2223.303223
v 417.384491 812.242920 2254.164307
v 634.798523 792.627686 2221.876465
v 692.008240 758.444214 2243.690918
v 1119.790161 527.874207 2194.160889
v 1219.671753 530.117432 2184.273193
v 1533.254028 508.163696 2230.667480
v 1645.758789 538.782410 2226.874756
v 1770.207031 612.903931 2227.635498
v 2001.809570 741.546936 2215.484619
v 2268.389893 803.446167 2179.916748
v 2364.827637 767.680420 2210.623291
v 2498.009766 673.916138 2247.669678
v -2427.464844 1102.390625 2146.330322
v -1975.834229 768.462402 2159.963135
v -1787.060791 616.724426 2140.170898
v -1508.808472 727.730164 2185.629395
v -1408.930298 777.946960 2199.013184
v -1261.378052 688.569458 2163.004395
v -1183.207764 656.290405 2155.849854
v -1094.696289 610.443420 2173.050293
v -1028.696533 575.799194 2165.759521
v -914.398010 512.776672 2198.678467
v -522.325256 476.911652 2199.147949
v 433.084991 934.576477 2180.824707
v 527.585266 895.351929 2189.115967
v 794.360229 739.161926 2192.574463
v 930.931274 682.401978 2152.608643
v 1030.802002 605.905945 2165.588867
v 1339.183228 578.914917 2141.933838
v 1919.788696 740.282959 2186.263672
v 2182.129883 819.911438 2188.032959
v 2499.636475 719.168213 2170.273193
v -2109.875244 918.515686 2104.290771
v -1704.494263 590.415649 2106.798584
v -1527.479492 798.645447 2083.058105
v -1385.805786 918.551941 2083.912842
v -1296.836792 887.990967 2065.108887
v -917.363220 555.614441 2145.789062
v -807.287537 532.532471 2147.821777
v -677.954285 558.016968 2133.595703
v -584.513245 543.793945 2139.127197
v -501.668518 562.010193 2146.251709
v -457.897766 582.223633 2101.256836
v -298.070770 612.385681 2093.585205
v -163.961746 743.587891 2118.887451
v -89.644997 814.932190 2135.219971
v 13.489500 877.594971 2112.420654
v 225.418747 941.900696 2104.507080
v 287.908264 960.977417 2137.215088
v 577.711548 916.605408 2132.984619
v 684.658997 899.430725 2110.361084
v 738.577026 842.802429 2089.213867
v 800.091980 828.955933 2102.986816
v 1192.051758 590.179688 2095.562500
v 1411.293457 596.380432 2103.443359
v 1529.239990 602.665161 2097.755859
v 1581.661255 577.820190 2113.596436
v 1695.043457 628.446167 2082.365234
v 1886.026245 748.779419 2079.379395
v 2383.913574 802.964722 2104.525635
v -2298.926758 1061.074097 2083.471191
v -1987.925049 803.182922 2091.743164
v -1929.110474 730.282654 2059.789062
v -1660.492798 629.517151 1998.692505
v -1436.074219 958.997681 2034.511475
v -1220.540283 774.265198 2089.350830
v -1009.300476 674.013428 2085.730713
v -944.659790 604.561951 2082.326904
v -560.753784 600.770935 2073.083008
v -407.322754 591.457458 2075.438477
v -222.244751 711.959167 2065.840332
v -115.699249 868.946411 2036.207275
v 175.440002 937.198425 2065.670898
v 380.109985 1053.057617 1986.399902
v 508.522522 971.966187 2063.776611
v 566.643799 979.707642 2093.357666
v 646.334778 899.781921 2073.351318
v 891.740051 730.241211 2088.132080
v 1048.378662 639.385681 2074.749512
v 1112.250000 603.736145 2077.215576
v 1285.532959 668.618835 2009.369141
v 1629.829712 620.393188 2062.862549
v 1784.041748 672.950928 2036.382690
v 1987.913208 783.737183 2094.111328
v 2080.431885 813.407654 2057.558838
v 2238.617676 850.593933 2095.524170
v 2499.500244 738.231201 2044.165161
v -2500.083252 1136.232422 2042.686768
v -2340.307861 1091.730591 2006.510620
v -2152.864990 938.490479 2026.834839
v -1835.454956 659.461121 2001.430786
v -1729.743774 627.924927 2021.557861
v -1357.736938 958.756958 2023.886108
v -1157.722656 778.882385 2019.074951
v -843.738525 587.086914 2037.013306
v -743.893982 580.873657 2055.760010
v -660.516968 622.088196 2023.858521
v -482.148743 648.310608 2004.239990
v -429.983765 700.177368 1994.013794
v -357.075012 658.763672 2018.979126
v -294.555237 718.866638 2020.243896
v -218.132004 802.072327 2003.129028
v -72.555748 917.677734 2030.265503
v 24.843000 941.747620 2020.121948
v 103.188995 1001.406128 2047.500977
v 290.764740 1037.161133 2041.264893
v 425.197235 1044.073853 2028.203857
v 596.968750 969.467163 2025.181152
v 756.498535 875.832886 1978.045532
v 1230.232910 629.139648 2025.695801
v 1389.320068 697.610352 1994.695801
v 1446.294312 672.212341 1960.505737
v 1993.747681 807.607361 1910.808838
v 2172.866211 864.202698 2046.699585
v 2295.943848 834.159180 2046.614014
v 2417.725098 777.777832 1963.806763
v -2195.896973 988.026123 1950.572388
v -2009.996948 808.283081 1909.500488
v -1893.939697 725.935364 1994.950073
v -1598.792603 698.036377 1915.489746
v -1532.287964 838.104614 1983.708374
v -1388.889160 944.363098 1994.949951
v -1273.759277 879.983582 1975.876953
v -1073.553833 788.014893 1991.350098
v -982.298035 686.845337 1976.791260
v -927.512756 633.003906 1976.575195
v -615.348511 653.355896 1971.127075
v -29.487499 927.917908 1984.210327
v 109.528496 962.507874 1980.330811
v 180.514755 1029.604736 1952.570679
v 535.744507 1016.362671 1919.553345
v 681.818237 951.442871 1994.949951
v 856.140259 782.511108 1992.838745
v 934.343506 712.322144 1994.950073
v 999.148254 730.265381 1968.930908
v 1069.940430 776.109375 1950.376953
v 1240.264282 670.237915 1948.799927
v 1563.318237 648.047363 1964.833252
v 1637.478760 621.637085 1974.076538
v 1809.697998 669.691162 2001.583862
v 1909.237793 747.947876 1947.649658
v 2060.969482 823.238159 1970.341919
v 2172.663086 825.216370 1979.308594
v 2357.344238 824.360596 1964.526367
v 2495.169189 709.997375 1987.513794
v -2332.113770 1047.394165 1889.168091
v -2117.268066 888.191650 1892.770630
v -1936.085205 719.555115 1941.560791
v -1697.677490 613.458618 1922.739990
v -1448.927002 951.423645 1934.339355
v -1389.233032 994.717896 1929.439209
v -1341.476440 980.719360 1926.303101
v -1138.811890 838.888367 1895.382690
v -1054.128052 722.321655 1926.374512
v -905.165466 618.724365 1861.926758
v -839.712524 602.222412 1912.624268
v -732.788513 607.579346 1936.164551
v -551.881042 703.265869 1944.175903
v -431.361755 759.071655 1922.150269
v -345.280273 704.384399 1898.442261
v -226.808990 755.800110 1944.608398
v -144.193756 885.309875 1932.796143
v -142.673996 872.511414 1857.327148
v 15.542000 1020.067322 1925.557861
v 475.946014 1051.226562 1937.190918
v 658.984741 951.552124 1919.648682
v 681.818237 896.520874 1944.444946
v 925.093994 747.600647 1915.643188
v 1171.169067 721.718628 1928.804321
v 1286.469482 668.209595 1894.976440
v 1357.081787 695.270386 1900.549561
v 1735.814697 647.230164 1946.103638
v 1815.543335 711.910583 1878.245483
v 2066.953125 825.901123 1898.439697
v 2176.117432 853.186401 1900.134888
v 2233.574951 827.469360 1914.183350
v -2500.472412 1095.001587 1863.415161
v -1917.311157 708.526855 1872.207764
v -1856.956909 639.776917 1890.082520
v -1789.155762 599.131104 1882.504028
v -1440.928711 977.276855 1864.009399
v -1233.374023 869.988403 1895.810791
v -1025.353760 732.181396 1852.908203
v -974.801025 664.124878 1875.347046
v -851.213745 595.620422 1841.306152
v -787.424988 581.953857 1816.276733
v -687.846741 640.064331 1862.342773
v -569.123718 694.225159 1895.650269
v -264.902496 751.634338 1863.076782
v -202.884003 837.775085 1901.320312
v -70.541000 932.317139 1859.330444
v 84.576752 1009.801880 1890.016968
v 191.825256 995.399109 1876.413574
v 276.042267 986.756165 1867.375122
v 330.855988 1053.701660 1891.926880
v 601.369019 949.389893 1898.987671
v 741.065735 860.706604 1896.134644
v 1024.243042 744.702393 1887.724243
v 1104.035767 827.168884 1891.601074
v 1457.796753 641.333130 1876.497314
v 1548.851074 633.896118 1840.300415
v 1617.431519 595.772644 1767.037720
v 1735.452515 619.328369 1893.896729
v 1935.933228 775.409119 1877.818726
v 2352.941895 767.050171 1880.965210
v 2499.308105 672.405579 1841.545410
v -2500.029297 1052.856934 1799.736328
v -2286.028320 952.808594 1781.746338
v -2000.645142 737.093384 1819.416504
v -1855.059326 629.293640 1822.186890
v -1702.851074 566.611084 1799.810303
v -1584.583252 654.606079 1814.440918
v -1505.855469 876.404114 1830.852661
v -1333.422363 922.419373 1828.741943
v -1200.135010 805.668335 1838.369019
v -1104.034790 801.296570 1842.450684
v -1045.788818 679.166382 1790.448730
v -967.179016 638.885132 1789.446533
v -690.367004 600.966614 1807.210815
v -642.508484 681.715637 1815.042236
v -583.978027 648.992371 1762.102783
v -453.159241 780.598633 1844.316772
v -358.076233 762.961365 1838.449951
v -168.611496 717.856140 1798.896729
v 113.688499 956.384583 1810.922119
v 183.815491 940.772888 1822.670898
v 325.119263 992.333374 1807.269287
v 386.435242 966.743652 1785.029419
v 541.714722 988.390869 1840.077881
v 630.408997 903.624573 1823.875366
v 794.174500 781.443115 1822.771240
v 911.760498 657.085876 1767.633179
v 979.356506 686.114624 1838.049561
v 1059.838501 739.667603 1843.601440
v 1204.704468 651.929626 1843.323486
v 1262.972290 567.283875 1789.595215
v 1347.408569 606.627136 1804.445557
v 1443.333496 618.768372 1802.979492
v 1668.327393 625.000610 1855.020020
v 1837.812256 707.083374 1814.705200
v 1982.692505 784.234619 1819.015259
v 2045.038696 850.012146 1821.503906
v 2101.089844 819.712097 1826.456421
v 2170.646240 852.726868 1798.325195
v 2260.037354 780.121155 1772.993774
v 2307.161865 773.763916 1752.510986
v -2242.686279 911.339111 1726.690674
v -2172.401855 827.011353 1707.828857
v -1956.211426 675.983582 1766.260010
v -1647.718994 571.867126 1773.313965
v -1382.703247 926.568420 1770.645630
v -1332.240479 910.519348 1780.856079
v -1235.950439 871.212830 1792.435913
v -1156.604004 799.884155 1779.902466
v -880.179504 588.505859 1767.838745
v -526.292053 695.236633 1734.419189
v -462.294769 721.380920 1798.545288
v -342.446228 753.539612 1777.816772
v -222.348007 708.238831 1772.444458
v -31.886749 878.722107 1802.476929
v 71.864502 880.410828 1784.574097
v 269.490997 925.572876 1768.751343
v 477.469513 921.701355 1759.989868
v 574.325745 884.920349 1793.760132
v 737.341736 796.056641 1766.207031
v 825.890991 651.602844 1745.964966
v 1069.167480 611.419861 1781.338257
v 1667.668213 578.745850 1791.569946
v 1760.797485 676.516357 1765.179321
v 2436.615479 679.216125 1762.894531
v 2500.000488 638.271606 1792.929810
v -2399.742432 977.409607 1700.996582
v -2076.057861 750.904358 1718.304565
v -1839.598267 484.653625 1671.688599
v -1733.181519 490.584106 1723.879272
v -1571.998901 665.363586 1716.287231
v -1466.526978 873.164124 1748.789917
v -1285.923462 778.680176 1701.579834
v -1210.638306 707.089844 1667.674805
v -1115.987305 704.530334 1703.763916
v -1041.823730 679.907837 1732.926514
v -961.317017 609.013367 1702.005005
v -891.714966 539.876099 1633.109253
v -809.141785 549.568909 1719.024780
v -719.759766 543.735413 1720.802734
v -576.037781 556.682861 1689.862305
v -439.239746 718.801636 1748.340942
v -344.068512 704.848877 1735.206299
v -123.428749 649.469604 1721.508545
v -28.547249 671.981079 1682.079224
v 14.162999 844.349121 1734.130371
v 124.545250 851.356873 1739.484619
v 335.302002 859.280884 1709.564331
v 588.278015 829.962158 1727.370361
v 599.731506 695.522583 1657.406250
v 1014.227539 537.454834 1744.311157
v 1128.201294 470.781616 1718.824707
v 1215.898804 370.069641 1654.127441
v 1414.646240 470.381104 1710.751953
v 1520.477783 508.806335 1737.332642
v 1692.955078 579.322632 1687.019653
v 1856.906006 748.004150 1722.129028
v 1924.483521 818.871643 1709.106934
v 2038.024414 807.667847 1740.483765
v 2095.959961 859.329651 1742.424316
v 2126.951660 824.365356 1712.586426
v 2502.015381 633.453613 1741.333008
v -2071.171387 659.336365 1619.724243
v -2037.815552 613.155579 1587.674438
v -1414.429321 822.250366 1684.953979
v -1259.836182 771.434387 1674.088501
v -1057.513428 691.522339 1662.821045
v -992.801270 625.540161 1673.058472
v -775.332520 505.162109 1648.708740
v -434.934723 579.186646 1689.613647
v -264.306244 586.181885 1692.376465
v 174.698761 767.986572 1667.885254
v 244.370743 789.005615 1693.253540
v 391.818481 819.547119 1674.734863
v 464.100006 768.234619 1670.055786
v 760.903503 668.799316 1691.692993
v 790.468506 638.019409 1662.351685
v 885.555481 518.570129 1649.582275
v 980.490295 506.363098 1657.527832
v 1324.898438 440.794128 1682.234253
v 1518.882080 463.877869 1672.045898
v 1630.728027 581.022644 1701.466187
v 1995.296509 841.261841 1637.579102
v 2185.841064 838.308411 1645.962891
v 2275.611328 797.712158 1663.738281
v 2353.172852 727.709106 1656.590210
v 2495.521973 578.222656 1694.070190
v -2382.767090 884.374878 1601.780151
v -2317.166748 818.241333 1563.572144
v -1701.761230 414.072632 1639.562500
v -1614.688232 505.857635 1619.521484
v -1505.905029 599.334900 1550.896973
v -1445.402466 791.045349 1633.364258
v -1357.290771 807.242126 1645.673096
v -1197.929077 707.739380 1607.468750
v -999.779236 587.568665 1609.316040
v -744.417725 467.004883 1607.163818
v -687.867981 478.488129 1637.094482
v -362.094025 537.770874 1640.115723
v -198.988495 486.071869 1629.383423
v -52.976749 416.060638 1547.698730
v 25.252501 605.412598 1641.414551
v 72.135498 633.862854 1619.698975
v 129.443756 590.664124 1606.614502
v 267.203735 738.957642 1617.321289
v 350.102509 692.964844 1615.511353
v 554.619019 643.066650 1582.615723
v 788.798767 490.257629 1568.861206
v 1025.105957 404.433380 1600.616699
v 1089.284790 365.289856 1608.776489
v 1299.473267 313.831116 1613.860718
v 1375.811401 350.384369 1602.846069
v 1439.926025 371.422119 1633.577759
v 1594.228760 486.210632 1570.053467
v 1648.192993 496.371643 1589.560547
v 1699.320801 613.250854 1614.660034
v 1805.954468 722.035645 1601.468384
v 1914.358521 773.407654 1651.504028
v -1986.431519 507.496124 1528.357056
v -1899.479492 486.725128 1572.877319
v -1720.313965 389.200348 1579.447998
v -1441.535889 682.231628 1560.541016
v -1287.879028 737.476135 1590.909302
v -1109.025269 629.238342 1581.068481
v -993.997742 538.937866 1525.929199
v -916.375732 489.146118 1514.206299
v -808.768982 464.586365 1564.865234
v -711.591248 426.919373 1571.333496
v -606.288025 379.223877 1578.353760
v -401.018005 363.998627 1576.909546
v -342.135254 378.949890 1583.127441
v -259.923492 417.229858 1597.083496
v -15.913749 543.448608 1589.314209
v 157.355988 543.454346 1540.685059
v 228.404999 564.941650 1549.892822
v 438.336243 610.126587 1555.599487
v 629.150757 574.838318 1554.421753
v 924.303223 405.218353 1570.518066
v 1524.872314 406.063385 1586.449463
v 1935.417725 799.955872 1562.348755
v 2082.662598 851.217896 1589.588379
v 2239.403320 775.452881 1586.467529
v 2344.978271 707.917419 1556.375000
v 2408.463867 627.456116 1578.542725
v -2499.936035 944.336365 1639.526611
v -2288.226318 733.778381 1469.246216
v -2180.855225 655.689575 1477.962769
v -2095.701660 593.734863 1508.968750
v -1845.271484 376.939880 1515.109497
v -1741.809448 293.507874 1497.417847
v -1594.154663 421.109375 1520.136475
v -1386.337280 672.463379 1498.154053
v -1296.247192 662.867859 1503.670410
v -1232.241943 634.353882 1528.840576
v -1182.465210 591.580627 1468.385010
v -1053.334229 586.713379 1536.403809
v -867.142517 432.826141 1466.765991
v -764.356995 402.879364 1500.290771
v -663.425720 376.104858 1533.298950
v -574.635498 272.877380 1511.375977
v -309.940979 312.883606 1515.065796
v -277.777771 292.851135 1540.404175
v -218.182999 296.266632 1497.097534
v -172.705002 327.814880 1536.329224
v 65.395752 424.703857 1519.224487
v 329.720490 401.895630 1453.196045
v 501.248230 487.461365 1511.476807
v 704.334961 386.503357 1494.677002
v 1038.928955 274.573853 1509.615723
v 1203.047241 281.996887 1559.658569
v 1377.411743 263.072388 1537.804688
v 1474.814819 326.957886 1496.835938
v 1786.842285 667.858887 1476.366699
v 1888.702759 757.743591 1553.194580
v 2085.303223 833.053345 1517.386963
v 2152.140869 808.052368 1520.869995
v 2197.061768 812.121643 1496.605591
v 2441.712891 588.244629 1490.386230
v 2498.331543 508.812134 1491.411499
v -1647.099243 312.270874 1463.482788
v -985.368469 507.881897 1450.098022
v -956.928467 457.572144 1436.296509
v -717.908752 339.520874 1437.822266
v -547.209717 216.266861 1444.429810
v -369.740234 219.571350 1494.692749
v -184.356491 231.874115 1449.838501
v -105.869247 345.689880 1491.886963
v 2.495000 377.012390 1474.166260
v 173.057495 406.517120 1482.127563
v 806.348022 329.231628 1484.573730
v 833.847229 256.394623 1422.403687
v 897.664246 258.167358 1456.315552
v 1159.942749 179.694351 1439.069214
v 1326.930786 244.783356 1457.618286
v 1601.219482 454.813110 1461.058960
v 1666.683594 542.981384 1470.945679
v 1843.434692 768.782166 1489.899536
v 1925.817505 782.941650 1437.492432
v 2008.295044 856.434082 1392.623657
v 2074.747559 829.538086 1462.576660
v 2223.647705 754.291870 1430.613037
v 2306.238770 694.529907 1493.484497
v -2402.488770 734.217896 1401.130981
v -2196.587158 592.922363 1386.310669
v -2087.750000 463.051086 1342.199219
v -1916.382202 352.462830 1395.467285
v -1747.166260 278.852386 1429.466064
v -1574.032349 380.386597 1381.873535
v -1475.763550 518.598633 1376.172729
v -1475.137695 512.945618 1419.590698
v -1401.234253 566.000122 1407.146484
v -1180.697144 503.172363 1397.820923
v -1120.952759 526.461365 1407.806274
v -822.082214 383.648865 1419.831543
v -729.992249 302.685822 1352.336060
v -648.722229 300.427582 1410.954956
v -510.635254 168.279114 1381.135010
v -411.268250 208.361359 1453.239990
v -297.017761 182.631363 1402.598022
v -230.892258 186.967850 1432.116699
v -108.122498 142.931107 1359.810181
v 3.212000 234.604111 1400.836182
v 98.940750 323.253845 1411.524292
v 242.566010 389.576111 1432.251221
v 488.843994 347.622131 1425.351440
v 580.808228 386.170135 1439.394287
v 600.843018 289.926605 1401.385742
v 707.109741 306.094391 1438.215454
v 898.319458 167.126846 1366.794922
v 1007.254700 172.174606 1406.116699
v 1246.633301 142.221115 1403.104736
v 1425.061035 285.661377 1445.072510
v 1556.151245 340.139587 1383.205078
v 2139.947998 834.048889 1401.692871
v 2398.990234 632.082336 1439.394287
v 2500.000488 461.474121 1439.394287
v -2499.717773 748.459106 1400.726807
v -1998.758789 421.570099 1360.980225
v -1741.106689 219.476852 1377.195923
v -1642.969971 236.657608 1333.649780
v -1266.105103 522.320862 1377.033936
v -1078.639771 455.186584 1389.885010
v -939.698730 406.016357 1356.015503
v -824.439209 341.308319 1332.094604
v -583.419495 230.051865 1373.932251
v -413.764252 138.409607 1365.655762
v -169.337006 170.944351 1357.990967
v 130.567749 163.128601 1325.052979
v 411.330750 294.343079 1368.752686
v 503.315979 221.907852 1361.611206
v 594.083740 243.819351 1341.934448
v 654.067261 211.866119 1359.808228
v 728.065247 236.298615 1381.917236
v 1029.900757 147.189346 1346.453369
v 1106.652710 131.781616 1395.338013
v 1366.386108 195.130859 1373.455566
v 1490.846802 261.348328 1381.444214
v 1817.634033 723.487122 1376.789429
v 1877.423340 817.037354 1349.468384
v 2088.684814 813.963135 1356.331299
v 2297.980225 721.757141 1388.889160
v 2353.570557 612.383118 1366.397949
v 2443.768066 552.380859 1384.059204
v 2500.000488 450.150116 1388.889160
v -2381.525146 657.365173 1270.866699
v -1949.760986 314.439850 1310.809937
v -1772.253784 196.087357 1322.912720
v -1478.585449 454.095856 1311.856934
v -1358.278931 512.816589 1316.010010
v -1254.413696 465.662842 1250.951782
v -1185.997437 454.749084 1304.875732
v -1110.684326 484.577850 1342.990967
v -1039.619385 441.242096 1296.403809
v -676.705017 252.920609 1334.556641
v -498.208984 163.043610 1336.930786
v -359.806000 97.546349 1346.407104
v -209.036499 95.352104 1266.679321
v -6.623500 177.715851 1341.197754
v 239.225250 221.671356 1329.991699
v 357.133240 214.379105 1329.730469
v 749.579224 159.146866 1334.076782
v 926.184021 88.445854 1286.757446
v 1186.044434 108.270599 1348.052002
v 1503.190552 245.831589 1261.193237
v 1653.002319 477.600342 1307.359009
v 1736.738403 603.901123 1278.906982
v 2008.624512 829.913879 1335.965820
v 2198.761475 793.562134 1312.360107
v 2265.913574 698.013611 1331.426270
v 2497.047852 399.745087 1340.886230
v -2284.435791 602.726074 1250.288696
v -2151.794922 496.071106 1264.790039
v -2086.905029 405.995575 1235.601318
v -1880.097046 266.836334 1273.849731
v -1661.624756 239.292847 1287.941162
v -1481.031738 419.822845 1238.945679
v -1385.463745 499.518829 1273.425659
v -1337.069946 461.829346 1266.872803
v -1101.729004 437.606323 1283.147705
v -1014.106995 386.275085 1243.512695
v -917.882751 353.756348 1257.261963
v -863.385498 325.852325 1251.817749
v -783.526489 280.680847 1244.318237
v -566.519714 162.341599 1241.947021
v -458.327728 102.456604 1285.915283
v -382.154480 114.208099 1279.806763
v -294.617737 90.392853 1292.804199
v -163.628250 76.067101 1290.933228
v -18.092501 83.464088 1207.748291
v 15.231501 100.254097 1281.052490
v 87.757256 134.883591 1278.451782
v 160.983002 145.894592 1269.986084
v 242.490250 125.102097 1276.307495
v 317.822754 158.667603 1265.535767
v 401.361267 124.050346 1262.136719
v 552.356506 123.228592 1261.615967
v 660.453003 116.527596 1277.130981
v 731.030762 114.421349 1273.618042
v 1087.817749 129.363342 1295.463745
v 1198.310059 81.125847 1282.109253
v 1339.954224 124.070351 1269.446777
v 1417.922729 157.883347 1294.940674
v 1561.769775 365.822083 1280.657471
v 1792.311768 732.587646 1287.882446
v 1900.096802 788.257874 1255.646729
v 1986.448486 852.985840 1247.646362
v 1994.950073 889.792847 1287.878906
v 2078.753418 852.095154 1287.715088
v 2291.673096 690.239380 1273.723267
v 2342.693848 603.889648 1262.344727
v 2401.152100 526.451355 1271.609009
v 2500.000488 421.356079 1287.879028
v -2401.951172 613.300537 1190.677979
v -1839.439453 212.267090 1234.682739
v -1726.109009 150.020584 1220.983032
v -1624.048950 199.446838 1223.689819
v -1539.827759 360.854340 1190.864502
v -1167.727417 447.992828 1210.897827
v -1096.267456 390.660583 1212.233521
v -893.360718 333.434845 1233.346680
v -669.284546 218.823837 1241.254761
v -580.808228 174.112091 1237.373901
v -529.870728 130.638092 1213.637939
v -488.154266 101.804596 1175.992676
v -322.121735 91.345589 1209.710205
v -256.747253 79.591583 1156.390259
v -70.309250 55.492092 1198.498047
v 462.334991 60.542595 1194.731934
v 671.294739 52.915092 1193.661987
v 961.494507 54.565094 1236.357788
v 1097.068970 52.394588 1221.465942
v 1628.470825 410.673340 1211.313965
v 1690.083740 532.657837 1216.774170
v 1807.004028 690.866821 1205.911255
v 1843.434692 788.255615 1237.373901
v 2120.578857 814.910095 1226.742676
v 2158.019043 789.995605 1248.918579
v 2280.899414 676.979309 1176.234497
v 2444.889648 430.198853 1197.849243
v 2502.228516 363.113586 1234.765259
v -2381.979736 607.851074 1125.251099
v -2278.175781 557.825317 1190.314575
v -2077.617920 376.938080 1117.118286
v -1970.078003 289.308594 1151.777954
v -1895.558228 203.770844 1122.317139
v -1813.096558 186.324600 1187.504517
v -1682.649780 167.187332 1158.122803
v -1427.719238 480.244568 1192.281982
v -1338.384277 474.985840 1186.869019
v -1259.971924 418.806091 1193.680786
v -992.919250 363.447571 1190.964722
v -901.002258 320.754089 1189.228516
v -418.065247 93.355591 1177.263062
v -219.940506 65.390579 1066.422729
v -159.772247 70.882835 1153.304688
v 109.056000 63.546093 1192.131714
v 245.184494 85.412834 1157.773682
v 359.021515 71.803093 1163.159302
v 866.343994 63.567085 1185.145752
v 1277.891235 63.689838 1111.874268
v 1413.134399 130.447098 1159.221802
v 1526.278687 252.567352 1126.734009
v 1613.746948 372.928833 1108.936523
v 1759.498047 624.501282 1149.563843
v 1847.361206 745.274536 1160.086304
v 1936.530273 864.892090 1181.441162
v 2024.121704 889.246033 1161.946411
v 2096.556641 857.887817 1161.043213
v 2198.793945 803.070557 1183.336060
v 2349.289795 572.375549 1149.486572
v 2415.336182 520.867615 1157.009766
v -2500.039795 639.187012 1177.230957
v -2309.636963 570.678040 1073.168945
v -2157.925293 457.695343 1132.117065
v -1786.353760 155.021072 1099.640259
v -1584.419434 266.658844 1069.391479
v -1445.420044 429.186066 1137.948486
v -1345.412231 440.528595 1136.699829
v -1298.635742 445.407837 1111.341919
v -1237.373901 411.562592 1136.363770
v -1202.280518 354.332092 1093.020020
v -1038.983887 391.594086 1132.492554
v -991.593750 337.383331 1109.765259
v -924.325989 303.141602 1103.670288
v -847.265503 268.274353 1119.855957
v -749.009033 223.022842 1134.304810
v -555.825500 118.725082 1129.167847
v -371.151001 75.604340 1084.911987
v -41.012749 59.146580 1077.373535
v 127.528000 58.182579 1048.899292
v 189.273743 67.091331 1104.749390
v 457.336487 53.814087 1114.087646
v 533.799988 32.583836 1102.887695
v 735.756531 27.426584 1103.450562
v 918.090210 55.154579 1069.928711
v 1102.880005 23.062084 1121.282227
v 1224.252686 47.607330 1073.084717
v 1387.087280 95.936081 1115.196899
v 1699.388794 549.908813 1108.839966
v 1795.814941 640.696838 1103.325928
v 2030.853271 803.802551 1080.469482
v 2186.840820 745.459290 1095.656494
v 2261.636230 728.784302 1107.877930
v 2500.000488 391.772827 1136.363770
v -2226.805176 496.028107 1058.374023
v -2041.218262 336.829346 1065.737061
v -1991.278320 311.416840 1052.055420
v -1683.267944 136.268570 1050.826782
v -1536.884277 366.141602 1055.603027
v -1465.737427 449.023590 1080.391968
v -1364.194946 479.924347 1081.656006
v -1128.788696 399.049591 1090.578613
v -1104.437500 325.242096 1035.039795
v -1019.688232 342.442108 1044.426147
v -963.823486 314.450592 1071.408081
v -732.136475 188.310333 1057.244263
v -655.584534 167.550598 1119.925049
v -480.207001 84.295082 1087.553467
v -423.368500 84.296829 1116.646240
v -2.647250 49.832825 992.614746
v 275.780487 62.022575 1018.955017
v 379.747742 63.308578 1077.944702
v 617.845215 41.740330 1036.800781
v 1360.699097 56.809826 1015.753723
v 1489.899292 180.702576 1085.858643
v 1872.093994 811.281311 1042.924927
v 1954.306763 810.573303 1081.559204
v 2146.465088 840.115540 1085.858521
v 2427.814941 472.557343 1096.746216
v 2500.000488 391.872589 1085.858643
v -2432.002686 635.089355 1006.821472
v -2299.614258 573.069580 997.185974
v -2151.598389 463.042603 1030.449951
v -1741.749512 134.283081 996.804016
v -1704.043701 161.546829 970.450745
v -1324.045288 454.932098 1012.355774
v -1195.852783 377.655823 1032.748413
v -922.698730 274.425323 1027.275146
v -805.448242 218.914078 1025.014526
v -698.851257 156.030579 1008.780701
v -616.495239 115.360077 1030.848999
v -554.422241 88.227577 1046.764282
v -314.371246 59.726570 971.839233
v -173.331497 48.387325 952.757019
v -54.790501 46.556820 965.107727
v 57.611248 51.303829 992.109985
v 501.519012 50.168079 1043.057007
v 738.569031 49.563324 979.920044
v 1126.169434 27.623322 960.908997
v 1456.362305 177.263321 1034.202637
v 1586.122803 328.033569 995.007751
v 1694.149292 518.078064 1025.890015
v 1745.764282 624.626831 1026.715088
v 2045.455200 864.897522 1035.353638
v 2123.001953 825.837769 1033.263916
v 2209.125000 759.642761 1023.099976
v 2283.810059 666.656799 1033.189819
v 2415.993164 532.810303 1039.460571
v 2515.468262 361.643066 1014.900208
v -1864.261963 188.561081 996.659729
v -1645.111450 204.961823 929.088745
v -1517.936890 393.591034 966.002197
v -1435.020996 461.404816 919.244690
v -1387.716309 469.269073 959.087952
v -1252.835693 401.524292 937.179749
v -1115.919678 322.165070 976.403259
v -1007.833252 286.119812 979.745728
v -949.653259 234.359070 951.832458
v -751.242249 181.593826 1000.481018
v -565.574219 46.889072 949.507751
v -464.077728 66.010330 1019.875793
v 31.107500 43.230068 933.136230
v 439.344482 57.790073 969.130981
v 581.173218 53.916573 956.160217
v 842.351501 51.992569 964.016724
v 904.618042 48.601070 932.934753
v 988.217773 27.804321 939.841248
v 1286.956543 43.579571 955.193787
v 1454.200928 134.116318 965.208740
v 1802.437256 645.848328 987.234680
v 1919.000488 807.528076 973.770447
v 1977.607666 867.419067 963.224426
v 2042.419922 795.900574 957.572449
v 2108.851807 850.535583 956.893188
v 2192.745605 727.893311 988.674927
v 2317.655029 680.569824 973.918213
v 2389.973145 569.273071 948.085938
v 2449.743652 455.444580 959.986938
v -2500.782471 629.157776 1058.349487
v -2375.177490 595.634033 939.771729
v -2302.385254 558.017090 891.477722
v -2218.723877 501.953308 930.933716
v -1970.272583 266.796326 940.275269
v -1751.193237 166.491577 929.213013
v -1203.224976 345.415070 889.975708
v -1049.633301 303.680573 935.841736
v -867.104980 233.696823 925.023010
v -768.377747 166.402573 912.226257
v -668.943787 122.983826 934.557007
v -438.630768 57.615822 957.269226
v -281.967010 46.357819 891.045288
v 176.514999 47.275066 905.493286
v 373.363251 56.927063 865.971985
v 524.583008 63.157066 850.503967
v 668.001770 62.227314 857.127014
v 813.192261 57.620564 868.655518
v 1087.147949 58.972317 883.721252
v 1379.435303 73.283318 936.055481
v 1520.534790 249.256332 917.932983
v 1657.797241 469.055298 889.610168
v 1711.177734 590.220581 890.527161
v 1836.314819 746.842590 917.400208
v 2089.008057 860.341064 910.137390
v 2201.322510 847.127319 885.930969
v 2272.865234 720.589844 915.129639
v 2336.869629 648.526306 899.560669
v 2503.534180 460.506561 910.425415
v -2332.604980 597.556274 867.620972
v -2225.865479 524.317810 858.123413
v -2013.161133 322.952301 806.200500
v -1846.000732 173.217316 873.210266
v -1738.824463 145.412567 875.280518
v -1694.150024 174.346054 833.642029
v -1506.459961 449.440582 866.645447
v -1348.691406 453.769806 845.795227
v -1281.472778 372.931824 856.612244
v -1156.505005 260.623077 841.311768
v -1025.857422 234.535568 877.946716
v -946.788025 179.239563 843.707031
v -828.034241 166.410812 860.158264
v -601.233215 63.528313 882.695496
v -516.754517 32.165318 839.731262
v -398.738220 65.748566 877.268005
v -84.091499 33.127815 866.750000
v 97.937500 32.348812 873.598755
v 967.086243 53.580563 814.843262
v 1115.207153 46.677315 848.234009
v 1335.815552 59.915565 851.546204
v 1565.342285 352.207306 874.475464
v 1845.159546 780.434814 880.149963
v 1903.092773 834.436279 881.529236
v 2036.160767 836.096802 886.199951
v 2146.465088 779.533813 883.838684
v 2495.428955 482.069305 829.286682
v -2430.400146 631.607056 818.052734
v -1833.340576 174.750320 777.800476
v -1437.735840 478.611053 806.306946
v -1129.137939 250.666565 790.876526
v -793.843506 102.795815 802.711243
v -708.949524 80.995811 833.752502
v -590.139771 45.033810 803.038269
v -406.873260 27.022308 795.134460
v -308.818756 28.885813 824.364258
v -213.008499 29.423563 828.067505
v -176.767746 5.586813 833.333496
v -32.449001 26.495060 772.571289
v 224.226990 52.111309 799.673950
v 311.905518 44.308811 832.157471
v 480.500488 71.643799 742.778259
v 625.007996 78.277306 714.659485
v 739.411011 71.601562 769.740234
v 847.865234 71.145302 749.265015
v 1048.945801 37.336552 682.630493
v 1291.711182 83.699310 785.065002
v 1404.181274 99.040565 833.135742
v 1550.007690 272.601318 809.107483
v 1627.300049 435.306305 754.470947
v 1754.858521 649.727051 847.641174
v 1893.939697 783.311523 833.333435
v 1975.583496 893.149109 826.889465
v 2055.689453 881.787842 794.601440
v 2159.208984 832.285278 828.999695
v 2256.412598 762.781799 832.393494
v 2390.491943 675.855835 811.701965
v 2492.891846 512.286316 778.387634
v -2500.605225 637.608826 855.351196
v -2499.652344 631.882080 703.740173
v -2346.910645 600.598328 746.259949
v -2301.904297 559.618042 718.187927
v -2249.793457 511.486542 766.481140
v -2185.424316 494.033081 703.769470
v -1916.363281 240.199310 750.585999
v -1688.224976 166.648056 775.082214
v -1510.692017 453.136566 757.705444
v -1366.407227 471.639587 765.400146
v -1268.974731 350.871796 779.779724
v -1061.431274 174.731323 742.597229
v -965.046204 117.507057 753.060547
v -850.864746 149.251572 787.306274
v -700.128479 68.902306 763.869751
v -296.444000 52.967056 780.315002
v -139.621490 8.039309 766.323486
v 103.895248 25.620808 782.308228
v 404.808746 53.698055 740.755493
v 923.385742 69.840553 726.931763
v 1240.359497 68.283554 738.366455
v 1391.006226 161.881805 720.949768
v 1467.471680 234.776062 783.842529
v 1778.442749 677.212036 774.930420
v 1842.437256 816.984070 769.566406
v 1966.810181 822.026306 753.970459
v 2164.662842 911.440308 764.498962
v 2267.311523 834.108521 766.545410
v 2335.596924 702.577820 758.381409
v -2118.254150 409.540283 714.145691
v -1692.316772 171.592300 700.414001
v -1636.809692 218.246552 680.575500
v -1540.720215 390.982819 732.395996
v -1439.894165 491.044556 701.427429
v -1341.552490 417.839325 693.797974
v -1210.283569 243.365814 723.199036
v -882.973022 46.467552 681.177979
v -796.984985 55.485302 719.890503
v -624.321777 5.635553 699.853271
v -543.183716 -3.788697 701.450745
v -474.471252 9.865554 712.939270
v -408.697235 4.190555 731.155273
v -334.809998 -16.048197 710.255981
v -248.967239 4.622305 730.754761
v 63.611248 -45.846199 635.114502
v 203.468750 15.948304 712.297974
v 535.036987 85.777046 626.337219
v 986.734985 68.386299 685.421753
v 1483.929932 224.537811 730.648254
v 1653.025024 480.784576 682.640198
v 1864.415771 826.752319 727.674194
v 2012.625732 873.136597 742.491638
v 2098.129395 918.415527 706.534668
v 2247.842285 835.656311 701.735413
v 2399.578613 723.218323 688.428955
v 2496.128174 601.021057 682.555664
v 2500.000488 502.607300 732.323486
v -2397.509521 616.443787 624.205933
v -2029.122070 348.160065 608.080017
v -1993.141113 300.501038 658.293457
v -1853.671997 190.117538 675.525269
v -1769.953003 182.764542 665.383545
v -1553.802002 382.786072 679.937500
v -1228.361206 260.082825 672.356750
v -1051.173462 54.014301 645.155518
v -962.483765 37.718800 670.103271
v -769.782471 -11.488202 645.792725
v -558.307739 -10.682201 643.353210
v -403.718506 -12.430449 671.348267
v -227.261246 -82.582954 654.132507
v -81.647499 -45.238697 668.346741
v 317.615509 47.936050 679.397766
v 432.845001 89.666298 661.977539
v 766.761230 86.423294 649.428467
v 900.023010 86.292542 639.820007
v 1184.485596 90.625801 663.880737
v 1233.683228 131.055038 662.511780
v 1287.714722 129.091797 673.656250
v 1342.709961 195.861542 664.650024
v 1396.853760 262.902557 641.518005
v 1489.941895 260.715057 653.083252
v 1552.172485 366.227051 672.621277
v 1742.723755 626.857849 656.590942
v 1791.197754 784.195312 632.212708
v 1932.093506 886.505798 681.497681
v 2018.689575 983.792297 679.571228
v 2191.079590 954.871521 682.940430
v 2297.980225 857.075806 681.818176
v 2450.192383 634.474060 667.694214
v -2500.579346 637.375061 618.166931
v -2291.349854 566.312073 603.799683
v -1939.030273 291.786316 622.241760
v -1701.693726 182.588043 573.539246
v -1690.305908 184.402054 637.445496
v -1445.923462 444.697052 607.327942
v -1319.434814 226.542038 560.437988
v -1176.751953 109.649544 607.710022
v -994.148010 -4.877954 599.922485
v -907.991211 -33.185955 596.934265
v -678.196472 -25.471205 618.192749
v -468.939758 -49.084454 616.641541
v -387.167511 -125.258705 544.872253
v -130.618011 -162.663452 590.621460
v 218.147751 -15.128452 625.479980
v 339.867493 38.158794 603.120728
v 665.351990 103.989037 507.797485
v 1001.773499 103.351044 633.118286
v 1106.015991 107.498299 599.521973
v 1628.945190 492.649780 560.068665
v 1840.567261 867.778870 590.034180
v 1864.496216 859.552551 551.204468
v 1967.151245 898.074829 640.237915
v 2085.616699 1013.841553 637.573425
v 2162.040771 920.597290 627.533936
v 2269.779297 870.172302 634.593933
v 2348.485352 765.807312 631.313416
v 2398.990234 805.197327 631.313416
v 2500.000488 626.246826 631.313416
v -2088.222900 414.058777 542.109436
v -1985.758301 354.347290 520.746216
v -1842.413574 212.029800 578.211731
v -1609.340820 196.749298 535.389465
v -1522.162842 337.420013 569.050476
v -1400.135254 300.433289 531.493225
v -1047.263550 -44.818455 540.718262
v -806.969238 -87.269958 508.404266
v -734.163757 -45.290958 538.294250
v -681.521484 -66.188454 581.138000
v -563.465759 -53.146957 573.078735
v -281.346741 -229.791702 537.481506
v -160.827988 -192.857712 539.437500
v -51.870251 -150.028198 550.222534
v 172.811005 -134.121964 498.017487
v 258.191254 -45.228706 565.431763
v 401.355499 74.580040 542.473999
v 474.449982 102.474785 503.059998
v 829.402771 102.194542 515.265991
v 1237.373657 181.750793 580.808228
v 1292.154785 180.172546 568.128540
v 1432.384033 253.573288 584.684998
v 1696.721558 661.534058 574.521667
v 1809.872803 767.036560 561.342957
v 1886.869751 1010.499329 488.768433
v 2026.822754 984.197571 593.224182
v 2129.774170 1049.716675 533.924683
v 2172.572021 973.707336 547.476196
v 2222.431152 981.177795 577.574646
v 2292.781494 925.233276 560.790955
v 2346.020508 964.013367 530.750671
v 2394.530762 764.696838 582.481445
v 2496.495361 697.841797 577.985718
v -2500.117920 624.123352 563.943420
v -2186.750000 515.996033 500.426208
v -1882.536011 263.168274 514.796509
v -1776.020020 193.781784 498.118988
v -1124.865234 -18.258963 516.915710
v -983.785767 -58.862461 512.135986
v -905.282959 -82.066711 507.739258
v -548.093018 -88.296707 489.205017
v 256.772766 -90.318710 505.141724
v 322.263245 0.125788 500.823486
v 533.635254 129.224777 471.063751
v 676.782471 112.024529 369.455475
v 947.491211 99.160789 517.041260
v 1058.205200 110.837532 467.771515
v 1206.020020 153.327789 519.160522
v 1388.502686 281.443268 517.767029
v 1502.584717 433.561523 527.572937
v 1703.141846 737.651306 474.793182
v 2011.627441 1032.745728 527.874146
v 2095.959961 1002.492859 530.302917
v 2271.093750 1058.674194 509.352661
v 2451.523682 866.420349 479.709442
v 2500.000488 711.038269 530.302917
v -2337.242920 607.738586 452.383942
v -2072.244873 430.113007 436.418976
v -1715.689575 173.755280 446.207764
v -1611.719482 123.986290 478.955231
v -1526.986206 138.471283 472.273254
v -1420.045532 87.357285 447.946503
v -1336.644531 -17.832218 411.196503
v -1236.896729 -2.726715 456.401245
v -929.771729 -90.473709 463.722748
v -736.225037 -39.059715 431.231262
v -650.282043 -81.833717 434.563995
v -277.625488 -251.928207 393.690277
v -190.924744 -276.353210 466.750519
v -23.095249 -205.874466 478.724274
v 98.431252 -165.739975 441.587738
v 914.351196 112.614029 414.164520
v 1160.165771 166.760284 467.718506
v 1231.222290 240.955780 449.477966
v 1317.909424 258.427765 438.284973
v 1398.566040 335.938263 458.745728
v 1424.152222 338.427032 424.023224
v 1526.261230 428.520538 461.110474
v 1609.927002 604.228333 469.820984
v 1743.313843 883.986816 423.925934
v 1982.346313 1108.860229 483.367401
v 2045.455200 1029.871460 479.798157
v 2177.817627 1134.072266 491.774414
v 2292.096924 1054.745972 441.598663
v 2358.551514 981.173340 462.617920
v 2402.654541 858.849304 480.279175
v 2500.299316 863.334839 430.617462
v -2423.966797 635.086792 402.975677
v -2156.748291 522.042603 430.123199
v -1984.203735 396.633270 381.239197
v -1891.035522 302.408264 409.923218
v -1621.625244 74.058281 391.031250
v -1514.297485 -10.646470 390.807495
v -1165.781738 -22.842972 387.496735
v -1130.293213 -53.071968 432.868988
v -991.670715 5.194781 403.798248
v -850.613220 -4.208968 426.576752
v -722.316772 32.460526 367.748993
v -576.891235 -31.224972 386.294525
v -501.824036 -82.715218 391.283752
v -404.098511 -151.965973 408.476501
v -37.154751 -225.446472 429.401031
v 27.896000 -188.664719 415.412476
v 206.543991 -142.070465 397.024994
v 319.375488 -12.612973 357.205505
v 401.287994 48.749283 441.463745
v 794.321777 115.986534 362.549255
v 984.848755 75.934532 429.292999
v 1123.130249 176.165771 390.099243
v 1614.249756 607.568481 399.793671
v 1686.651733 770.398804 432.103180
v 1847.898438 960.989075 439.493958
v 1962.196655 1096.801514 436.378143
v 2060.469971 1183.325073 424.869934
v 2179.612061 1144.229736 431.598419
v 2259.398438 1169.052979 414.391144
v -2500.238770 634.543213 382.081451
v -2274.578613 594.114746 341.633698
v -2213.038086 536.560486 359.738464
v -2116.918945 484.944031 371.353729
v -1826.285767 287.942780 316.157959
v -1802.553345 221.590027 363.814697
v -1754.853760 196.567535 369.869751
v -1447.945679 -72.938728 342.061768
v -1256.149536 -57.003220 379.733276
v -1077.683228 6.979778 364.186249
v -909.382507 32.705032 386.139984
v -846.838989 94.118774 348.328491
v -774.591980 68.178276 344.592255
v -649.686523 -3.496972 369.726746
v -435.390503 -63.054726 287.326752
v -163.270752 -230.837219 334.777771
v 153.157990 -144.950470 356.242737
v 248.944000 -95.915726 307.505249
v 445.016235 82.712532 357.489990
v 997.167786 142.403534 357.507507
v 1194.410400 210.882019 365.728455
v 1237.398926 213.451035 350.736694
v 1324.556519 347.156281 367.862732
v 1467.241943 511.042023 367.640747
v 1748.586792 964.129517 355.880951
v 1979.659180 1235.138550 361.061432
v 2067.143799 1155.359985 366.814178
v 2137.916992 1259.512329 344.831390
v 2214.412598 1201.428345 378.616882
v 2390.174316 1028.543701 362.421906
v 2500.034180 910.583252 332.751465
v 2500.000488 815.190002 378.787933
v -2441.911133 652.800232 290.832184
v -2143.279541 531.795715 310.046234
v -2023.499023 437.841522 277.024200
v -1917.614502 354.644043 262.606232
v -1641.494507 73.373520 297.963745
v -1551.401001 -31.101976 314.683746
v -1306.481201 -55.514725 323.851990
v -1161.005981 96.574524 279.192749
v -1053.833984 167.575272 282.599243
v -927.576477 164.656036 305.419739
v -344.717255 -127.123489 246.890015
v -250.984756 -206.227234 278.653534
v -52.469997 -150.128738 301.926483
v 28.888250 -127.424469 302.157501
v 148.820999 -170.387970 303.735748
v 361.289276 15.772519 259.785004
v 583.556458 108.792030 361.265503
v 942.668945 133.601013 301.912476
v 1095.363525 168.074768 282.509735
v 1352.965942 375.890289 324.348969
v 1510.767700 503.685028 311.749969
v 1580.133179 670.021240 289.199188
v 1638.240234 725.193726 287.698456
v 1834.602905 1019.769165 328.124176
v 1889.394531 1124.320557 311.336670
v 2016.175049 1234.953491 321.395142
v 2196.204590 1331.944214 287.109406
v 2242.871826 1286.530029 300.802643
v 2300.460449 1185.597534 286.528656
v 2344.505371 1175.724487 310.119141
v 2445.912842 934.470764 302.923431
v -2501.654297 633.289001 237.432205
v -2343.823975 633.045715 254.655701
v -2277.752441 609.937744 283.637207
v -1673.720703 131.210266 226.053726
v -1489.490723 -45.368233 268.367249
v -1400.682861 -36.311230 263.321503
v -817.739502 203.236755 273.058990
v -697.453491 149.611771 259.130005
v -559.376221 101.365768 216.757492
v -504.965485 15.617770 275.709229
v -126.262756 -224.597733 277.777802
v 103.372002 -155.827499 256.110016
v 684.864502 107.700523 256.103485
v 991.187988 132.689011 214.688477
v 1188.220703 248.511276 269.979218
v 1286.128784 352.981537 280.527710
v 1341.487793 337.584534 252.356476
v 1429.293457 486.444031 243.679459
v 1689.999268 914.770508 270.170441
v 1776.535034 1025.858032 284.992889
v 1842.786011 1089.645020 265.108154
v 1954.424927 1185.425049 260.102417
v 1994.950073 1285.687012 277.777679
v 2048.809570 1354.013794 276.713898
v 2395.418213 1066.875488 250.666931
v 2502.161865 982.010254 260.726929
v -2203.042725 564.114258 158.650208
v -2111.341553 539.891785 128.104202
v -2077.038330 486.131744 184.091965
v -1981.643188 406.112762 201.861984
v -1909.348999 374.287262 184.727219
v -1851.026978 301.265747 187.471725
v -1758.283691 268.955505 193.733490
v -1581.759155 78.578262 209.791748
v -1314.372559 110.921516 208.261490
v -1179.735352 302.300507 175.640732
v -1126.346680 272.836761 231.309494
v -1076.182251 414.288483 148.655960
v -976.534241 346.280792 215.012970
v -870.672974 297.922028 216.577484
v -794.380493 333.018524 195.326721
v -416.406250 -11.746235 199.869492
v -180.970505 -218.325989 207.946274
v 198.738495 -136.456985 212.287262
v 523.403198 80.725769 213.104507
v 874.435242 124.545517 180.845230
v 1278.760986 345.218048 223.304230
v 1523.216431 620.665222 237.811203
v 1641.443970 819.309448 201.874680
v 1757.228760 980.810547 196.956680
v 1792.929810 1123.856567 227.272659
v 1893.939697 1203.993774 227.272659
v 1987.602417 1343.479248 193.229645
v 2079.723389 1295.671265 226.211411
v 2196.496582 1316.276611 214.353394
v 2253.199707 1294.616455 198.521912
v 2319.383057 1207.465576 218.645157
v 2374.583008 1209.204590 204.097168
v 2449.495361 1091.138184 227.272675
v -2416.081787 640.203247 137.653961
v -2313.001465 636.168457 167.578201
v -1635.956299 168.106018 159.484497
v -1494.411987 94.404015 179.056259
v -1414.036255 163.793762 170.718231
v -706.046753 281.199524 169.472488
v -108.187248 -180.678238 162.772018
v 150.552002 -158.672989 137.298767
v 324.042999 -10.758242 115.514999
v 1021.669250 154.079025 177.619980
v 1085.858643 216.814270 176.767731
v 1175.056274 226.800522 190.564224
v 1257.837524 359.917267 152.380463
v 1352.228516 404.871490 175.149216
v 1420.313232 525.722717 138.022705
v 1495.865967 549.103027 121.063210
v 1561.990723 698.520508 170.394211
v 1691.919800 978.964478 176.767670
v 1843.434692 1137.992554 176.767654
v 1863.098511 1156.215820 133.344162
v 2075.768555 1454.282959 170.980133
v 2305.946289 1345.245483 147.325134
v 2448.936523 1109.081055 147.776932
v 2500.000488 1037.004761 176.767670
v -2501.714355 650.631226 178.293701
v -1916.364136 401.758759 128.405975
v -1798.933472 290.996246 93.462982
v -1704.268188 231.297501 101.637985
v -1566.032959 206.287766 118.086235
v -1511.240234 291.388519 89.259972
v -1437.198975 359.758484 64.869972
v -1317.700928 342.970001 120.007477
v -1205.373779 446.965240 100.856720
v -1131.611450 424.464264 102.818466
v -984.848755 429.570770 126.262726
v -925.799744 556.917725 67.884705
v -795.450256 451.309509 78.570724
v -562.730713 209.892517 136.096497
v -386.607483 17.880758 101.974503
v -270.251526 -102.929497 79.775261
v -36.425999 -163.673737 75.427765
v 227.619492 -109.193245 89.927254
v 414.855988 53.873760 112.673988
v 866.881226 105.886497 31.649992
v 1085.305664 192.073013 102.260231
v 1136.364014 234.325027 126.262741
v 1257.529053 302.287994 61.135979
v 1582.421753 792.872498 123.203438
v 1674.137451 927.516785 124.143684
v 1769.487549 1123.378540 125.946167
v 1994.950073 1356.999756 126.262657
v 2053.446777 1353.076416 85.579903
v 2155.348877 1444.675781 117.372391
v 2195.439453 1445.009033 109.444893
v 2247.475098 1325.299561 126.262657
v 2348.468262 1287.709961 97.366653
v 2408.189209 1122.902222 88.749916
v 2500.000488 976.573242 126.262680
v -2421.258545 664.244995 75.740196
v -2334.073486 631.430298 58.212456
v -2224.377686 614.317261 71.894203
v -1959.269531 408.014740 73.990715
v -1857.336060 336.004761 64.842224
v -1618.064331 234.733749 72.485741
v -1334.488037 507.929504 -13.405289
v -1050.767822 518.520447 78.326210
v -693.495483 365.085999 72.171974
v -603.294006 273.382751 65.552223
v -477.889496 175.179749 32.306740
v -172.838501 -135.378006 52.351761
v 72.640747 -89.920502 -0.330493
v 256.779755 -31.628498 26.493252
v 356.430725 13.716253 53.354248
v 506.506744 68.038002 44.761497
v 686.321289 88.154259 65.387741
v 1027.292236 149.117493 44.369987
v 1164.459229 206.154251 75.611984
v 1327.833008 430.503021 55.000969
v 1433.702515 551.763245 63.083710
v 1586.247437 792.443298 36.866440
v 1641.414551 815.184753 75.757446
v 1735.471191 1032.755737 45.244175
v 1792.929810 1066.148071 75.757423
v 1867.452271 1272.078979 75.454147
v 1937.775269 1398.641724 50.663143
v 1995.907837 1305.669312 36.628151
v 2095.959961 1459.180176 75.757401
v 2272.977295 1361.373291 39.409897
v 2297.980225 1299.859009 75.757408
v 2500.000488 1059.388062 75.757431
v -2499.825928 634.819275 38.327702
v -2432.715820 652.790039 3.695201
v -2195.989990 567.627258 17.137457
v -2035.418945 480.160248 -66.702538
v -1916.041748 393.947754 -19.109781
v -1767.331909 281.547241 -16.988270
v -1684.021729 210.938751 -24.903765
v -1620.476196 273.933502 -42.398521
v -1379.733398 465.898987 14.910715
v -1280.622925 497.042999 -13.809287
v -1180.693970 578.798462 -48.614540
v -1034.034668 623.950989 2.172453
v -973.405212 656.373718 -55.863049
v -780.480530 525.437988 1.988960
v -558.294983 317.096252 -83.010529
v -254.639740 -26.183752 -19.295748
v 352.061737 32.678501 -9.785503
v 954.593262 84.249489 -81.322006
v 1087.831787 208.825500 24.823734
v 1186.996216 272.383514 26.991980
v 1524.708252 692.826538 11.480198
v 1643.506348 862.064026 -51.005566
v 1867.094238 1211.555298 28.784159
v 2045.455200 1492.104736 25.252388
v 2113.618164 1346.564819 22.949648
v 2196.970215 1465.744019 25.252390
v 2408.359131 1203.535156 3.512909
v 2454.740479 1099.748047 -18.695084
v 2500.000488 1033.202271 25.252422
v -2403.719971 639.101013 -43.223549
v -2293.853027 632.050781 -56.717300
v -2149.327637 567.346497 -67.950790
v -1239.546265 593.203247 -68.158295
v -1118.981445 634.971497 -65.622292
v -851.807495 615.984497 -35.050797
v -661.395264 440.984009 -14.296783
v -422.819244 174.690750 -59.467510
v -361.490234 74.573250 -32.635754
v -104.753998 -89.877251 -36.883743
v 196.667511 -7.881756 -75.248001
v 585.469482 67.674248 -21.303757
v 798.356018 80.446251 -46.763256
v 1176.524292 207.198761 -23.145016
v 1238.284668 350.417267 -24.931526
v 1296.893433 368.588501 -65.716530
v 1363.415771 446.467255 -74.091530
v 1460.531738 511.488983 -12.897038
v 1582.698242 743.109741 -41.337055
v 1734.285522 1080.117920 -14.428582
v 1792.929810 1076.826416 -25.252583
v 1851.588501 1232.371216 -49.406090
v 1944.445068 1271.757690 -25.252596
v 2046.290649 1407.520020 -27.355606
v 2146.465088 1459.978027 -25.252611
v 2219.198975 1347.144287 -26.041601
v 2357.459473 1303.202026 -32.878597
v 2500.000488 959.785522 -25.252573
v -2500.045410 654.112488 -30.730049
v -2095.856445 498.588745 -83.915543
v -1944.908447 387.000275 -95.174286
v -1847.568970 319.088989 -152.185028
v -1782.480713 265.644257 -113.456276
v -1687.679321 215.121475 -143.245010
v -1507.696533 394.975739 -83.902275
v -1480.223999 407.517487 -139.831528
v -1316.477539 579.635498 -121.811050
v -1144.505249 653.951538 -140.522049
v -866.501770 697.075012 -103.640053
v -746.958740 600.928711 -162.649536
v -722.329956 590.586243 -139.521545
v -642.120483 462.150757 -124.709541
v -310.322479 83.206985 -112.475258
v -143.152252 14.466990 -141.814240
v -54.431999 -11.200009 -128.779495
v 312.205994 31.988993 -112.406502
v 482.750244 51.283249 -68.475258
v 658.409790 65.195740 -109.748260
v 1061.862671 139.000977 -113.205505
v 1134.835938 222.886246 -89.352013
v 1177.517822 219.618744 -106.255264
v 1233.349243 302.286499 -97.355270
v 1423.133911 545.996704 -102.247536
v 1534.324585 644.252014 -74.982544
v 1725.377808 952.155212 -75.589569
v 1814.619995 1104.513062 -116.495834
v 1942.466553 1361.454956 -78.218597
v 2039.076050 1321.249756 -126.309853
v 2045.451172 1418.774048 -75.582855
v 2184.321045 1445.360962 -94.320602
v 2226.375000 1429.622314 -84.629860
v 2296.066406 1312.736694 -91.090851
v 2431.423584 1096.467285 -54.969585
v 2500.000488 1047.479004 -75.757584
v -2399.011230 657.990295 -157.420288
v -2312.985596 625.661011 -135.439804
v -1757.363159 260.883514 -165.269012
v -1589.776489 274.237762 -128.392014
v -1069.651489 728.059021 -171.048813
v -983.047485 750.344543 -170.306061
v -383.277496 141.025223 -160.056015
v -214.632248 32.444988 -140.166992
v 53.944000 34.531235 -194.908249
v 209.930496 38.253735 -206.967255
v 330.658997 45.554729 -231.249496
v 467.531250 50.304985 -189.113007
v 817.778503 63.765495 -125.967003
v 1337.949097 333.330750 -173.630035
v 1388.889160 483.476013 -126.262794
v 1501.062744 587.170776 -161.624298
v 1582.322754 773.714233 -143.644806
v 1647.614258 816.179260 -142.875549
v 1691.998047 908.573975 -152.954819
v 1904.265015 1194.004761 -130.298096
v 1994.637695 1367.716797 -155.344101
v 2121.277100 1327.620728 -122.048599
v 2360.695312 1207.358521 -122.354340
v 2456.398438 1109.652710 -143.781326
v 2501.062988 952.358032 -175.128586
v -2383.595947 626.883972 -221.362793
v -2176.640869 552.855225 -203.991043
v -2083.630615 478.360718 -253.818039
v -1931.187988 380.567993 -166.837784
v -1644.104004 228.013229 -215.677002
v -1547.401733 369.033997 -173.237030
v -1401.255493 533.664734 -169.656540
v -1353.755005 542.938782 -206.808548
v -1272.250488 636.562744 -179.917297
v -895.812500 752.389282 -219.473068
v -782.724976 662.251770 -271.886810
v -594.368530 390.767975 -215.859024
v -479.798248 298.826996 -176.767761
v -430.925995 217.939484 -218.354263
v -231.055252 75.814728 -187.437744
v 1057.607056 101.145973 -276.446747
v 1124.755249 178.924973 -200.963028
v 1184.604980 245.996490 -201.358261
v 1246.950562 246.885986 -200.253265
v 1298.250977 335.448486 -206.662033
v 1413.640259 458.863708 -202.790787
v 1439.394287 446.420502 -176.767776
v 1839.514282 1169.282593 -197.080582
v 1937.043579 1212.252319 -182.313599
v 2045.455200 1293.759644 -176.767838
v 2095.959961 1397.404175 -176.767853
v 2193.110107 1359.894287 -174.887848
v 2237.017578 1202.968994 -219.963348
v 2296.483887 1197.479248 -269.677094
v 2359.213135 1123.345459 -185.429596
v -2500.098633 642.665955 -185.241791
v -2272.472900 599.905029 -253.943542
v -2032.715332 418.102234 -270.641541
v -1900.058228 334.907471 -230.644287
v -1789.212280 233.099243 -257.295044
v -1722.171997 213.078232 -260.356049
v -1560.863770 321.491211 -237.312531
v -1470.675659 454.303711 -238.030289
v -1277.615967 632.146484 -273.086548
v -1023.130310 820.188232 -217.121063
v -949.210754 824.935486 -273.699310
v -665.652771 519.229248 -245.650803
v -528.406982 316.852478 -254.355789
v -307.757263 126.377243 -236.072510
v -153.997253 104.479485 -241.667770
v -63.173504 64.574486 -243.448257
v 268.294525 56.875477 -320.062744
v 803.772522 65.505234 -210.286758
v 1369.537476 412.036713 -259.197784
v 1550.836182 566.019470 -247.563538
v 1655.569580 759.038757 -244.511810
v 1691.919800 919.089478 -227.272827
v 1754.411743 906.275757 -249.888062
v 1933.750732 1139.553345 -269.703613
v 2026.837769 1280.949219 -274.478363
v 2064.018799 1342.416016 -229.000107
v 2147.459229 1302.188721 -250.385849
v 2428.804688 1014.824280 -258.532074
v 2500.000488 949.746704 -227.272827
v -2393.624023 623.165039 -323.181305
v -2288.165527 597.866455 -370.538025
v -1888.530273 317.918732 -295.324524
v -1847.658813 274.615234 -356.122009
v -1569.587891 275.283722 -333.630280
v -1454.043701 485.413727 -316.911285
v -1337.141724 587.861755 -306.064789
v -1233.964844 650.472229 -328.627045
v -1138.316040 795.215698 -327.679321
v -1094.011597 832.321228 -363.216553
v -1020.214783 874.792969 -317.386292
v -874.542236 852.695984 -312.944550
v -720.364258 543.192993 -355.418030
v -590.690247 413.974731 -293.798523
v -358.210236 194.456223 -350.622009
v -279.248230 127.981216 -355.644989
v -185.800003 107.129974 -287.763245
v 422.386993 57.687222 -352.134491
v 624.995239 57.334480 -284.312012
v 966.971252 70.944229 -292.950500
v 1157.234131 189.303467 -329.302765
v 1186.868774 200.087234 -277.777985
v 1239.206787 291.386963 -289.435272
v 1314.348999 295.673981 -315.338287
v 1569.390747 636.263733 -308.406311
v 1665.936279 814.201477 -302.378296
v 1787.683472 1015.411499 -309.312347
v 1871.222534 1161.891235 -267.153595
v 2161.973877 1194.826294 -319.202332
v 2343.970459 1086.837524 -290.859344
v 2500.000488 878.114014 -277.778046
v -2446.257812 642.594543 -330.117554
v -2221.063721 544.050964 -359.672791
v -2062.809570 446.853729 -356.994019
v -1711.570801 170.211716 -350.951752
v -1644.085815 183.328720 -341.540985
v -1390.259521 513.835510 -347.568024
v -1255.422974 595.299011 -390.534271
v -938.743774 910.381470 -344.049316
v -703.169495 523.503479 -389.893768
v -528.559265 347.293213 -381.854523
v -62.085247 100.133720 -350.666504
v 134.565247 68.432976 -330.480743
v 245.372253 83.739967 -483.031525
v 799.666199 54.451721 -370.094757
v 1067.788940 65.083481 -327.491760
v 1233.057007 234.717468 -338.187531
v 1475.765015 358.542480 -429.768036
v 1503.304688 518.760742 -336.313049
v 1670.403687 682.695251 -351.627045
v 1740.221069 869.807251 -346.226318
v 1891.804443 1094.438599 -328.066833
v 1954.388916 1086.532227 -338.475861
v 2028.243286 1189.654419 -366.099823
v 2085.559570 1151.557983 -331.214355
v 2232.412842 1138.090210 -329.776855
v 2316.298828 1050.423706 -369.698853
v 2366.514648 963.680054 -355.076538
v 2440.063965 948.152222 -334.331573
v 2500.000488 904.414795 -328.282806
v -2499.486084 629.153748 -281.983826
v -1853.636230 236.958466 -445.837036
v -1524.223755 357.917969 -377.583527
v -1347.161743 541.376709 -436.067780
v -1093.544189 789.386902 -476.475067
v -1042.332520 920.960693 -411.368317
v -982.894470 959.494751 -392.654297
v -855.599976 792.901672 -440.987549
v -607.020508 398.314972 -398.820801
v -438.969757 223.673462 -404.063293
v -208.256744 111.502724 -391.727234
v 98.693253 90.798218 -426.271729
v 423.220978 66.057709 -483.359253
v 599.179260 57.700710 -481.189240
v 983.066284 34.356968 -423.951752
v 1072.898804 92.433220 -408.789001
v 1286.952026 227.847214 -387.589050
v 1667.049805 594.163940 -464.101013
v 1793.071289 849.698975 -405.891052
v 1872.301514 976.510742 -377.424561
v 1970.555786 1095.622559 -415.601593
v 2100.224854 1121.496582 -392.586823
v 2175.654053 1191.314697 -382.713074
v 2206.985352 1060.819214 -421.712585
v 2424.763916 887.141968 -404.941040
v 2500.000488 858.285461 -378.788055
v -2404.149658 620.064209 -452.722809
v -2345.975586 577.011963 -445.472534
v -2268.953369 559.719177 -428.956024
v -2018.742065 361.206238 -429.618256
v -1958.719727 325.727448 -472.504517
v -1712.929443 121.202225 -444.764496
v -1624.984253 176.855225 -433.998505
v -1476.728149 422.442474 -458.963287
v -1403.995483 517.479431 -446.214539
v -1287.879028 608.797668 -429.293060
v -812.916992 638.385681 -470.710297
v -693.077515 522.092957 -441.309265
v -335.724518 186.728470 -426.781006
v -295.041260 125.795471 -447.971771
v -216.217499 148.116974 -460.875977
v 68.680252 108.985222 -453.561981
v 821.147278 46.108456 -532.796753
v 1165.888306 108.406471 -433.180756
v 1239.788086 181.555466 -490.638245
v 1394.359497 277.078949 -464.508545
v 1544.469238 529.536682 -422.475281
v 1738.351929 801.810669 -456.391815
v 1844.008423 940.112183 -454.720795
v 2042.577515 1095.263062 -459.528076
v 2146.465088 1064.765259 -429.293091
v 2247.475098 1078.687012 -429.293091
v 2401.631104 908.411926 -471.018829
v 2500.000488 779.000488 -429.293060
v -2340.057861 583.416443 -525.671082
v -2167.641113 506.263702 -478.039520
v -1805.567993 157.345200 -517.698975
v -1584.674683 206.117706 -506.580017
v -1286.705200 573.772400 -523.231812
v -1219.145996 605.369690 -478.538025
v -994.192017 881.981201 -477.200806
v -693.095032 468.742981 -514.839294
v -588.498230 356.125488 -532.000488
v -419.186279 208.263214 -483.263275
v -197.156509 133.987198 -519.541748
v -79.492004 121.541962 -538.082458
v 106.926498 103.040207 -507.869720
v 686.990967 53.498951 -583.934998
v 1065.467773 71.891960 -520.933777
v 1197.937744 110.480453 -566.034241
v 1335.322998 249.010452 -511.697784
v 1536.888428 453.761719 -478.112793
v 1611.631470 470.001740 -488.103546
v 1974.970215 994.220459 -475.645813
v 2093.891113 1063.980225 -480.715088
v 2135.083008 1077.447998 -498.577087
v 2196.970215 970.828918 -479.798309
v 2257.170166 1026.275513 -492.231354
v 2500.044922 750.080139 -475.055817
v -2499.533691 636.603943 -477.033813
v -2415.761475 610.025452 -567.611816
v -2060.585449 388.575226 -535.438782
v -1997.522461 308.015961 -552.951965
v -1861.078735 231.058212 -528.893005
v -1691.878540 115.467209 -528.055725
v -1528.627808 324.066223 -606.019958
v -1397.791260 451.397949 -528.801086
v -1323.342407 536.878723 -529.327576
v -1241.017456 551.555664 -559.291321
v -1138.444336 604.625671 -576.421570
v -1011.257263 694.717468 -552.008789
v -896.518555 642.086182 -549.370605
v -521.920532 255.390961 -577.063721
v -332.025726 166.923706 -554.606506
v -254.480988 148.461945 -561.693481
v 43.560749 113.014214 -535.221008
v 423.849762 83.508209 -615.557251
v 1004.654053 47.686451 -585.219971
v 1319.373047 162.656952 -595.072754
v 1394.122192 215.582199 -573.279236
v 1497.317749 311.865723 -546.912476
v 1628.349976 483.182465 -562.979553
v 1694.880981 591.515747 -559.767517
v 1740.481445 622.311951 -555.676819
v 1789.884399 702.348938 -534.933594
v 1862.408813 702.553467 -598.826599
v 1959.743286 839.465698 -567.117310
v 2012.443359 992.942688 -534.372009
v 2243.752930 963.335693 -531.769592
v 2307.638672 899.123962 -539.817322
v 2375.488770 763.344727 -551.893311
v 2502.853516 694.166199 -540.352051
v -2303.299805 577.356201 -634.122314
v -2112.284180 415.079193 -603.410095
v -1969.474243 316.801941 -648.361267
v -1844.642334 198.486206 -623.068726
v -1688.405518 155.000214 -627.326233
v -1610.911987 196.794205 -642.884705
v -1466.737305 415.354218 -568.545593
v -1379.203247 505.807953 -577.952576
v -848.304749 547.163940 -614.999512
v -735.208496 482.215973 -580.911560
v -696.307007 363.067169 -665.036499
v -625.006287 352.306458 -600.758484
v -460.916748 221.626205 -615.191772
v 78.533745 119.617455 -638.785034
v 592.899719 64.423698 -635.260254
v 673.922791 57.848953 -646.988770
v 753.780273 50.471699 -632.080505
v 924.287476 31.464952 -659.763733
v 1119.441772 33.246704 -616.702759
v 1191.963501 64.832199 -643.320496
v 1335.487671 109.153198 -681.018982
v 1459.771973 240.259705 -624.590515
v 1589.625732 388.717438 -615.647949
v 2040.150146 825.614929 -639.370544
v 2088.095215 872.742432 -617.418274
v 2164.330811 886.899170 -619.228088
v 2246.477539 845.751160 -612.089600
v 2323.446533 755.519470 -653.171326
v 2406.855225 739.739441 -612.200806
v -2433.482178 611.672913 -668.135803
v -2200.991211 485.742920 -655.169312
v -2037.473877 367.837189 -625.843506
v -1895.759644 257.720428 -636.360535
v -1754.227051 157.246201 -631.166748
v -1309.624512 457.722931 -683.970032
v -1227.037598 508.307465 -672.105530
v -1137.801025 534.726685 -646.016296
v -1013.576294 563.208435 -633.058289
v -802.651245 416.591431 -707.911804
v -378.285248 165.251205 -681.496948
v -299.723511 154.004456 -626.065491
v -226.873245 142.696960 -640.668274
v 251.660995 108.972694 -668.968750
v 1023.746033 13.215949 -671.536255
v 1622.094727 397.173706 -723.794983
v 1647.119507 381.501434 -660.333008
v 1739.110962 507.774719 -685.839294
v 1829.646484 666.631958 -662.018066
v 1893.939697 679.668213 -631.313354
v 1952.077759 800.094177 -637.064575
v 2449.495361 598.851196 -631.313354
v 2500.927246 610.659729 -637.243042
v -2499.806396 619.329468 -616.051819
v -2352.751221 603.286194 -708.793274
v -2269.632812 538.336670 -686.482788
v -2117.793945 447.222443 -736.611328
v -2071.371338 374.231201 -672.796997
v -1883.756470 251.282196 -698.877502
v -1706.714966 192.399185 -720.145508
v -1611.918213 265.246918 -716.534973
v -1537.791992 298.365692 -695.479004
v -1414.911743 454.051422 -686.694092
v -1079.102295 474.816681 -732.200317
v -1016.321533 545.441223 -703.729797
v -903.128723 469.714691 -702.611572
v -842.314270 469.013184 -695.999573
v -541.018738 245.467453 -684.149048
v -489.195770 165.364441 -717.713501
v -130.789505 146.077438 -768.983032
v 508.936768 82.333946 -745.282471
v 1108.741943 46.238945 -686.026001
v 1278.514038 99.009697 -714.598755
v 1385.454590 137.940964 -686.117249
v 1474.157715 216.074188 -744.039490
v 1552.555420 284.629944 -711.830994
v 1822.802002 552.767700 -705.629578
v 1923.944946 704.581421 -719.739075
v 2122.903076 690.471680 -713.729797
v 2191.964111 773.120911 -717.800293
v 2249.647217 732.218445 -687.940857
v 2386.605225 679.780212 -679.431580
v 2500.000488 498.312683 -681.818298
v -2500.665283 624.963928 -738.411316
v -1972.993774 340.234192 -774.217712
v -1777.872437 260.034454 -748.940247
v -1505.138794 428.305176 -773.766846
v -1412.217529 437.964447 -769.450317
v -1303.138916 436.134186 -733.045044
v -1209.664185 439.529938 -736.272034
v -1136.722168 497.160187 -737.846069
v -1036.317993 501.222198 -781.569519
v -751.590027 382.537445 -749.148254
v -670.276550 291.321686 -734.646240
v -606.479248 219.973679 -737.394531
v -440.400238 152.470947 -789.177490
v -306.085999 151.808197 -683.053955
v 27.538250 147.019943 -807.490784
v 667.268982 69.978447 -743.276489
v 1048.248779 47.443943 -756.938782
v 1165.499390 22.244690 -771.457520
v 1230.045166 72.635185 -768.000732
v 1350.232056 128.936691 -771.268250
v 1602.106445 350.759949 -752.676270
v 1710.414307 461.319458 -766.366089
v 1784.534180 565.100403 -734.782349
v 2010.642090 675.424683 -736.588318
v 2306.770264 700.682190 -738.079102
v 2403.226562 571.678162 -765.207581
v 2500.000488 440.713196 -732.323608
v -2231.517334 533.816467 -843.672363
v -2139.992676 464.865692 -807.561035
v -2066.057617 403.377441 -788.069031
v -1913.485718 324.711670 -761.265747
v -1733.206055 274.579193 -849.534729
v -1688.551514 269.143707 -813.458496
v -1327.286987 479.411194 -783.505066
v -1165.592163 488.253174 -884.203796
v -999.713806 481.800201 -804.907104
v -859.033508 434.333679 -795.395325
v -740.578491 319.268951 -805.742737
v -544.387512 154.196945 -825.169739
v -318.058990 150.478683 -776.915222
v -54.109749 173.092163 -934.616028
v 165.108505 137.313187 -793.914246
v 345.144989 122.235695 -808.727478
v 659.565247 72.718689 -851.791992
v 888.248291 112.842674 -963.370483
v 960.545776 62.141937 -833.559998
v 1287.879028 63.424442 -782.828491
v 1434.307739 226.877441 -779.807739
v 1594.978027 380.453186 -853.209473
v 1826.532959 537.131958 -770.993835
v 1893.939697 608.334961 -782.828552
v 1951.958740 591.206970 -803.989319
v 1994.950073 684.082214 -782.828552
v 2118.859375 683.174683 -783.027832
v 2227.609619 623.607666 -793.502014
v 2301.700195 540.739441 -812.121582
v 2500.000488 452.571167 -782.828552
v -2499.735840 641.627197 -871.193054
v -2386.158936 614.472473 -877.112549
v -1931.486450 396.649445 -873.383972
v -1636.056763 323.949921 -846.128784
v -1455.247559 498.396698 -830.673828
v -1385.224243 499.736176 -838.166077
v -1263.904175 466.178955 -829.640015
v -926.519775 487.399200 -867.655579
v -777.700500 388.666168 -896.434021
v -681.506287 258.550690 -853.278748
v -492.944733 134.547928 -872.798279
v -417.933258 148.949692 -857.849243
v -267.056763 154.890945 -872.569031
v -199.899490 169.589920 -938.681030
v 484.559509 118.172180 -904.420227
v 745.765747 89.483681 -877.076721
v 1039.882324 82.043930 -863.079468
v 1116.532837 63.646683 -856.021973
v 1234.068726 97.620430 -863.779236
v 1351.144165 137.674194 -834.260254
v 1427.131104 252.557419 -867.505737
v 1501.213989 258.834930 -833.805237
v 1662.130737 457.405182 -857.248047
v 1727.763550 490.698181 -874.292542
v 1844.411011 585.778442 -833.198792
v 1896.785278 543.935730 -854.853333
v 2048.583496 578.647888 -875.609070
v 2166.124268 573.469727 -828.558594
v 2334.314941 532.189209 -855.058777
v 2389.800537 489.429443 -867.725525
v 2500.000488 394.043182 -833.333496
v -2149.786377 532.116943 -928.281311
v -2099.335693 470.260193 -896.704102
v -1830.033325 339.375702 -884.713257
v -1543.561035 441.241669 -887.424316
v -1438.408447 489.098694 -892.216064
v -1249.925049 522.464661 -885.712585
v -1067.027832 533.094971 -869.093323
v -836.937744 422.311188 -931.280823
v -628.364990 224.961929 -889.579224
v -371.903748 153.121170 -914.234741
v 82.142250 162.715683 -898.090027
v 206.722244 165.846161 -935.506775
v 374.911499 160.916183 -992.806763
v 813.303467 94.772430 -935.416748
v 1211.490234 157.962677 -972.522522
v 1437.654541 249.712433 -882.996765
v 1540.404175 398.340942 -883.838501
v 1832.374512 551.823669 -904.584045
v 1949.057495 629.683899 -884.363037
v 2127.822021 549.572144 -891.615784
v 2239.216553 540.523682 -890.203064
v 2500.000488 374.251190 -883.838501
v -2499.635986 632.595947 -959.940308
v -2351.607422 618.021667 -940.966553
v -2194.187744 533.876404 -962.664795
v -2065.062012 484.043701 -965.887085
v -1955.263062 433.213959 -928.348328
v -1893.939697 367.791962 -934.343506
v -1819.038940 385.028442 -940.532288
v -1701.673706 363.050415 -953.383972
v -1533.088989 523.940430 -935.998779
v -1374.679199 572.591187 -936.773560
v -1282.445801 538.940674 -961.857788
v -1252.774292 603.104919 -1045.165771
v -1140.110229 558.545166 -950.893066
v -1084.101562 601.783936 -979.309326
v -891.919250 524.299927 -970.152588
v -580.808228 252.391174 -934.343506
v -464.268005 158.653671 -934.226746
v -308.273987 165.644928 -963.817017
v 532.050720 156.069168 -999.198242
v 993.387512 97.701431 -940.554749
v 1094.909546 117.505432 -936.680969
v 1414.300171 295.120178 -936.658997
v 1524.380249 359.078186 -944.141296
v 1615.088013 429.930450 -927.797546
v 1818.281494 572.614990 -959.160583
v 1916.371216 574.550659 -935.460571
v 1980.447266 572.607483 -962.518555
v 2045.070190 609.053223 -964.966309
v 2104.911621 544.632935 -968.000549
v 2160.425781 560.243408 -952.523315
v 2324.184814 435.186432 -930.716797
v 2501.279053 304.147675 -935.719482
v -2435.364746 619.803955 -1063.535034
v -2287.356934 583.946960 -1042.411865
v -1957.182739 409.343933 -985.292542
v -1893.939697 433.195435 -984.848816
v -1815.847046 393.199402 -1025.665527
v -1570.507080 498.625671 -1063.681274
v -1485.545044 567.524414 -1025.533569
v -1417.376465 566.877686 -1018.037842
v -1017.809753 584.418152 -995.152832
v -889.155518 532.343201 -1015.030579
v -770.620789 465.848907 -1023.388794
v -689.560791 435.840912 -1023.952087
v -635.599487 289.004669 -997.826965
v -583.432007 207.879929 -993.553223
v -449.213501 145.920425 -1014.410522
v -372.829742 158.243927 -979.169739
v -157.767258 194.442184 -1038.902710
v 735.855774 173.588425 -1043.109497
v 1030.891724 94.328423 -986.310486
v 1302.639038 319.423645 -1033.330200
v 1426.596069 389.765961 -993.549011
v 1465.306030 403.870911 -1026.144531
v 1526.578979 474.831390 -1024.156006
v 1676.064941 502.695679 -991.885803
v 1741.836304 592.248413 -1017.810547
v 1804.922485 548.862244 -1023.422058
v 1885.521729 623.461182 -1015.815063
v 1955.376709 566.923706 -1000.981873
v 2215.129639 457.339447 -980.809326
v 2303.301270 380.123169 -1017.007935
v 2357.350830 406.900421 -990.914612
v 2500.000488 303.090454 -984.848755
v -2392.024414 611.712952 -1101.506226
v -2181.000000 563.269409 -1102.993042
v -2095.191406 522.919189 -1026.159790
v -1936.040039 460.714386 -1040.210449
v -1771.655151 447.629425 -1088.441284
v -1692.446289 409.948395 -1053.255981
v -1623.349976 484.812653 -1043.791504
v -1310.397217 604.811951 -1036.557251
v -1201.498779 654.928711 -1105.550049
v -1122.637695 616.098145 -1050.744263
v -504.745239 231.618927 -1078.088013
v -357.648499 176.404175 -1024.798706
v -270.755737 197.721161 -1054.998535
v -59.025501 208.500916 -1074.292480
v 68.777748 193.775177 -1016.055237
v 962.462708 146.742172 -1083.701294
v 1040.494751 179.838165 -1115.999512
v 1129.977417 207.315430 -1039.329346
v 1956.061523 627.737915 -1117.851440
v 2062.041260 575.660706 -1039.119507
v 2157.795410 512.996216 -1079.008179
v 2225.905518 452.986664 -1033.326538
v 2376.902588 356.531647 -1035.860352
v 2498.473145 256.686157 -1032.280151
v -2195.891846 562.683472 -1151.217041
v -2116.731934 521.483704 -1103.626465
v -2032.124512 484.268402 -1100.932983
v -1900.390991 441.332916 -1128.623535
v -1830.072998 427.279419 -1105.767212
v -1559.482422 556.540649 -1130.815796
v -1463.376953 595.736450 -1158.191406
v -1377.750977 583.907654 -1109.883789
v -1002.995728 642.838196 -1106.521973
v -883.360535 617.106934 -1130.116455
v -818.424500 559.200928 -1123.317017
v -693.148743 445.571655 -1097.216919
v -633.056763 346.627930 -1115.599487
v -536.057251 305.793671 -1157.477539
v -380.220490 227.030914 -1112.126465
v -206.823242 217.286911 -1115.265015
v -142.226242 217.813660 -1117.460449
v 206.118256 221.038422 -1099.572510
v 365.781250 245.025665 -1125.826660
v 546.857239 222.912155 -1115.599731
v 845.608765 170.579666 -1105.938599
v 1129.096313 203.910675 -1084.233032
v 1209.573975 277.167175 -1110.193726
v 1314.177490 405.735413 -1089.986206
v 1362.799316 435.521912 -1111.738770
v 1432.093994 517.663940 -1089.427734
v 1558.297974 605.946167 -1087.793457
v 1711.959717 601.461975 -1077.827271
v 1792.478760 628.884644 -1093.215210
v 1872.353760 586.512207 -1098.401733
v 2073.185547 539.054932 -1119.248779
v 2213.892578 437.862396 -1129.699463
v 2307.826416 366.308411 -1112.257690
v 2414.832031 329.903168 -1101.500977
v 2498.147461 230.338928 -1091.285889
v -2449.254883 655.066956 -1156.767456
v -2292.724121 620.005188 -1169.723267
v -1707.044678 462.160919 -1139.509155
v -1644.251709 494.002411 -1183.299316
v -1371.012207 604.283447 -1163.504028
v -689.446533 500.085907 -1161.126953
v 36.937252 239.172897 -1152.951050
v 263.910736 268.968903 -1211.581909
v 696.338013 211.272400 -1153.552490
v 1119.617188 292.243896 -1179.664062
v 1231.737549 404.439423 -1192.952515
v 1285.088989 413.467407 -1186.683716
v 1446.856079 586.340942 -1168.647095
v 1585.611694 725.035217 -1205.450806
v 1641.414551 626.546936 -1136.364014
v 1712.373291 672.280640 -1136.936279
v 1862.195068 692.564209 -1178.609985
v 2001.456055 643.990234 -1156.880493
v 2350.988770 313.251923 -1158.266968
v 2426.000977 274.274902 -1163.130981
v -2039.782715 545.582397 -1189.741211
v -1926.136963 482.992920 -1214.995483
v -1867.043457 477.596680 -1204.058472
v -1757.276978 468.123901 -1196.701782
v -1694.669434 454.198883 -1275.387329
v -1594.926025 539.652100 -1220.044312
v -1483.333496 539.590088 -1249.603027
v -1335.781494 602.001587 -1223.315674
v -1259.307007 664.752441 -1208.006226
v -1194.031250 655.728088 -1224.172974
v -1126.769775 695.021423 -1211.130737
v -999.137756 687.672363 -1221.192017
v -955.667480 687.877930 -1196.854248
v -833.333496 667.357666 -1186.868774
v -740.742249 605.407654 -1216.130737
v -631.782227 405.721161 -1223.992432
v -574.826233 468.006683 -1210.869141
v -443.664490 317.184143 -1217.172974
v -357.343750 279.440918 -1201.817017
v -269.610992 258.151642 -1191.939941
v -180.582001 239.566910 -1172.397217
v -94.504997 248.353409 -1186.726196
v 128.984238 279.547150 -1260.855835
v 514.532288 274.198639 -1269.687744
v 855.262268 212.303162 -1219.354736
v 944.189270 197.621399 -1190.437988
v 1351.310913 562.940674 -1237.383911
v 1508.679565 680.327393 -1188.097290
v 1641.414551 754.282166 -1186.868774
v 1731.125977 699.980225 -1191.111206
v 1944.445068 607.505432 -1186.868774
v 2092.603760 601.468201 -1188.172241
v 2176.941406 471.690155 -1190.297241
v 2250.858887 441.870148 -1215.709473
v 2421.144775 239.849655 -1219.082275
v 2501.076904 238.964157 -1207.155518
v -2413.545654 627.027649 -1249.675293
v -2320.583740 589.183838 -1245.916260
v -2244.346680 606.666870 -1240.311279
v -2100.520752 545.204895 -1234.405518
v -1996.902710 491.698639 -1232.998779
v -1793.266357 438.750641 -1279.031738
v -1388.913086 574.568359 -1283.722290
v -1288.472290 637.568115 -1283.403320
v -1122.015015 740.664612 -1290.833252
v -1033.759033 724.425110 -1241.095825
v -937.165283 752.464661 -1271.117798
v -876.338745 685.759888 -1260.027588
v -833.333496 624.324158 -1237.373657
v -763.245239 673.057861 -1251.757935
v -529.064453 345.687134 -1241.871948
v -177.356491 281.577393 -1248.576050
v -104.458748 284.088165 -1260.524292
v -21.313000 299.255676 -1279.894287
v 343.732758 293.320160 -1358.739014
v 596.838745 268.395905 -1237.559570
v 700.151733 241.311905 -1243.726074
v 802.642212 240.598389 -1369.752075
v 1021.142273 263.695648 -1284.350220
v 1121.953735 333.099915 -1278.810547
v 1360.535034 574.616394 -1313.287720
v 1543.769043 775.185669 -1248.267822
v 1648.339722 836.549072 -1288.260620
v 1737.892456 819.247925 -1251.713135
v 1835.173950 782.223083 -1253.787476
v 1925.696045 740.551636 -1285.302002
v 1965.370972 688.394348 -1251.685547
v 2093.226074 576.598389 -1244.297241
v 2152.246094 574.239136 -1242.396484
v 2325.747070 334.092163 -1239.861938
v -2500.051270 627.662170 -1154.756836
v -2232.082520 593.113892 -1301.419312
v -2157.512695 542.734131 -1315.286743
v -2066.925049 517.817139 -1268.119751
v -1963.914062 522.964355 -1318.276978
v -1841.421265 492.067169 -1303.747803
v -1741.790771 468.778168 -1304.638306
v -1607.721802 521.200134 -1325.739990
v -1590.909302 485.665649 -1287.879028
v -1545.449707 546.134338 -1320.115479
v -1212.050781 680.757629 -1302.146851
v -985.443787 746.198120 -1318.953979
v -810.354980 655.183594 -1274.305176
v -677.871521 575.760925 -1316.130981
v -635.421265 589.233398 -1294.050415
v -504.547241 454.882416 -1306.785034
v -423.267517 393.679657 -1369.075806
v -330.263245 328.659637 -1283.663940
v -266.990753 304.153656 -1269.512817
v -236.507996 294.305145 -1262.487549
v -118.520996 328.735168 -1325.808472
v 219.972504 297.834900 -1326.132080
v 909.829468 214.556396 -1324.750488
v 1220.958984 441.250397 -1339.125488
v 1447.353760 675.970154 -1295.061890
v 1580.175293 791.784668 -1308.529053
v 1696.686279 839.208923 -1298.899902
v 1794.311523 791.640076 -1312.979004
v 2087.601562 629.871338 -1364.112793
v 2236.673828 477.491394 -1289.146973
v 2282.467285 391.899170 -1322.708496
v 2415.986572 282.286682 -1301.034790
v 2498.891846 216.405899 -1335.462158
v -2400.760254 613.217102 -1336.066284
v -2287.774658 628.614929 -1376.676514
v -2098.083496 545.792664 -1394.075073
v -1903.762207 495.072906 -1395.990967
v -1818.717773 452.146637 -1384.803955
v -1638.959961 456.594910 -1364.388916
v -1489.899536 516.460876 -1338.384277
v -1419.401733 553.586609 -1342.254272
v -1260.854248 601.196411 -1363.323242
v -1033.731689 751.191345 -1366.557495
v -893.596008 699.607605 -1314.160522
v -732.323547 644.404114 -1338.384277
v -580.808228 484.190399 -1338.384277
v -527.166748 459.220642 -1368.069580
v -223.973007 358.333649 -1335.641479
v 51.891247 333.099670 -1359.843994
v 148.998245 308.267639 -1395.709961
v 452.132996 283.493652 -1340.430786
v 558.107971 260.281647 -1338.098022
v 622.155273 242.178650 -1339.810913
v 722.654236 262.545166 -1358.731323
v 959.362732 265.844910 -1394.155029
v 1079.110474 290.001434 -1332.950928
v 1113.640991 371.160431 -1366.148438
v 1275.879272 487.030151 -1359.973755
v 1464.213013 790.370850 -1372.964233
v 1720.493774 880.436096 -1370.587158
v 1881.409302 824.331665 -1347.918579
v 2028.245728 738.520874 -1400.089478
v 2169.366455 564.486389 -1345.083252
v 2377.049072 297.756683 -1387.413940
v -2501.948975 637.841431 -1365.931763
v -2446.890869 710.158875 -1428.612427
v -2370.471924 642.614868 -1392.952148
v -2161.607178 575.762634 -1397.447266
v -1984.543457 530.224609 -1390.489502
v -1604.541260 494.204865 -1422.182495
v -1540.404175 482.800415 -1388.889160
v -1489.899536 566.107361 -1388.889160
v -1336.462036 567.611389 -1388.808716
v -1287.879028 630.221375 -1388.889160
v -1173.683960 708.120667 -1395.529053
v -1086.784912 717.065369 -1431.222168
v -1026.473511 788.091370 -1424.304932
v -934.343750 766.742432 -1388.889160
v -876.885498 796.214905 -1389.228516
v -745.885254 710.214111 -1447.881470
v -734.529480 728.536133 -1375.791138
v -621.250732 612.096375 -1397.807983
v -482.581482 657.227661 -1419.954346
v -318.980743 412.133148 -1396.134277
v -135.802002 366.437866 -1416.412476
v -41.968250 408.105164 -1412.086060
v 258.350769 342.596161 -1402.607178
v 464.805756 390.841400 -1437.128540
v 547.269531 306.992401 -1407.875000
v 1124.318726 384.361877 -1428.371826
v 1194.185303 483.558899 -1456.073242
v 1551.501953 863.919373 -1402.947021
v 1876.559937 815.432617 -1410.846069
v 2155.596680 645.318176 -1430.775024
v 2229.629883 519.535095 -1402.003784
v 2501.841797 249.357147 -1387.151978
v -2241.410156 694.671631 -1461.126831
v -1780.774902 568.007385 -1491.247559
v -1742.424438 446.050873 -1439.394287
v -1692.321777 503.453369 -1489.656860
v -1550.081543 541.682678 -1470.268433
v -1416.963501 566.865173 -1447.196045
v -1225.499512 646.475586 -1441.166992
v -1024.776489 757.118103 -1494.716553
v -917.036987 768.053650 -1441.200684
v -837.052002 751.942383 -1493.133301
v -782.389771 723.112610 -1490.054443
v -615.344788 710.417603 -1440.181274
v -409.255249 893.114136 -1483.846069
v -313.411743 878.353088 -1525.645630
v -198.354752 581.834839 -1477.541260
v 47.022747 379.537628 -1450.710815
v 546.660034 406.562897 -1462.366455
v 714.858459 318.335388 -1435.069458
v 991.556763 384.623383 -1490.927002
v 1395.244995 721.765625 -1437.667236
v 1621.185791 933.305847 -1432.080811
v 1682.442993 876.546631 -1406.874878
v 1812.965332 917.034607 -1438.715820
v 1989.488770 807.236633 -1478.048828
v 2049.093750 816.381897 -1495.416626
v 2076.313477 752.409607 -1446.716309
v 2340.560547 421.959869 -1449.288696
v 2500.095459 404.083130 -1488.403809
v -2431.106934 837.356628 -1496.296387
v -2203.099609 888.799927 -1587.074341
v -2021.343750 772.654358 -1573.270142
v -1998.992798 750.622864 -1539.840698
v -1928.168823 620.329834 -1513.500488
v -1872.103271 626.767639 -1511.400024
v -1795.305542 602.703613 -1540.809570
v -1516.669067 648.105591 -1529.372437
v -1245.270752 587.551331 -1482.709473
v -1137.497803 665.448120 -1526.980469
v -1046.036987 680.840393 -1538.098022
v -863.028748 766.980652 -1521.883911
v -677.056274 1088.922607 -1579.905884
v -566.149231 1169.675537 -1536.253784
v -123.176750 645.509338 -1528.744995
v 8.870749 516.881897 -1523.066040
v 261.846741 496.651611 -1508.692993
v 333.554504 476.587128 -1505.095459
v 434.726013 483.233643 -1500.342529
v 522.751770 501.135895 -1553.659790
v 669.924500 414.885376 -1498.995361
v 805.729492 434.411865 -1516.573730
v 893.187012 401.014374 -1517.692993
v 1093.914062 467.161102 -1526.368530
v 1348.325439 698.175354 -1478.203735
v 1444.125000 808.917664 -1512.866577
v 1558.537476 918.717590 -1480.805908
v 1676.583252 895.851379 -1540.030151
v 1715.054077 949.890137 -1494.505371
v 1796.224487 896.680908 -1502.039917
v 1877.214600 887.770325 -1492.671631
v 1934.269531 888.525391 -1532.553711
v 2154.394775 715.552856 -1507.510498
v 2258.979248 666.634155 -1555.054321
v 2380.000977 626.370117 -1568.226685
v 2447.923096 540.468140 -1546.731934
v -2500.416992 761.779907 -1457.809814
v -2404.443604 971.396118 -1588.248657
v -2342.414551 927.540344 -1586.754883
v -1742.424438 637.070129 -1540.404175
v -1690.035278 651.053894 -1586.374512
v -1627.522705 691.515381 -1581.026978
v -1425.482300 720.621643 -1554.852295
v -1347.792480 631.655884 -1544.976685
v -1287.879028 561.771362 -1540.404175
v -1237.373901 628.730347 -1540.404175
v -1186.869019 584.147644 -1540.404175
v -1093.781250 659.444397 -1577.438232
v -954.587769 669.725647 -1538.545288
v -791.996460 939.999390 -1570.872070
v -734.278748 970.912659 -1575.368408
v -444.285522 1074.979370 -1539.865356
v -207.635742 849.750122 -1539.764648
v 156.320251 515.489075 -1560.628296
v 616.651001 503.326660 -1561.896851
v 1015.760315 447.514099 -1580.985840
v 1146.671753 468.175873 -1555.642700
v 1251.016968 546.292358 -1569.221069
v 1514.601440 841.556580 -1540.405884
v 1619.691772 835.855591 -1581.062866
v 1843.434692 847.577881 -1540.404297
v 2024.980347 846.880615 -1550.636841
v 2499.086914 578.849854 -1567.678833
v -2500.000488 987.293091 -1590.909424
v -2115.717529 849.280334 -1596.469116
v -1923.714233 752.345398 -1590.248047
v -1824.268188 677.733093 -1588.999268
v -1701.455200 643.577148 -1638.820801
v -1516.154297 768.149353 -1592.862061
v -1309.723511 633.970825 -1626.049316
v -1206.228027 577.431396 -1624.331665
v -1169.308350 634.631165 -1597.329956
v -1024.769287 635.160400 -1635.652344
v -967.392761 699.824158 -1601.468384
v -890.241760 816.711365 -1638.102417
v -611.220764 1156.964600 -1600.184326
v -495.510742 1165.778442 -1585.431396
v -362.715240 1083.895264 -1599.056885
v -228.770493 949.221924 -1615.955811
v -120.728004 718.392578 -1626.031982
v -77.598251 725.166626 -1599.761230
v 13.234500 604.160156 -1628.845459
v 87.291000 566.760376 -1635.103271
v 320.760498 566.205139 -1591.662476
v 394.355011 512.541870 -1582.363281
v 611.691772 522.402649 -1643.469727
v 679.300720 482.859131 -1591.228760
v 756.070251 496.654114 -1591.335327
v 840.122192 462.495880 -1584.993042
v 1053.027710 455.639404 -1636.904907
v 1398.175049 671.569397 -1634.322998
v 1484.635254 711.440125 -1627.875244
v 1540.563965 764.046143 -1630.621216
v 1737.930786 811.616882 -1632.557373
v 1766.592529 857.542175 -1606.627808
v 1901.385742 847.031128 -1588.419312
v 1931.458740 798.227356 -1659.290771
v 2204.048584 735.312622 -1635.376465
v 2357.715332 703.241638 -1620.390259
v -2394.821777 1002.481934 -1638.806641
v -2311.420166 926.091370 -1686.263550
v -2203.327881 909.856628 -1651.772339
v -2116.074463 803.666626 -1690.534668
v -2012.447144 780.171143 -1654.101074
v -1862.052246 714.250610 -1633.628052
v -1772.589478 677.408630 -1641.345703
v -1611.201782 681.891846 -1647.485229
v -1513.871582 779.783630 -1636.595459
v -1401.820312 715.375366 -1642.008789
v -1240.277100 613.343628 -1647.998657
v -813.690735 895.925110 -1669.326660
v -743.915710 1025.479492 -1659.242676
v -618.832520 1083.708862 -1665.824463
v -531.286804 1099.789185 -1678.387207
v -461.982239 1137.782104 -1626.692383
v -361.895508 1072.874634 -1642.090332
v -277.777771 949.383362 -1641.414673
v -181.408493 904.453369 -1651.684937
v -21.575001 668.726135 -1654.262573
v 165.630005 570.925659 -1646.235474
v 266.324768 576.178589 -1661.918945
v 367.949249 526.271667 -1636.788696
v 433.660004 595.073425 -1641.682007
v 535.245789 568.410156 -1658.436523
v 758.070740 476.903381 -1654.744751
v 848.229553 487.567627 -1640.012451
v 962.859985 454.100128 -1676.408813
v 1154.574463 471.432617 -1647.364502
v 1590.215210 731.978333 -1681.388794
v 1694.037231 803.309875 -1654.816040
v 1843.893066 812.396667 -1680.109131
v 2050.194824 764.995605 -1675.842773
v 2120.437744 806.045898 -1652.672729
v 2299.151367 688.923096 -1643.836914
v 2408.641846 649.559387 -1634.691284
v 2504.291748 610.803589 -1657.767334
v -2500.165771 1003.358093 -1680.969604
v -2410.773193 915.260376 -1738.514404
v -2248.080322 906.496643 -1691.781616
v -1938.315308 674.189148 -1696.369995
v -1751.857300 604.381592 -1676.760010
v -1639.740234 564.727905 -1699.260986
v -1539.856201 656.345337 -1707.918579
v -1471.186523 639.463379 -1700.579956
v -1393.112793 658.466370 -1697.595947
v -1354.377075 489.620117 -1753.589966
v -1253.471680 499.317139 -1701.944702
v -1096.005981 530.092102 -1723.635010
v -979.820496 565.139893 -1753.359253
v -902.825500 670.692383 -1729.778809
v -826.145203 888.112122 -1696.253662
v -429.829010 1064.962646 -1696.049072
v -304.207001 994.596130 -1689.573608
v -246.628250 925.827637 -1715.702148
v -140.777496 681.312622 -1736.517822
v -0.496750 577.066345 -1719.324707
v 95.791496 547.335632 -1725.238403
v 174.932999 619.526123 -1743.731201
v 356.166016 653.778137 -1712.079468
v 473.491760 579.686646 -1693.936279
v 661.931763 509.399109 -1690.325439
v 732.323547 520.427856 -1691.919800
v 848.573242 447.135376 -1701.665771
v 1107.758545 393.011108 -1718.713257
v 1213.757812 467.258392 -1702.932739
v 1353.791504 482.789856 -1758.762695
v 1531.177979 669.382141 -1694.908447
v 1971.008545 778.852905 -1708.917480
v 2230.279541 677.899353 -1705.988281
v 2274.624268 678.192139 -1705.199463
v 2361.903076 606.891602 -1711.104736
v 2427.416260 606.359375 -1718.633057
v -2228.643799 760.963379 -1758.854492
v -1913.393677 491.874634 -1767.613037
v -1528.561035 400.787384 -1784.500488
v -1267.492798 417.217133 -1769.159790
v -1183.881958 409.389374 -1761.408203
v -658.311035 974.538879 -1745.578369
v -515.174500 1019.950134 -1745.373413
v -402.659515 787.448853 -1796.798218
v -104.091499 591.998657 -1787.389282
v 224.802002 804.443359 -1811.658081
v 302.728729 769.533142 -1754.791748
v 457.780243 833.565918 -1790.666138
v 532.788513 741.424866 -1767.727783
v 610.076721 562.828674 -1742.228760
v 701.834473 554.256836 -1815.119995
v 750.546265 481.043121 -1755.446777
v 854.633484 384.481354 -1779.610962
v 933.273010 341.731873 -1762.573730
v 1494.140991 604.362366 -1753.401733
v 1603.064575 660.846863 -1762.074951
v 1718.848999 649.147156 -1782.709473
v 1780.015503 733.032410 -1741.515503
v 1861.207275 656.694336 -1798.502441
v 1996.673950 662.262146 -1776.855957
v 2499.638916 532.651917 -1731.662964
v -2158.437256 562.505615 -1842.171143
v -2021.544922 418.456848 -1837.279175
v -1774.965820 224.883865 -1840.234253
v -1686.591797 136.035370 -1851.597290
v -1272.889526 274.665863 -1822.166992
v -1060.121826 375.686646 -1817.993774
v -799.072510 560.302612 -1809.815063
v -567.132996 313.827362 -1887.953247
v -410.175751 295.066864 -1888.928101
v -227.226257 405.227600 -1833.786499
v -54.739502 505.327850 -1841.181274
v 31.827751 564.244141 -1791.342041
v 159.772247 691.122375 -1798.651733
v 322.539246 889.343384 -1803.891846
v 385.610504 890.805603 -1797.900879
v 658.152222 641.096619 -1813.811768
v 811.864990 403.581573 -1819.662476
v 989.889526 231.857117 -1807.003540
v 1222.184570 304.603638 -1809.803467
v 1570.879272 308.525116 -1898.239502
v 2374.008789 362.102356 -1866.409790
v 2499.302979 405.998138 -1797.575439
v -2399.693115 698.940369 -1848.806763
v -1877.441040 224.405609 -1870.614990
v -1518.755005 244.738602 -1862.113037
v -1399.692749 267.455841 -1861.227539
v -1158.877686 213.767868 -1840.839722
v -910.557983 192.024109 -1892.183838
v -748.070007 272.674347 -1885.182007
v -169.651001 287.445099 -1889.491577
v 16.988750 546.351929 -1876.036499
v 103.168747 666.944397 -1854.397827
v 498.534729 869.169128 -1847.695801
v 624.109985 744.716614 -1909.493408
v 906.456238 177.833344 -1938.513306
v 1034.558105 75.635857 -1888.869751
v 1222.217773 90.728607 -1895.656982
v 1395.546143 213.622864 -1886.541748
v 1669.662720 288.682831 -1929.770996
v 1762.580566 353.989594 -1914.474976
v 1922.031006 423.534363 -1889.328491
v 2106.415283 378.536102 -1893.823975
v 2187.776611 419.128357 -1859.287720
v 2498.790527 281.093597 -1860.558960
v -2499.623779 674.820129 -1880.543213
v -2390.480469 636.864868 -1902.683716
v -2324.260742 578.861877 -1936.218018
v -2107.290771 422.649872 -1908.626587
v -1977.459595 301.826355 -1895.936768
v -1830.833496 175.729599 -1920.239258
v -1620.659180 109.105110 -1893.884766
v -1577.393066 156.886108 -1909.894653
v -1401.960449 224.967865 -1903.648926
v -1238.567993 114.323608 -1895.414673
v -264.657990 211.309357 -1892.065552
v -39.596500 433.910339 -1934.079346
v 127.170998 695.383606 -1934.311768
v 264.312012 948.901123 -1903.168091
v 356.770996 976.729614 -1894.915771
v 427.115509 967.589844 -1915.669067
v 484.462250 919.260376 -1906.551636
v 753.480957 451.385345 -1923.172485
v 1143.536255 50.065353 -1910.745972
v 2259.007812 339.917847 -1894.384766
v -2500.256592 623.114136 -1940.409302
v -2211.874512 511.911835 -1948.815918
v -2131.222168 423.517090 -1989.485962
v -1913.030518 206.795090 -1964.678345
v -1727.601318 84.002106 -1950.382690
v -1641.141113 79.545601 -1974.006592
v -1442.378540 214.584854 -2028.117188
v -1435.203613 233.537842 -1962.124023
v -1315.132446 138.831085 -1956.940552
v -1239.410767 55.299351 -1959.742798
v -1117.090942 44.505100 -1957.273682
v -952.217224 82.561356 -1947.548462
v -838.870239 83.238350 -1958.170532
v -783.858765 151.104843 -1945.096436
v -731.007996 114.941856 -1954.844971
v -665.979980 155.852600 -1948.133911
v -518.873291 171.673599 -1961.407349
v -438.966980 156.527847 -1948.426270
v -320.289490 96.778343 -1971.333008
v -259.231232 114.289101 -1961.387329
v -159.109253 246.162354 -1957.637207
v -0.635250 496.567596 -1962.387817
v 195.270248 858.918579 -1976.591309
v 325.242981 1022.035278 -2024.135742
v 1055.564941 16.638851 -1976.887695
v 1209.601562 20.817600 -1960.085693
v 1285.477051 54.897099 -1961.784424
v 1382.947754 89.777100 -1997.316040
v 1419.059326 136.089844 -1944.099487
v 1510.864502 197.013351 -1951.779053
v 1880.615479 332.180115 -1940.982666
v 1954.249512 354.688599 -1950.193481
v 2125.904053 329.142822 -1955.382446
v 2211.270752 328.084351 -1962.291016
v 2308.892822 304.150848 -1966.938232
v 2419.714355 275.416351 -1947.288086
v 2499.800293 221.763596 -1944.805542
v -2398.782959 622.237122 -1990.278198
v -2357.485840 592.738342 -2045.322144
v -2067.456787 378.000092 -2041.702271
v -1744.739502 90.342850 -2041.657471
v -1007.746704 15.923847 -2010.494995
v -909.834534 52.287346 -2012.615234
v 109.729256 751.842590 -2009.381104
v 267.429749 1017.899841 -1993.258179
v 428.153259 1040.892578 -1990.112915
v 592.921753 841.779846 -2045.628662
v 659.648987 715.667847 -2040.279907
v 758.903748 470.565857 -2012.270508
v 984.075745 65.524849 -2036.402222
v 1342.278198 46.454597 -2006.924438
v 1583.505981 103.102592 -2093.354248
v 1639.447998 181.762344 -1998.945435
v 1743.175781 257.861603 -2045.604492
v 1781.137207 259.399597 -2035.140991
v 1881.359497 305.320343 -2042.072754
v 1958.785278 292.059082 -2034.814819
v 2075.844482 321.467590 -2011.326782
v -2165.154053 471.534607 -2056.121338
v -1905.657349 212.961105 -2091.441650
v -1824.949707 161.220337 -2135.675537
v -1663.587769 58.796089 -2106.296387
v -1448.493896 227.832336 -2080.876709
v -1181.413818 18.414343 -2075.918457
v -1109.439697 25.164091 -2099.954346
v -882.322266 23.288345 -2055.303223
v -811.241516 28.313841 -2099.506592
v -697.299011 77.752846 -2067.545410
v -586.103027 55.539089 -2115.761230
v -505.830536 25.144588 -2139.155273
v -238.538254 49.950836 -2143.737305
v -102.878502 232.215836 -2166.452881
v -60.497250 360.359100 -2084.665771
v 169.478500 789.871338 -2124.429199
v 230.527512 941.790039 -2043.470459
v 389.475769 1001.283813 -2085.002930
v 432.271759 1012.474121 -2092.682861
v 482.842499 969.499573 -2116.012695
v 727.567749 544.200806 -2094.119385
v 815.162781 316.055359 -2098.015381
v 1105.968506 2.744845 -2054.150635
v 1214.942505 1.409844 -2064.009277
v 1470.048340 72.340843 -2072.166504
v 1550.142578 113.384590 -2124.134277
v 1590.909302 181.989105 -2045.455200
v 1636.690918 137.184341 -2106.413330
v 1693.331909 214.087845 -2063.738037
v 2072.115967 319.675873 -2066.668213
v 2146.128418 351.039337 -2161.631104
v 2285.712646 328.147583 -2046.181152
v 2365.473389 282.512604 -2053.060547
v 2501.581787 214.692841 -2044.693481
v -2499.738525 621.438782 -2046.516846
v -2388.215820 611.308350 -2176.375000
v -2239.038086 531.345276 -2131.260498
v -2069.134277 383.413330 -2138.135986
v -1516.257812 171.893845 -2105.892090
v -1385.583252 199.963104 -2097.466797
v -1241.528320 56.651089 -2130.193604
v -1039.839478 37.171341 -2118.452148
v -368.719482 3.447086 -2168.427002
v 82.069504 605.312317 -2161.846680
v 236.174744 948.421570 -2107.515869
v 322.995239 1034.761108 -2096.906250
v 578.877991 805.710815 -2133.420898
v 916.133972 129.009079 -2172.552734
v 1289.712769 40.054588 -2127.934570
v 1379.315674 19.019339 -2129.281738
v 1479.337646 72.552345 -2140.253174
v 1759.458740 185.345078 -2126.366699
v 1876.400757 244.711609 -2100.927490
v 1944.445068 311.362579 -2095.959961
v 2049.504395 327.191101 -2119.959473
v 2252.205078 321.944092 -2124.546387
v 2316.682373 315.973602 -2178.520264
v 2400.665771 272.722076 -2137.950439
v 2499.893555 229.740097 -2094.357910
v -2148.182373 433.113098 -2168.020508
v -1801.869019 120.825089 -2191.307129
v -1443.539795 209.980331 -2190.754883
v -1361.952271 187.047333 -2192.883301
v -1182.111206 33.722836 -2153.483887
v -717.688965 20.202087 -2154.176270
v 18.282000 423.870087 -2215.892334
v 352.846497 959.636780 -2159.111572
v 714.325256 502.677826 -2196.465088
v 1051.484253 2.800588 -2150.369873
v 1217.553467 14.024835 -2183.372070
v 1705.294312 216.444336 -2162.867188
v 1863.461060 275.778870 -2154.395508
v 1968.146240 273.771606 -2145.589111
v -2228.175049 530.815857 -2197.314209
v -2026.432495 320.390564 -2247.518311
v -1693.422852 74.979088 -2181.616211
v -1583.554932 92.200836 -2221.247559
v -1537.450195 150.040573 -2230.737793
v -1070.359985 21.690834 -2202.294189
v -911.126282 13.550583 -2211.133057
v -810.024719 27.551584 -2200.727539
v -586.289246 16.670334 -2216.801270
v -444.546753 13.098083 -2228.392334
v -315.971497 -0.667920 -2247.134033
v 226.569244 782.936096 -2235.649658
v 493.933258 864.315063 -2206.400635
v 576.869995 688.598572 -2239.159180
v 800.888245 265.266327 -2258.346924
v 1317.191772 31.067333 -2196.424561
v 1399.498169 70.215324 -2275.257568
v 1435.209717 56.358582 -2210.653320
v 1487.756470 36.579082 -2220.911377
v 1558.327148 122.402328 -2216.698975
v 1641.153687 190.927078 -2240.236084
v 1714.618408 157.962082 -2232.137207
v 1804.031494 220.051590 -2213.801025
v 1881.414795 227.521088 -2211.693359
v 1949.968018 313.177612 -2208.232422
v 2023.430542 302.323090 -2192.443115
v 2088.375732 341.503113 -2215.455566
v 2422.649902 261.890320 -2337.320312
v 2499.975586 217.975586 -2251.183105
v -2443.719971 633.942566 -2241.071289
v -2276.893555 532.141113 -2274.661621
v -2166.551514 461.195312 -2242.949951
v -1785.673462 113.907578 -2262.446045
v -1687.765015 56.709080 -2242.851318
v -1448.339233 184.429077 -2249.949951
v -1382.316528 188.182587 -2282.369873
v -1308.214600 119.817566 -2376.179688
v -1076.655518 21.136074 -2330.472412
v -1000.556946 31.777828 -2266.538330
v -836.639771 19.415079 -2268.807617
v -602.647461 10.608325 -2315.346924
v -207.479996 27.284075 -2333.719238
v -133.296997 109.954575 -2284.363281
v 34.465748 380.069580 -2289.696289
v 381.304260 809.967102 -2267.223877
v 475.259979 682.937561 -2306.221436
v 615.989746 504.913330 -2311.745117
v 964.845032 21.143324 -2312.594971
v 1268.730957 50.521580 -2260.307129
v 1338.384277 7.637580 -2247.475098
v 1590.909302 65.379333 -2247.475098
v 1689.871216 153.250580 -2289.265381
v 1886.171753 270.076569 -2278.497559
v 1953.746582 336.547302 -2284.411865
v 2059.691895 291.987335 -2291.593018
v 2184.299805 333.505798 -2286.954102
v -2499.946289 629.339600 -2171.909912
v -2421.775391 616.759827 -2328.941895
v -2310.120117 574.860107 -2336.623779
v -2041.687500 340.065796 -2361.942383
v -1985.423462 303.992065 -2321.722656
v -1933.031616 239.028824 -2368.709961
v -1618.171021 81.475571 -2346.054932
v -1440.769775 211.578568 -2331.568115
v -1149.309814 10.547570 -2372.661133
v -729.462524 13.142072 -2351.547852
v -373.579742 10.404575 -2309.263428
v -268.662018 2.146821 -2367.865479
v 190.262009 509.384094 -2354.008301
v 343.170776 611.816345 -2357.811523
v 684.418030 304.626312 -2378.418457
v 845.066223 91.720314 -2392.805664
v 1064.201660 -3.583425 -2316.055664
v 1168.071289 23.191074 -2342.317871
v 1237.373657 4.706577 -2297.980225
v 1345.494507 58.676075 -2325.515381
v 1432.868774 21.176577 -2305.852295
v 1525.274292 84.580078 -2307.150635
v 1606.741577 173.485321 -2325.451172
v 1742.424683 263.755829 -2297.980225
v 1792.929810 218.052582 -2297.980225
v 1804.485596 284.026062 -2338.066162
v 2272.968750 319.600067 -2388.963867
v -2275.631348 542.096069 -2376.265625
v -2103.895752 413.272827 -2356.933105
v -1701.791748 55.328571 -2388.897705
v -1535.671021 169.423065 -2346.365723
v -1278.028198 76.413071 -2402.310791
v -1013.877014 11.924571 -2370.823486
v -853.073242 16.893070 -2397.796631
v -440.775513 1.280073 -2339.323242
v -136.478012 27.421816 -2417.663330
v 16.643499 206.054565 -2404.022705
v 519.867004 502.197327 -2374.969971
v 1099.854736 0.079822 -2364.095703
v 1236.744263 48.578571 -2366.263916
v 1334.119751 20.008320 -2406.563965
v 1505.144897 54.345570 -2355.012695
v 1669.244751 91.754074 -2343.841553
v 1742.424683 212.267059 -2348.485352
v 1843.434692 259.017303 -2348.485352
v 1893.178467 297.765320 -2406.323730
v 1950.005493 261.867065 -2359.650879
v 2004.772461 291.430328 -2372.606445
v 2071.057861 360.492554 -2369.153320
v 2137.639893 354.375793 -2403.860352
v 2202.966309 323.531067 -2411.838867
v -669.235779 5.186811 -2499.895996
v -568.216980 9.664811 -2500.069580
v -391.846008 6.729818 -2413.363525
v 119.697495 272.750824 -2436.645996
v 888.460510 3.034311 -2500.114990
v 1184.006714 18.517567 -2426.585693
v 1476.363525 76.365067 -2426.084473
v 1563.267944 45.708317 -2405.632080
v 1660.081299 117.957321 -2410.137451
v 1691.919800 270.785339 -2398.990234
v 1782.744751 187.739563 -2397.925537
v 1835.801270 190.100067 -2415.235352
v 2498.243896 208.862061 -2499.681885
v -2235.748779 515.567810 -2500.001465
v -2087.791992 374.069061 -2500.403076
v -1986.508667 274.942291 -2428.225098
v -1887.447754 203.689316 -2499.679932
v -1776.983765 94.267555 -2500.031494
v -1636.923218 60.352062 -2500.150635
v -1507.202515 166.198563 -2500.623047
v -1438.138428 206.267075 -2500.097412
v -1384.752808 190.032822 -2500.080078
v -1203.941650 23.811066 -2452.151123
v -898.049988 16.864309 -2500.248779
v 24.101250 94.688309 -2499.204102
v 227.154739 262.074310 -2500.152344
v 277.835999 267.574066 -2500.215332
v 436.182007 292.194305 -2503.022949
v 529.017517 262.886810 -2498.158447
v 664.749268 145.568817 -2501.356934
v 1140.537476 15.594312 -2500.598633
v 1243.461670 52.350315 -2444.463379
v 1356.246460 19.446066 -2450.974365
v 1568.447754 83.703064 -2450.939453
v 1641.414551 167.246323 -2449.495361
v 1742.424683 253.661575 -2449.495361
v 1792.929810 300.211304 -2449.495361
v 1946.924805 264.560577 -2499.773682
v 1994.950073 325.358795 -2449.495361
v 2081.075195 331.029327 -2460.860596
v 2379.043945 275.989319 -2500.087402
v -2499.723389 621.439575 -2500.251709
v -2423.435791 613.148560 -2499.997559
v -1171.347778 11.641810 -2499.861572
v -328.876770 1.585061 -2500.257324
v -101.257248 17.612310 -2499.159180
v 75.757507 149.106567 -2500.000488
v 141.212494 187.095566 -2503.748535
v 333.115753 295.583557 -2500.227783
v 732.323547 106.074303 -2500.000488
v 782.828491 51.293564 -2500.000488
v 1272.439453 14.521061 -2499.375000
v 1358.238403 13.269311 -2503.773682
v 1484.945801 90.611313 -2499.225098
v 1540.404175 77.937805 -2500.000488
v 1634.030640 88.089813 -2502.079102
v 1691.919800 147.229813 -2500.000488
v 1742.424683 217.735825 -2500.000488
v 1792.929810 153.624069 -2500.000488
v 1843.434692 252.936569 -2500.000488
v 1893.939697 222.473572 -2500.000488
v 2031.036865 299.697815 -2499.893066
v 2117.489014 323.920807 -2498.353516
v 2198.019531 337.232544 -2500.607666
v 2398.990234 264.832581 -2500.000488
vn 0.5395 0.5730 0.6169
vn 0.5665 0.8227 0.0479
vn 0.6705 0.5096 0.5391
vn 0.5052 0.8606 0.0639
vn -0.1963 0.8659 0.4601
vn -0.2313 0.4743 0.8494
vn -0.1158 0.8034 0.5841
vn -0.0749 0.6833 0.7263
vn -0.1447 0.9095 0.3896
vn -0.3148 0.6367 0.7040
vn -0.3842 0.9233 -0.0029
vn 0.1727 0.8409 0.5128
vn -0.3966 0.5949 0.6992
vn 0.1732 0.7801 0.6012
vn 0.4121 0.6515 0.6369
vn -0.1011 0.5825 0.8066
vn -0.1064 0.6357 0.7646
vn 0.0238 0.6257 0.7797
vn -0.0698 0.4628 0.8837
vn -0.0609 0.5079 0.8593
vn 0.0545 0.4840 0.8734
vn -0.0571 0.5858 0.8084
vn -0.0919 0.5639 0.8207
vn 0.2944 0.4256 0.8557
vn 0.1548 0.4254 0.8917
vn 0.0755 0.4837 0.8719
vn 0.1641 0.5867 0.7930
vn 0.0001 0.7077 0.7065
vn 0.3918 0.4949 0.7756
vn -0.0842 0.7453 0.6614
vn -0.2216 0.5155 0.8278
vn -0.3924 0.7071 0.5883
vn -0.1751 0.7733 0.6094
vn 0.0295 0.7523 0.6581
vn 0.3639 0.7235 0.5866
vn 0.5055 0.5867 0.6326
vn 0.2509 0.9360 0.2471
vn -0.3695 0.5780 0.7276
vn 0.5514 0.5941 0.5857
vn 0.2378 0.9713 -0.0086
vn 0.1135 0.8262 0.5519
vn -0.0994 0.6782 0.7282
vn -0.4644 0.3635 0.8076
vn -0.3565 0.5045 0.7864
vn -0.2489 0.5892 0.7687
vn 0.2644 0.5189 0.8129
vn 0.0298 0.7509 0.6598
vn 0.2483 0.6294 0.7364
vn -0.0384 0.7927 0.6084
vn 0.0267 0.8413 0.5399
vn -0.2037 0.7934 0.5736
vn -0.3559 0.7706 0.5286
vn -0.4332 0.6596 0.6142
vn -0.4064 0.7078 0.5777
vn 0.1345 0.7752 0.6173
vn -0.6694 0.5465 0.5032
vn -0.1130 0.7621 0.6375
vn 0.0309 0.9392 0.3420
vn -0.3083 0.7580 0.5748
vn -0.1426 0.8381 0.5266
vn 0.0803 0.6698 0.7382
vn 0.2162 0.5347 0.8169
vn 0.3815 0.9189 0.1004
vn -0.4829 0.4967 0.7212
vn -0.4568 0.4963 0.7383
vn -0.3025 0.4550 0.8375
vn -0.0677 0.4642 0.8831
vn -0.1664 0.4381 0.8834
vn 0.0256 0.4937 0.8693
vn -0.0782 0.5289 0.8450
vn 0.0237 0.5610 0.8275
vn 0.4730 0.6127 0.6332
vn 0.0011 0.7487 0.6629
vn 0.1406 0.7279 0.6711
vn 0.0745 0.7661 0.6384
vn -0.4594 0.6405 0.6154
vn 0.5290 0.7206 0.4482
vn 0.6155 0.6096 0.4995
vn 0.2954 0.8391 0.4567
vn 0.4082 0.4869 0.7722
vn 0.4600 0.4089 0.7882
vn -0.6169 0.6001 0.5092
vn -0.1661 0.7021 0.6924
vn -0.4035 0.9135 0.0513
vn -0.2210 0.9685 0.1148
vn -0.2782 0.9141 0.2949
vn -0.4086 0.5651 0.7167
vn 0.2883 0.6207 0.7291
vn -0.0148 0.9834 0.1810
vn 0.0840 0.7610 0.6433
vn -0.1463 0.7059 0.6930
vn -0.4170 0.6830 0.5997
vn -0.3629 0.6263 0.6900
vn 0.2559 0.5641 0.7850
vn 0.4785 0.8628 0.1630
vn 0.4213 0.8950 0.1465
vn -0.2889 0.9057 0.3104
vn 0.0359 0.9789 0.2009
vn -0.5325 0.7539 0.3847
vn -0.3709 0.8438 0.3878
vn 0.0780 0.8767 0.4747
vn 0.2682 0.8120 0.5185
vn 0.3978 0.7651 0.5063
vn 0.5145 0.6944 0.5032
vn -0.3484 0.6448 0.6803
vn 0.4649 0.8017 0.3757
vn 0.2371 0.9289 0.2846
vn 0.2042 0.7752 0.5977
vn 0.4197 0.7797 0.4647
vn 0.4184 0.8075 0.4158
vn 0.5476 0.6650 0.5079
vn 0.1850 0.7197 0.6692
vn -0.6168 0.7450 0.2540
vn -0.0490 0.9943 0.0945
vn 0.2283 0.9108 0.3440
vn -0.3518 0.9169 0.1884
vn -0.7684 0.5434 0.3380
vn 0.2421 0.8159 0.5251
vn -0.3771 0.9133 0.1540
vn -0.3488 0.8721 0.3431
vn -0.0447 0.9989 -0.0150
vn -0.2614 0.9525 0.1563
vn 0.2081 0.8833 0.4201
vn 0.3901 0.8798 0.2716
vn -0.0288 0.8930 0.4491
vn -0.3441 0.9319 -0.1144
vn 0.3766 0.9233 -0.0748
vn -0.7724 0.6331 -0.0514
vn -0.9196 0.3477 0.1826
vn 0.7079 0.6448 0.2882
vn -0.4715 0.7639 -0.4405
vn 0.6734 0.6398 -0.3704
vn -0.0785 0.9824 -0.1693
vn 0.4071 0.9050 0.1233
vn 0.0195 0.9754 0.2196
vn 0.4494 0.8170 -0.3612
vn 0.6967 0.7093 -0.1074
vn 0.3436 0.9284 -0.1414
vn 0.1639 0.9795 -0.1171
vn 0.0105 0.9342 -0.3565
vn -0.6166 0.6881 -0.3825
vn 0.4657 0.8711 -0.1561
vn -0.2014 0.9726 -0.1161
vn 0.7096 0.0521 -0.7027
vn 0.3855 0.9219 0.0398
vn -0.3846 0.6292 -0.6754
vn 0.3250 0.6003 -0.7308
vn -0.7865 0.6167 -0.0332
vn 0.4767 0.8130 -0.3343
vn 0.2557 0.9021 -0.3475
vn 0.2493 0.9008 -0.3556
vn 0.0661 0.8577 -0.5099
vn 0.2507 0.7616 -0.5977
vn -0.4783 0.7651 -0.4311
vn -0.8197 0.4410 -0.3654
vn 0.6944 0.5822 -0.4229
vn 0.3237 0.8348 -0.4453
vn 0.4413 0.7887 -0.4280
vn 0.3880 0.8159 -0.4286
vn 0.3333 0.7652 -0.5508
vn 0.7083 0.5693 -0.4173
vn 0.3312 0.5701 -0.7519
vn -0.6575 0.5008 -0.5629
vn 0.4071 0.7699 -0.4915
vn 0.3866 0.7849 -0.4842
vn -0.3670 0.6516 -0.6639
vn -0.4626 0.5759 -0.6741
vn 0.6529 0.5201 -0.5506
vn 0.5113 0.7302 -0.4533
vn -0.8013 0.5321 -0.2733
vn 0.4112 0.7748 -0.4802
vn 0.4262 0.8768 -0.2227
vn -0.1153 0.8568 -0.5026
vn 0.3978 0.7975 -0.4537
vn 0.4151 0.8150 -0.4044
vn 0.4191 0.8108 -0.4086
vn 0.3411 0.9062 -0.2500
vn 0.3802 0.8289 -0.4102
vn 0.4408 0.6809 -0.5849
vn 0.6393 0.7637 0.0893
vn -0.3543 0.7051 -0.6142
vn -0.2844 0.4115 -0.8659
vn 0.2380 0.9689 -0.0683
vn 0.2449 0.9670 -0.0696
vn 0.6193 0.7068 -0.3419
vn -0.1248 0.9863 0.1078
vn 0.3444 0.8591 -0.3786
vn 0.3975 0.8458 -0.3557
vn 0.4314 0.8237 -0.3679
vn 0.5636 0.7168 -0.4106
vn -0.1244 0.9519 0.2799
vn -0.4105 0.6937 -0.5918
vn 0.5636 0.4991 -0.6582
vn -0.3235 0.5217 -0.7894
vn 0.0267 0.8438 -0.5359
vn 0.1893 0.4820 -0.8555
vn 0.0443 0.7409 -0.6701
vn 0.2421 0.6545 -0.7163
vn -0.1847 0.5293 -0.8281
vn 0.0015 0.7121 -0.7020
vn -0.3051 0.5988 -0.7405
vn 0.1471 0.6536 -0.7424
vn 0.0092 0.6555 -0.7552
vn 0.1422 0.7302 -0.6683
vn -0.1860 0.8424 -0.5058
vn 0.3510 0.8871 -0.2999
vn -0.3266 0.8170 -0.4752
vn -0.9714 -0.0329 0.2353
vn 0.4554 0.8704 -0.1872
vn -0.4486 0.7206 -0.5287
vn -0.5611 0.7811 0.2740
vn 0.4085 0.8583 -0.3105
vn 0.4522 0.8487 -0.2742
vn 0.4511 0.8162 -0.3610
vn 0.5603 0.7909 -0.2462
vn 0.4781 0.8679 -0.1349
vn 0.2726 0.9588 -0.0792
vn 0.0461 0.9859 -0.1608
vn 0.3304 0.9355 0.1253
vn -0.3332 0.7914 -0.5125
vn 0.0016 0.7286 -0.6850
vn -0.0055 0.8047 -0.5936
vn -0.1329 0.6786 -0.7224
vn 0.3946 0.8802 -0.2636
vn 0.3941 0.8615 -0.3201
vn -0.6411 -0.7669 0.0290
vn 0.1203 0.9920 -0.0385
vn 0.0825 0.9810 -0.1759
vn 0.1163 0.9553 -0.2717
vn -0.3474 0.6789 -0.6468
vn -0.1859 0.7344 -0.6528
vn -0.3766 0.6261 -0.6828
vn 0.2511 0.8075 -0.5337
vn -0.6179 0.7665 0.1752
vn 0.4009 0.8742 -0.2741
vn 0.4350 0.8464 -0.3071
vn 0.4515 0.8390 -0.3036
vn 0.5021 0.8216 -0.2701
vn 0.0575 0.9874 -0.1471
vn 0.1381 0.9884 0.0632
vn -0.0006 0.9993 -0.0375
vn -0.1903 0.9724 -0.1353
vn 0.1353 0.9866 -0.0907
vn -0.2540 0.8524 -0.4571
vn 0.0254 0.9666 -0.2550
vn -0.2833 0.8507 -0.4428
vn 0.0377 0.8902 -0.4540
vn 0.1072 0.9939 -0.0244
vn 0.1829 0.9821 -0.0442
vn 0.6347 0.7450 -0.2056
vn -0.9024 0.4308 -0.0028
vn 0.4995 0.8535 -0.1487
vn 0.3383 0.9284 -0.1534
vn 0.0788 0.9849 -0.1541
vn 0.0723 0.9856 -0.1527
vn -0.1350 0.9718 -0.1935
vn 0.1216 0.9902 -0.0691
vn 0.1496 0.9868 -0.0620
vn 0.0247 0.9855 0.1680
vn -0.2627 0.9196 -0.2921
vn 0.0639 0.9781 0.1980
vn 0.4620 0.8868 0.0088
vn 0.4234 0.9029 0.0738
vn 0.7142 0.6952 0.0810
vn 0.4062 0.9137 -0.0081
vn 0.2188 0.9373 -0.2713
vn 0.5268 0.8134 -0.2468
vn 0.4807 0.8242 -0.2996
vn 0.4072 0.8713 -0.2739
vn 0.4469 0.8551 -0.2626
vn 0.4839 0.8309 -0.2745
vn 0.4459 0.8419 -0.3040
vn 0.0750 0.9863 -0.1467
vn 0.0273 0.9930 -0.1147
vn -0.0472 0.9932 -0.1063
vn 0.1127 0.9934 0.0191
vn 0.2826 0.9508 0.1270
vn 0.0195 0.9841 0.1768
vn -0.1170 0.9780 0.1726
vn -0.1015 0.9910 -0.0878
vn 0.6932 0.7165 0.0773
vn 0.7130 0.6950 0.0934
vn -0.3652 0.8568 0.3639
vn -0.8768 0.4444 0.1838
vn 0.4018 0.7415 -0.5374
vn -0.1318 0.8942 -0.4278
vn 0.4664 0.8464 -0.2571
vn -0.0009 0.9653 -0.2610
vn 0.0631 0.9905 -0.1223
vn -0.0033 0.9937 -0.1122
vn -0.0253 0.9919 -0.1244
vn 0.0125 0.9990 -0.0438
vn 0.1101 0.9939 0.0099
vn 0.0340 0.9967 0.0742
vn 0.0779 0.9904 0.1141
vn -0.0252 0.9996 -0.0118
vn 0.2463 0.9666 -0.0705
vn 0.4995 0.8622 -0.0841
vn 0.3796 0.9145 -0.1402
vn 0.6876 0.7259 -0.0163
vn 0.5976 0.8017 -0.0112
vn 0.3784 0.8550 0.3546
vn 0.4754 0.8470 -0.2381
vn 0.4311 0.8760 -0.2163
vn 0.4510 0.8016 -0.3924
vn -0.0733 0.9841 -0.1617
vn -0.0005 0.9903 -0.1393
vn 0.0606 0.9884 -0.1392
vn 0.0303 0.9891 -0.1441
vn -0.0492 0.9923 -0.1137
vn -0.0285 0.9959 -0.0855
vn -0.0441 0.9949 -0.0907
vn -0.0394 0.9991 0.0169
vn 0.0132 0.9954 0.0951
vn 0.0246 0.9958 0.0886
vn -0.0601 0.9139 0.4016
vn -0.2784 0.9514 0.1312
vn 0.4710 0.8552 0.2165
vn 0.6832 0.7252 0.0852
vn 0.2447 0.9208 -0.3037
vn 0.0216 0.9953 0.0947
vn 0.3978 0.8216 -0.4083
vn -0.2637 0.9640 -0.0335
vn -0.0272 0.9958 0.0877
vn 0.0106 0.9857 -0.1683
vn 0.0025 0.9963 0.0858
vn 0.2258 0.9609 0.1600
vn 0.4997 0.8607 0.0969
vn -0.0911 0.9804 0.1747
vn -0.3046 0.9525 0.0065
vn 0.1879 0.9618 0.1990
vn 0.6366 0.7625 0.1157
vn 0.1704 0.7334 -0.6581
vn 0.4572 0.7187 -0.5238
vn 0.3787 0.7914 -0.4799
vn 0.0811 0.9812 -0.1750
vn 0.2753 0.2114 -0.9378
vn 0.0068 0.9978 -0.0666
vn -0.0317 0.9953 0.0914
vn 0.0013 0.9938 0.1116
vn 0.0501 0.9964 0.0685
vn 0.1018 0.9621 -0.2528
vn 0.2004 0.9797 0.0009
vn 0.6521 0.7559 -0.0579
vn 0.7788 0.5604 -0.2818
vn 0.1053 0.9807 -0.1648
vn 0.7754 0.6263 0.0803
vn 0.6987 0.7002 0.1466
vn -0.1708 0.8855 0.4321
vn -0.2203 0.9626 -0.1577
vn 0.2902 0.9484 -0.1275
vn 0.2398 0.9525 -0.1878
vn -0.1485 0.8847 0.4419
vn -0.2491 0.9630 -0.1028
vn 0.0116 0.9973 -0.0727
vn -0.2080 0.9769 -0.0491
vn -0.1652 0.9840 -0.0669
vn 0.0269 0.9924 0.1202
vn 0.0619 0.9865 0.1517
vn -0.3205 0.8099 0.4913
vn 0.7850 0.6195 -0.0020
vn -0.6229 0.7776 0.0856
vn -0.8312 0.5003 -0.2426
vn 0.0098 0.7168 -0.6972
vn 0.2515 0.6561 -0.7115
vn 0.1139 0.9150 -0.3871
vn 0.2191 0.9708 -0.0977
vn 0.1728 0.9261 -0.3354
vn -0.2583 0.7552 -0.6025
vn 0.0565 0.9623 -0.2661
vn -0.1537 0.9254 -0.3465
vn 0.1072 0.9858 0.1291
vn -0.4875 0.8332 0.2610
vn 0.6116 0.7763 -0.1528
vn 0.4970 0.8207 0.2817
vn 0.6076 0.7926 0.0519
vn 0.6209 0.7839 -0.0044
vn 0.6202 0.7844 -0.0054
vn 0.0887 0.9960 0.0099
vn -0.8824 0.4458 0.1504
vn 0.1525 0.9554 -0.2528
vn -0.2664 0.9638 0.0129
vn -0.2809 0.9069 0.3141
vn -0.3538 0.9311 0.0890
vn -0.5100 0.6401 0.5746
vn -0.1042 0.7617 0.6395
vn -0.4867 0.4977 0.7179
vn 0.1952 0.9789 0.0607
vn 0.4974 0.8622 0.0963
vn 0.4762 0.6873 0.5486
vn 0.0503 0.9784 0.2006
vn -0.3615 0.9057 -0.2215
vn -0.0322 0.9926 0.1171
vn -0.1059 0.8405 0.5314
vn 0.3825 0.7136 0.5870
vn -0.4142 0.5773 0.7037
vn 0.5907 0.8057 -0.0434
vn 0.7439 0.5301 0.4069
vn 0.6802 0.6943 0.2350
vn -0.6230 0.7625 0.1744
vn -0.8182 0.4112 -0.4017
vn -0.4944 0.8690 0.0206
vn 0.0723 0.9925 0.0989
vn 0.0097 0.9926 0.1212
vn -0.1626 0.9859 0.0405
vn -0.5710 0.7089 0.4141
vn -0.0566 0.8996 0.4331
vn -0.6491 0.7277 0.2217
vn 0.6288 0.7239 0.2839
vn 0.6707 0.7243 0.1597
vn -0.1468 0.4233 -0.8940
vn -0.2767 0.9248 0.2613
vn -0.1001 0.9949 0.0109
vn -0.4718 0.8603 0.1930
vn -0.1148 0.9176 0.3805
vn 0.0864 0.9961 -0.0202
vn 0.2403 0.9662 -0.0934
vn 0.4749 0.5296 -0.7029
vn -0.3484 0.4168 -0.8395
vn -0.4957 0.6234 0.6047
vn -0.6009 0.7317 0.3218
vn -0.6795 0.5931 0.4318
vn 0.2099 0.9637 0.1650
vn 0.5134 0.8576 0.0294
vn 0.4555 0.8673 0.2006
vn 0.5080 0.8608 0.0308
vn 0.6531 0.7251 0.2184
vn 0.5556 0.7925 0.2515
vn 0.4972 0.7293 -0.4701
vn -0.0356 0.3677 -0.9293
vn -0.4495 0.8655 -0.2210
vn -0.0304 0.9980 0.0555
vn 0.0069 0.9961 0.0884
vn 0.4672 0.8835 -0.0350
vn -0.4558 0.8313 0.3182
vn -0.1093 0.8608 0.4971
vn 0.2796 0.9593 0.0402
vn 0.4821 0.8505 -0.2101
vn 0.7322 0.6777 0.0684
vn 0.6061 0.7723 -0.1906
vn 0.4616 0.8867 0.0282
vn -0.1721 0.9514 -0.2553
vn -0.0464 0.9840 0.1723
vn 0.2164 0.6976 0.6831
vn -0.3355 0.8401 0.4262
vn -0.3442 0.8983 0.2731
vn -0.7307 0.6444 -0.2252
vn -0.7628 0.4361 0.4774
vn 0.3440 0.9105 0.2296
vn 0.3784 0.8068 0.4538
vn 0.5433 0.8304 0.1235
vn 0.6848 0.7169 0.1306
vn -0.8160 0.5533 -0.1673
vn 0.3140 0.8721 0.3752
vn 0.2173 0.9420 0.2557
vn 0.6392 0.7185 0.2742
vn 0.6223 0.7793 0.0735
vn 0.4735 0.8713 -0.1289
vn 0.7701 0.6193 0.1530
vn 0.0478 0.5585 0.8281
vn 0.2265 0.5114 0.8290
vn -0.0311 0.9987 -0.0403
vn -0.0360 0.9985 -0.0407
vn -0.2574 0.9663 -0.0062
vn -0.5930 0.7356 0.3274
vn -0.6142 0.5153 0.5977
vn 0.0060 0.8824 -0.4705
vn 0.3725 0.9209 -0.1150
vn 0.5723 0.7769 0.2624
vn 0.6243 0.7799 0.0456
vn 0.6389 0.7686 0.0313
vn 0.6188 0.7436 0.2532
vn 0.6021 0.7977 -0.0332
vn 0.7641 0.5487 0.3393
vn -0.3551 0.3943 0.8476
vn -0.5948 0.3176 0.7385
vn -0.2696 0.4405 0.8563
vn 0.2067 0.4801 0.8525
vn 0.0028 0.5135 0.8581
vn -0.1285 0.9826 -0.1340
vn -0.0573 0.9975 -0.0423
vn -0.7297 0.6838 0.0012
vn 0.0260 0.9986 0.0450
vn 0.5949 0.5108 0.6206
vn -0.4260 0.5643 0.7072
vn 0.3324 0.5458 0.7692
vn -0.1738 0.9081 0.3811
vn -0.6909 0.7047 -0.1615
vn -0.7522 0.5650 0.3390
vn -0.1993 0.7523 0.6279
vn 0.3965 0.8937 -0.2099
vn 0.4455 0.8253 0.3470
vn 0.7609 0.6155 0.2054
vn 0.3234 0.9432 0.0762
vn 0.5351 0.8442 -0.0314
vn 0.1736 0.5602 0.8099
vn 0.1835 0.5584 0.8090
vn -0.1453 0.4001 0.9049
vn -0.1341 0.4586 0.8784
vn -0.1627 0.3487 0.9230
vn -0.2329 0.4137 0.8801
vn 0.1210 0.4727 0.8729
vn -0.6141 0.5460 0.5699
vn 0.2517 0.5762 0.7776
vn 0.4377 0.5450 0.7151
vn -0.6824 0.6952 -0.2258
vn -0.6827 0.5547 0.4757
vn -0.8492 0.4478 -0.2799
vn -0.4710 0.8083 0.3533
vn 0.0546 0.9971 -0.0537
vn 0.5374 0.7805 0.3195
vn 0.5262 0.7860 -0.3245
vn 0.1797 0.7628 0.6212
vn -0.3913 0.5111 0.7653
vn -0.4583 0.5712 0.6810
vn 0.1153 0.5361 0.8362
vn 0.5439 0.5996 0.5871
vn 0.6100 0.5595 0.5611
vn 0.4809 0.7710 0.4175
vn 0.7717 0.3946 0.4988
vn -0.1919 0.9799 -0.0546
vn -0.1282 0.9865 -0.1021
vn -0.1187 0.9860 -0.1173
vn -0.2507 0.9621 -0.1076
vn -0.1974 0.9793 -0.0448
vn -0.3301 0.7352 -0.5920
vn 0.4932 0.8472 -0.1976
vn -0.3060 0.9466 -0.1018
vn 0.6822 0.7001 0.2110
vn 0.5795 0.8015 0.1480
vn 0.5777 0.8106 0.0959
vn 0.5358 0.8428 -0.0499
vn -0.0977 0.9800 -0.1733
vn -0.6430 0.7206 0.2594
vn -0.5623 0.7404 0.3684
vn 0.1920 0.9393 0.2842
vn 0.4341 0.6034 0.6689
vn 0.5164 0.5627 0.6456
vn -0.2003 0.9775 -0.0665
vn -0.0966 0.9879 -0.1210
vn -0.6733 0.7269 0.1353
vn -0.4156 0.6259 0.6599
vn 0.8685 0.4400 -0.2281
vn 0.1656 0.9695 -0.1805
vn 0.0676 0.9973 0.0290
vn 0.1887 0.9769 0.1002
vn -0.3710 0.6029 -0.7063
vn -0.8421 0.3681 0.3941
vn 0.1245 0.9706 -0.2062
vn 0.4127 0.8830 0.2234
vn 0.6345 0.7099 -0.3056
vn 0.4515 0.8567 -0.2496
vn 0.4743 0.8802 0.0165
vn -0.4663 0.8841 -0.0308
vn -0.4473 0.7783 0.4405
vn 0.1678 0.8092 0.5631
vn -0.1864 0.9768 -0.1054
vn -0.1051 0.9879 -0.1144
vn -0.1035 0.9882 -0.1130
vn -0.7200 0.6643 -0.2006
vn -0.7015 0.4541 0.5493
vn 0.1336 0.9799 0.1480
vn -0.9015 0.3863 -0.1953
vn 0.8578 0.2565 0.4454
vn 0.0523 0.9943 -0.0934
vn 0.6942 0.6847 -0.2219
vn -0.5215 0.8520 0.0462
vn -0.7154 0.6513 -0.2531
vn -0.7491 0.6070 -0.2653
vn -0.0125 0.9778 -0.2090
vn -0.5346 0.7220 -0.4393
vn -0.7030 0.5523 -0.4479
vn 0.4038 0.8572 -0.3196
vn 0.3938 0.9024 -0.1752
vn 0.6077 0.7926 -0.0506
vn 0.5295 0.8479 0.0253
vn 0.5873 0.8084 0.0399
vn 0.5516 0.8115 0.1928
vn -0.4951 0.8566 -0.1454
vn -0.8314 0.4930 0.2564
vn -0.3587 0.9039 -0.2330
vn -0.7608 0.6467 0.0545
vn 0.6268 0.7791 -0.0144
vn 0.5157 0.7130 0.4750
vn -0.0385 0.9935 0.1074
vn -0.1140 0.9935 0.0063
vn -0.7098 0.6749 -0.2017
vn -0.7396 0.6607 0.1281
vn -0.7427 0.5437 -0.3909
vn -0.1289 0.9676 0.2170
vn -0.0149 0.8977 -0.4403
vn 0.1931 0.9704 -0.1449
vn 0.6449 0.6549 -0.3940
vn 0.5690 0.7744 -0.2765
vn 0.5611 0.7185 -0.4111
vn 0.2521 0.8988 -0.3586
vn -0.7474 0.5990 -0.2874
vn -0.5826 0.7543 0.3027
vn -0.7560 0.6545 0.0125
vn 0.4642 0.8331 0.3006
vn 0.1660 0.7547 0.6347
vn 0.2006 0.7384 0.6438
vn 0.0109 0.9998 0.0188
vn -0.6712 0.7258 -0.1508
vn -0.4045 0.7426 0.5337
vn 0.0407 0.9984 -0.0405
vn 0.4722 0.8780 -0.0789
vn 0.5640 0.8104 -0.1587
vn 0.5529 0.8248 -0.1181
vn 0.6712 0.7375 -0.0741
vn -0.7528 0.6175 -0.2281
vn -0.6546 0.7239 0.2181
vn 0.3083 0.8596 0.4074
vn -0.2133 0.9558 0.2021
vn 0.0184 0.9933 0.1137
vn -0.0530 0.9968 0.0598
vn -0.0642 0.9974 -0.0326
vn -0.0669 0.9955 -0.0665
vn -0.3025 0.9500 -0.0774
vn -0.6887 0.6123 -0.3882
vn -0.8037 0.5016 0.3201
vn -0.1768 0.9156 -0.3613
vn 0.2135 0.9759 -0.0458
vn 0.7566 0.6522 -0.0465
vn 0.2470 0.8868 -0.3907
vn 0.0112 0.9423 -0.3345
vn -0.8262 0.5613 0.0472
vn -0.5420 0.6719 -0.5048
vn 0.1118 0.9429 0.3138
vn -0.0046 0.9708 0.2400
vn 0.0692 0.9780 0.1967
vn 0.0278 0.9869 0.1588
vn -0.0172 0.9975 -0.0686
vn -0.0672 0.9955 -0.0671
vn -0.1563 0.7917 -0.5905
vn -0.8207 0.4212 -0.3861
vn 0.3148 0.9265 0.2062
vn 0.5191 0.8411 -0.1521
vn 0.8169 0.5104 -0.2687
vn -0.8763 0.4818 0.0013
vn -0.7534 0.6354 -0.1691
vn 0.2227 0.9749 -0.0071
vn 0.0275 0.9636 -0.2658
vn 0.1651 0.9316 0.3238
vn -0.5004 0.5952 -0.6287
vn 0.1610 0.9862 0.0391
vn 0.5298 0.6181 -0.5807
vn 0.2869 0.8426 -0.4558
vn 0.5442 0.6876 -0.4806
vn 0.4327 0.8918 -0.1321
vn 0.6614 0.7137 -0.2306
vn 0.5892 0.7126 -0.3808
vn -0.1756 0.9789 -0.1048
vn -0.7529 0.6271 -0.1995
vn -0.7951 0.6063 0.0167
vn -0.5964 0.4582 0.6590
vn 0.3377 0.9412 0.0042
vn 0.7973 0.5846 -0.1502
vn 0.3933 0.8305 0.3945
vn 0.2219 0.9062 0.3599
vn 0.0466 0.9969 0.0639
vn 0.0415 0.9981 -0.0457
vn -0.2861 0.7443 -0.6035
vn -0.5156 0.8017 -0.3023
vn -0.6061 0.6816 -0.4100
vn 0.1992 0.9756 0.0926
vn 0.5713 0.7187 0.3964
vn -0.5379 0.8421 0.0408
vn -0.7139 0.6531 -0.2524
vn 0.5543 0.5783 -0.5986
vn 0.8571 0.4896 0.1606
vn 0.0466 0.9929 0.1091
vn 0.3890 0.9045 0.1749
vn 0.0988 0.9930 0.0640
vn -0.5247 0.8428 -0.1196
vn -0.5878 0.8038 -0.0920
vn -0.4227 0.9062 -0.0102
vn 0.1958 0.9750 -0.1050
vn 0.5828 0.8055 0.1073
vn 0.4627 0.6915 -0.5548
vn 0.6534 0.6092 -0.4493
vn 0.5019 0.7617 -0.4098
vn 0.3474 0.9374 0.0233
vn -0.6074 0.7672 -0.2063
vn -0.8758 0.0092 -0.4826
vn -0.8558 0.5054 -0.1107
vn -0.6527 0.5669 -0.5026
vn -0.3630 0.9216 -0.1372
vn 0.5185 0.8427 0.1452
vn 0.2238 0.9712 -0.0816
vn 0.0685 0.9973 0.0281
vn 0.1550 0.9879 0.0010
vn 0.1084 0.9814 0.1582
vn 0.0983 0.9865 0.1307
vn 0.1165 0.9924 0.0386
vn 0.0156 0.9963 0.0844
vn -0.5614 0.6261 -0.5411
vn -0.0205 0.8703 -0.4920
vn 0.3061 0.9507 0.0506
vn 0.5691 0.8089 0.1477
vn 0.6523 0.7276 -0.2124
vn 0.4514 0.8667 0.2125
vn 0.3513 0.8655 0.3570
vn -0.4698 0.8823 0.0301
vn -0.6070 0.6368 0.4754
vn 0.1121 0.9886 0.1009
vn 0.0823 0.9953 0.0516
vn -0.1584 0.9627 -0.2193
vn -0.4075 0.7665 -0.4964
vn 0.1120 0.9937 -0.0035
vn 0.5194 0.8522 -0.0627
vn 0.7843 0.5528 0.2815
vn 0.6262 0.7796 -0.0087
vn 0.4215 0.8867 0.1899
vn 0.0333 0.9993 0.0142
vn -0.5943 0.5104 -0.6215
vn -0.0907 0.8832 -0.4601
vn 0.4538 0.8733 -0.1770
vn 0.2245 0.9716 -0.0742
vn 0.2366 0.9715 0.0118
vn 0.0669 0.9940 0.0860
vn 0.0845 0.9870 0.1368
vn 0.1301 0.9304 -0.3428
vn 0.1655 0.9736 0.1569
vn -0.2420 0.7373 -0.6307
vn 0.2005 0.9590 0.2003
vn 0.6339 0.7574 -0.1568
vn 0.5492 0.8173 0.1745
vn 0.6211 0.7828 0.0386
vn -0.3429 0.9116 -0.2268
vn -0.7885 0.5964 -0.1505
vn -0.0409 0.9547 0.2947
vn 0.2003 0.9760 -0.0859
vn 0.0817 0.9928 0.0873
vn 0.0695 0.9935 0.0901
vn 0.1199 0.9903 0.0697
vn -0.0991 0.9866 -0.1299
vn -0.3993 0.7693 -0.4987
vn -0.7231 0.3859 -0.5728
vn -0.2745 0.9458 0.1733
vn -0.8887 0.4203 -0.1831
vn -0.0459 0.4598 -0.8868
vn -0.1351 0.6298 -0.7649
vn 0.6387 0.4397 -0.6315
vn -0.0156 0.5020 0.8647
vn 0.2679 0.9614 -0.0625
vn 0.6333 0.6841 0.3620
vn 0.4820 0.7058 0.5192
vn 0.4628 0.7118 0.5283
vn -0.5055 0.6285 0.5911
vn -0.6713 0.4989 0.5481
vn -0.0926 0.9768 -0.1929
vn -0.0214 0.9141 -0.4049
vn 0.0761 0.9917 0.1034
vn 0.0972 0.9883 0.1178
vn 0.0691 0.9904 0.1200
vn 0.1229 0.9894 0.0779
vn 0.2115 0.8848 0.4153
vn 0.1905 0.9708 -0.1461
vn -0.2157 0.9764 -0.0048
vn -0.4091 0.7908 0.4553
vn -0.8407 0.4965 -0.2161
vn -0.2453 0.7345 0.6327
vn 0.0184 0.5407 -0.8410
vn -0.0106 0.8409 -0.5410
vn 0.5810 0.5588 -0.5917
vn 0.7540 0.4331 -0.4939
vn 0.5910 0.7977 0.1204
vn 0.5253 0.8496 0.0469
vn -0.0179 0.9906 0.1353
vn 0.3860 0.6742 0.6296
vn -0.6224 0.5887 0.5158
vn 0.3393 0.7881 0.5136
vn 0.0296 0.9905 -0.1346
vn 0.1815 0.9817 -0.0581
vn 0.0217 0.9989 0.0425
vn 0.0309 0.9880 0.1511
vn 0.0964 0.9828 0.1577
vn 0.0111 0.9843 0.1761
vn 0.0235 0.8877 -0.4598
vn -0.3528 0.9345 0.0471
vn -0.6936 0.6750 0.2515
vn -0.6374 0.7436 -0.2019
vn 0.4276 0.8844 -0.1871
vn -0.7878 0.4902 -0.3731
vn 0.3294 0.9420 0.0646
vn 0.0075 0.9833 0.1816
vn -0.4350 0.3221 -0.8409
vn 0.2281 0.4031 -0.8863
vn 0.2832 0.3955 -0.8737
vn 0.7784 0.6112 0.1435
vn 0.3996 0.7148 0.5739
vn 0.1946 0.9499 0.2444
vn 0.2792 0.9539 0.1100
vn -0.2879 0.9256 0.2456
vn 0.2699 0.8789 0.3933
vn 0.4486 0.8927 -0.0424
vn 0.5774 0.7713 -0.2677
vn 0.6077 0.6950 -0.3843
vn -0.1673 0.9803 -0.1050
vn -0.0580 0.9854 0.1602
vn -0.0279 0.9885 0.1483
vn 0.0735 0.9753 0.2084
vn -0.1801 0.9829 0.0376
vn -0.1185 0.9413 0.3162
vn 0.2365 0.9197 0.3134
vn -0.2045 0.8272 0.5234
vn -0.3490 0.9289 0.1238
vn -0.7529 0.6533 0.0797
vn -0.7783 0.5826 0.2343
vn -0.1120 0.9098 0.3996
vn -0.7247 0.6451 0.2419
vn -0.4887 0.8367 -0.2474
vn -0.6634 0.6699 0.3332
vn -0.6645 0.5439 -0.5125
vn 0.0036 0.6617 -0.7498
vn 0.3437 0.4825 -0.8056
vn -0.1484 0.9422 -0.3003
vn 0.3942 0.6910 -0.6060
vn 0.6255 0.5097 -0.5907
vn 0.4404 0.7990 0.4094
vn 0.5611 0.7705 0.3025
vn -0.3841 0.7157 0.5833
vn -0.6913 0.6536 0.3081
vn 0.1380 0.6816 0.7186
vn -0.4270 0.7911 0.4379
vn 0.6374 0.5360 0.5536
vn 0.6000 0.7996 0.0268
vn 0.7674 0.6207 0.1608
vn 0.5863 0.8017 0.1164
vn -0.0452 0.9983 0.0369
vn -0.0290 0.9991 0.0306
vn 0.0251 0.9824 0.1853
vn 0.0997 0.9693 0.2246
vn 0.0634 0.9411 0.3322
vn -0.5481 0.5459 0.6337
vn -0.5935 0.4142 0.6901
vn -0.5437 0.7898 -0.2840
vn -0.7650 0.5697 0.3003
vn -0.2213 0.7264 -0.6507
vn 0.1243 0.9870 -0.1022
vn 0.6770 0.6853 -0.2685
vn 0.0847 0.9913 0.1009
vn 0.4347 0.8901 0.1368
vn 0.3122 0.8477 0.4289
vn 0.4373 0.6520 0.6194
vn 0.2286 0.7057 0.6706
vn -0.5430 0.6255 0.5602
vn -0.5843 0.6813 0.4409
vn -0.0773 0.9671 0.2423
vn -0.5317 0.7519 0.3898
vn 0.2387 0.6214 0.7462
vn -0.3287 0.7778 0.5357
vn 0.4379 0.7484 0.4981
vn -0.2317 0.9375 0.2597
vn -0.0765 0.9856 0.1507
vn 0.1094 0.9028 0.4158
vn 0.1538 0.8403 0.5199
vn -0.1414 0.8529 0.5026
vn -0.3283 0.6458 0.6893
vn -0.8137 0.5617 -0.1495
vn -0.6192 0.7209 0.3113
vn -0.1347 0.9367 0.3230
vn -0.8555 0.5176 -0.0113
vn -0.2455 0.7332 -0.6341
vn -0.4596 0.8351 0.3022
vn 0.3127 0.9372 -0.1544
vn 0.3301 0.5589 -0.7607
vn 0.3477 0.5002 -0.7930
vn 0.2539 0.9540 -0.1596
vn 0.5821 0.6924 0.4263
vn 0.4895 0.7982 -0.3511
vn 0.5893 0.4938 0.6394
vn -0.2168 0.9725 0.0852
vn 0.1938 0.9758 0.1009
vn -0.6389 0.7685 0.0349
vn 0.0643 0.8440 0.5325
vn 0.3265 0.8240 0.4630
vn 0.1547 0.9708 0.1835
vn 0.1706 0.8377 0.5188
vn 0.5401 0.5963 0.5939
vn 0.6595 0.6655 0.3496
vn 0.7815 0.4816 -0.3967
vn 0.4095 0.9098 -0.0676
vn -0.1946 0.9776 0.0799
vn 0.0531 0.8920 0.4490
vn -0.5709 0.4742 0.6703
vn -0.2698 0.7538 0.5991
vn -0.5298 0.5707 0.6274
vn -0.0411 0.9301 0.3650
vn -0.5849 0.5735 0.5736
vn 0.4040 0.7237 -0.5595
vn 0.5890 0.8075 -0.0327
vn 0.3409 0.8584 0.3833
vn 0.5818 0.7844 0.2151
vn -0.1573 0.7983 0.5814
vn -0.6686 0.5544 0.4956
vn -0.3171 0.9431 0.1003
vn -0.1528 0.8103 0.5657
vn 0.4137 0.7003 0.5817
vn -0.2755 0.9211 0.2750
vn -0.1365 0.9507 0.2783
vn -0.0058 0.9712 0.2384
vn -0.0492 0.9677 0.2471
vn -0.0003 0.9693 0.2457
vn 0.0505 0.9672 0.2489
vn -0.0072 0.8967 0.4426
vn 0.1775 0.9132 0.3668
vn -0.1298 0.8322 0.5391
vn -0.5747 0.7031 0.4188
vn -0.5063 0.4916 0.7085
vn 0.4980 0.7746 -0.3898
vn -0.6704 0.6598 0.3394
vn -0.4515 0.7703 -0.4502
vn -0.1647 0.9251 -0.3421
vn 0.6342 0.7703 0.0663
vn 0.0253 0.6710 -0.7410
vn 0.5587 0.6623 -0.4992
vn 0.5365 0.8277 -0.1645
vn 0.4027 0.9062 -0.1288
vn 0.2912 0.9523 -0.0914
vn 0.4434 0.8504 0.2831
vn -0.4069 0.8123 0.4179
vn -0.2917 0.9134 0.2838
vn 0.0198 0.8843 0.4665
vn 0.3837 0.7342 0.5601
vn 0.3458 0.9322 0.1069
vn 0.9076 0.3691 0.2002
vn 0.7170 0.4874 0.4983
vn 0.2187 0.6693 0.7100
vn -0.2129 0.8204 0.5307
vn -0.0346 0.8607 0.5079
vn -0.0143 0.9554 0.2950
vn 0.0019 0.9584 0.2855
vn 0.1350 0.9393 0.3155
vn -0.0386 0.8434 0.5359
vn 0.2052 0.9270 0.3140
vn -0.2385 0.9687 -0.0688
vn -0.6800 0.7320 -0.0422
vn -0.6798 0.4638 0.5681
vn -0.2930 0.8277 0.4786
vn -0.5676 0.2674 0.7787
vn -0.2903 0.3990 0.8698
vn 0.4802 0.6178 0.6227
vn 0.4021 0.8102 -0.4266
vn -0.3137 0.8431 0.4369
vn 0.5790 0.7690 -0.2708
vn 0.7186 0.6677 -0.1944
vn 0.3331 0.9250 -0.1828
vn 0.6329 0.7725 0.0523
vn 0.7515 0.6009 -0.2725
vn -0.4287 0.8221 0.3748
vn 0.1034 0.9581 0.2670
vn 0.4646 0.8569 0.2231
vn 0.3614 0.7679 0.5289
vn 0.1909 0.8537 0.4845
vn -0.3826 0.9164 0.1177
vn 0.6421 0.5645 0.5187
vn -0.0380 0.9458 0.3225
vn 0.0026 0.9493 0.3142
vn 0.0994 0.9502 0.2954
vn -0.4068 0.6499 0.6420
vn -0.1805 0.9747 0.1322
vn 0.4453 0.6760 0.5871
vn 0.3309 0.7897 0.5167
vn 0.0793 0.9949 0.0625
vn 0.0385 0.8997 0.4349
vn 0.1655 0.9853 -0.0427
vn -0.4414 0.8044 -0.3977
vn -0.0666 0.9355 0.3471
vn -0.6252 0.6604 0.4160
vn 0.1407 0.9899 0.0155
vn 0.0584 0.9291 0.3652
vn -0.2008 0.9147 0.3509
vn 0.2775 0.7938 0.5412
vn 0.3715 0.5079 0.7772
vn 0.4619 0.5768 0.6738
vn 0.8909 0.3943 0.2254
vn 0.2886 0.7537 0.5904
vn 0.1860 0.7983 0.5728
vn 0.0341 0.9142 0.4037
vn 0.0048 0.9309 0.3652
vn -0.0812 0.9308 0.3564
vn 0.1399 0.9254 0.3523
vn 0.1059 0.9045 0.4130
vn -0.4454 0.7953 -0.4112
vn 0.3509 0.8164 -0.4586
vn -0.2266 0.8188 0.5274
vn 0.0797 0.9900 -0.1167
vn 0.3921 0.7451 -0.5395
vn 0.1046 0.9213 -0.3744
vn -0.1026 0.9691 -0.2243
vn 0.0890 0.8620 0.4990
vn -0.4894 0.0113 0.8720
vn -0.3246 0.7523 0.5734
vn 0.8193 0.4364 -0.3718
vn 0.5550 0.5246 0.6456
vn 0.8757 0.4742 0.0914
vn 0.9312 0.2936 0.2160
vn 0.0757 0.8718 0.4840
vn 0.0396 0.9014 0.4311
vn -0.0524 0.8931 0.4468
vn 0.1536 0.9355 0.3181
vn -0.1989 0.9476 -0.2501
vn 0.5487 0.8327 -0.0746
vn 0.3975 0.8649 -0.3065
vn 0.4467 0.8584 -0.2522
vn 0.0606 0.9855 0.1586
vn -0.5286 0.8459 -0.0707
vn -0.6126 0.7903 -0.0062
vn -0.7647 0.4814 -0.4284
vn -0.5297 0.8441 0.0826
vn -0.6296 0.7761 -0.0363
vn -0.5188 0.7548 0.4013
vn 0.4793 0.7218 0.4993
vn 0.4135 0.5555 0.7214
vn 0.8162 0.4302 0.3856
vn 0.8067 0.1575 0.5696
vn 0.2471 0.7921 0.5581
vn 0.2117 0.8375 0.5038
vn 0.0744 0.8729 0.4822
vn 0.4096 0.7548 -0.5123
vn 0.4348 0.8960 0.0906
vn -0.1728 0.9151 -0.3644
vn 0.0623 0.8300 0.5542
vn 0.0626 0.4126 0.9088
vn -0.5084 0.8204 0.2616
vn -0.1809 0.7188 -0.6713
vn -0.0293 0.4967 -0.8674
vn -0.2452 0.5235 -0.8160
vn 0.3100 0.4383 -0.8437
vn -0.4111 0.3395 -0.8460
vn 0.4512 0.6184 -0.6435
vn -0.0691 0.4619 -0.8842
vn 0.6785 0.7088 -0.1932
vn -0.0433 0.9409 -0.3360
vn 0.1810 0.9826 0.0411
vn 0.5702 0.6993 -0.4310
vn 0.6160 0.5764 -0.5370
vn -0.2015 0.4801 -0.8538
vn -0.1076 0.4120 -0.9048
vn 0.0510 0.4721 -0.8801
vn 0.2142 0.3475 -0.9129
vn 0.1050 0.5310 -0.8409
vn -0.0337 0.5798 -0.8141
vn -0.5345 0.6837 -0.4969
vn 0.6633 0.6852 -0.3010
vn -0.2539 0.7277 -0.6372
vn -0.4123 0.6303 -0.6578
vn -0.3491 0.5516 -0.7575
vn -0.0940 0.5220 -0.8478
vn 0.0995 0.7912 -0.6034
vn -0.1059 0.7589 -0.6425
vn -0.0448 0.7434 -0.6673
vn 0.2123 0.9265 -0.3107
vn 0.2909 0.9002 -0.3241
vn 0.4936 0.7138 -0.4968
vn -0.0691 0.9850 -0.1579
vn 0.5920 0.7840 -0.1870
vn 0.5314 0.8454 -0.0543
vn 0.6789 0.7084 -0.1933
vn 0.6037 0.7961 0.0433
vn 0.7647 0.5161 -0.3859
vn 0.6511 0.7557 -0.0698
vn -0.5906 0.7446 -0.3110
vn -0.1308 0.7362 -0.6640
vn -0.4540 0.5768 -0.6791
vn -0.4603 0.6126 -0.6425
vn -0.2386 0.5217 -0.8191
vn -0.1453 0.5661 -0.8115
vn -0.4483 0.7513 -0.4844
vn 0.0071 0.7875 -0.6162
vn -0.3039 0.7579 -0.5772
vn 0.1880 0.9175 -0.3506
vn 0.7551 0.6502 0.0841
vn 0.5224 0.8516 -0.0431
vn 0.7343 0.6604 0.1569
vn -0.1103 0.9189 -0.3787
vn -0.6828 0.6260 -0.3767
vn -0.2784 0.8842 -0.3751
vn -0.4584 0.7941 -0.3991
vn -0.0634 0.8427 -0.5346
vn 0.2421 0.7573 -0.6065
vn 0.3234 0.8220 -0.4687
vn -0.7685 0.5905 -0.2464
vn 0.6059 0.7918 -0.0774
vn -0.1559 0.9495 -0.2725
vn -0.0046 0.9830 -0.1838
vn -0.2803 0.8102 -0.5149
vn 0.2457 0.9677 0.0569
vn 0.0864 0.9926 -0.0854
vn 0.3547 0.8604 -0.3660
vn -0.7767 0.4819 -0.4056
vn -0.3423 0.7464 -0.5708
vn 0.2409 0.9694 -0.0476
vn -0.2373 0.9682 0.0795
vn 0.2422 0.9460 0.2156
vn 0.4478 0.8777 -0.1708
vn 0.1962 0.9762 0.0923
vn 0.5335 0.8342 0.1394
vn -0.6255 0.7788 -0.0470
vn 0.4332 0.8855 0.1681
vn -0.1079 0.9689 0.2228
vn 0.2487 0.8682 -0.4295
vn -0.8549 0.4488 -0.2602
vn -0.5165 0.8516 -0.0892
vn 0.2239 0.9633 -0.1482
vn -0.6439 0.6816 -0.3477
vn 0.2238 0.9740 0.0336
vn -0.3413 0.6641 -0.6652
vn -0.0654 0.9937 0.0913
vn -0.3510 0.6669 -0.6572
vn 0.1381 0.9533 0.2686
vn -0.1056 0.9775 0.1826
vn 0.2218 0.9671 0.1244
vn -0.0311 0.9974 -0.0657
vn 0.2285 0.9591 0.1669
vn 0.4406 0.8941 0.0796
vn 0.6891 0.7241 0.0287
vn 0.3913 0.9193 0.0425
vn -0.5943 0.7892 -0.1550
vn 0.4128 0.8943 0.1728
vn 0.0086 0.8221 -0.5693
vn 0.6819 0.7314 0.0008
vn -0.0465 0.9935 0.1040
vn -0.7810 0.6194 -0.0795
vn 0.0646 0.8101 -0.5828
vn -0.2570 0.7073 -0.6585
vn -0.1521 0.9677 0.2010
vn 0.4283 0.9007 0.0737
vn 0.1639 0.9665 0.1975
vn 0.4981 0.8578 -0.1267
vn 0.7506 0.6500 0.1182
vn -0.6085 0.7928 -0.0355
vn 0.2685 0.9612 -0.0636
vn 0.7122 0.6972 0.0820
vn 0.0229 0.9816 -0.1896
vn 0.0528 0.9828 -0.1772
vn -0.1363 0.9906 -0.0091
vn 0.0826 0.9966 -0.0065
vn -0.2177 0.8358 -0.5040
vn 0.0307 0.9329 -0.3589
vn -0.2859 0.9277 -0.2401
vn -0.1908 0.9605 -0.2026
vn -0.1512 0.9391 0.3085
vn 0.8531 -0.1421 -0.5020
vn 0.2632 0.8910 -0.3699
vn -0.5059 0.8617 0.0392
vn -0.5587 0.7759 0.2930
vn -0.8103 0.3895 -0.4379
vn -0.6618 0.7486 -0.0402
vn -0.0291 0.8423 0.5383
vn 0.0113 0.8479 0.5301
vn -0.2154 0.9748 0.0584
vn 0.4884 0.8726 0.0064
vn 0.5757 0.7390 -0.3500
vn 0.5783 0.7839 -0.2259
vn 0.5237 0.8284 -0.1988
vn -0.4012 0.8524 -0.3354
vn -0.0455 0.9987 0.0230
vn 0.1030 0.9946 -0.0094
vn -0.1301 0.9892 -0.0674
vn -0.0546 0.9971 -0.0523
vn -0.3706 0.9132 -0.1695
vn 0.5386 0.8279 -0.1564
vn 0.4192 0.8718 -0.2535
vn 0.0771 0.9521 0.2959
vn -0.2970 0.7992 0.5225
vn -0.0268 0.9888 -0.1465
vn -0.4060 0.8725 -0.2720
vn 0.5406 0.7996 0.2614
vn 0.7090 0.7047 0.0266
vn 0.6507 0.7593 -0.0083
vn -0.7253 0.6807 0.1029
vn 0.6806 0.7327 0.0036
vn 0.5666 0.8240 -0.0023
vn -0.0258 0.9937 -0.1087
vn 0.1001 0.9941 -0.0415
vn 0.0393 0.9969 -0.0678
vn 0.0418 0.9937 -0.1044
vn 0.0902 0.9949 0.0460
vn 0.1164 0.9908 0.0687
vn -0.8112 0.4978 -0.3069
vn 0.8126 0.4719 -0.3421
vn 0.2408 0.9704 -0.0189
vn -0.2182 0.9680 0.1238
vn 0.5684 0.2543 -0.7824
vn 0.3708 0.7614 0.5317
vn 0.7167 0.6482 -0.2572
vn -0.5512 0.8076 0.2097
vn -0.7727 0.6345 0.0170
vn -0.4599 0.5628 0.6869
vn -0.8422 0.4265 0.3297
vn -0.5773 0.8146 0.0568
vn -0.6389 0.4781 0.6027
vn -0.6811 0.7088 0.1836
vn 0.2770 0.7545 -0.5950
vn 0.7310 0.6781 0.0755
vn 0.5203 0.8493 0.0897
vn 0.7584 0.6342 0.1503
vn 0.6624 0.7482 -0.0376
vn 0.5183 0.8536 -0.0516
vn 0.0221 0.9816 -0.1897
vn -0.0314 0.9995 0.0100
vn -0.0851 0.9963 -0.0086
vn -0.0395 0.9772 -0.2084
vn 0.4935 0.4085 -0.7678
vn -0.2791 0.9508 -0.1347
vn -0.1212 0.8346 0.5374
vn 0.4245 0.6693 -0.6098
vn -0.5473 0.7921 -0.2702
vn -0.8466 0.3727 -0.3799
vn -0.6489 0.4749 0.5945
vn -0.4843 0.8602 0.1598
vn -0.6135 0.5755 -0.5408
vn -0.6581 0.6096 0.4420
vn 0.4261 0.9046 -0.0086
vn 0.1411 0.9899 -0.0123
vn 0.2865 0.8459 -0.4499
vn 0.6298 0.7477 -0.2104
vn 0.5088 0.8356 -0.2071
vn 0.0316 0.9987 -0.0407
vn 0.0584 0.9983 0.0058
vn 0.0080 0.9969 0.0787
vn -0.5385 0.5005 -0.6779
vn -0.6203 0.4170 -0.6643
vn 0.1494 0.3835 -0.9114
vn 0.2420 0.9372 0.2511
vn 0.0812 0.8951 -0.4384
vn -0.4859 0.5772 -0.6564
vn -0.5439 0.7520 0.3724
vn -0.9609 0.1852 0.2060
vn 0.6627 0.7270 0.1797
vn -0.5050 0.5351 -0.6773
vn -0.2527 0.6874 -0.6809
vn 0.5226 0.8518 -0.0349
vn 0.1081 0.9939 -0.0220
vn 0.4609 0.8865 -0.0415
vn 0.5736 0.8188 -0.0213
vn 0.7028 0.7094 0.0532
vn -0.2490 0.9631 -0.1017
vn -0.7216 0.6764 -0.1473
vn -0.4011 0.9153 -0.0351
vn 0.0510 0.9982 -0.0328
vn -0.0443 0.9989 -0.0134
vn -0.5498 0.5211 -0.6528
vn -0.2978 0.4126 -0.8608
vn 0.1961 0.4523 -0.8700
vn 0.1893 0.4551 -0.8701
vn 0.4304 0.5181 -0.7392
vn -0.4947 0.8691 -0.0006
vn 0.3082 0.9486 0.0722
vn -0.4580 0.7797 0.4270
vn 0.1142 0.7548 0.6460
vn -0.4955 0.4196 0.7605
vn 0.6194 0.6824 0.3881
vn -0.3812 0.4136 0.8268
vn 0.5314 0.8471 0.0046
vn -0.8534 0.4278 0.2978
vn -0.6832 0.6702 -0.2899
vn 0.2317 0.9563 0.1783
vn 0.6298 0.7536 0.1883
vn 0.6757 0.6783 0.2886
vn -0.2648 0.9371 -0.2272
vn -0.4976 0.8092 -0.3125
vn -0.5471 0.5275 -0.6500
vn -0.4035 0.4993 -0.7667
vn -0.2065 0.4072 -0.8897
vn 0.6073 0.5599 -0.5637
vn 0.3584 0.7856 -0.5044
vn -0.0493 0.9939 0.0983
vn -0.5131 0.5561 -0.6539
vn 0.0086 0.9932 -0.1159
vn -0.4454 0.8872 0.1205
vn -0.0959 0.9935 -0.0619
vn -0.1088 0.9926 -0.0544
vn -0.5544 0.4958 -0.6685
vn 0.6717 0.6007 0.4336
vn -0.8509 0.4280 -0.3045
vn 0.3821 0.3010 -0.8737
vn 0.8067 0.4376 0.3971
vn -0.8044 0.4598 -0.3761
vn -0.3096 0.7392 -0.5981
vn -0.1242 0.8454 -0.5194
vn -0.1067 0.9528 -0.2843
vn -0.1567 0.9747 0.1592
vn 0.0058 0.9883 0.1522
vn 0.3205 0.9472 -0.0038
vn 0.4922 0.6714 0.5541
vn 0.3128 0.7027 0.6391
vn -0.3468 0.9365 0.0513
vn 0.5873 0.5966 0.5469
vn 0.2844 0.8942 0.3458
vn -0.3299 0.4404 0.8350
vn 0.0790 0.6691 0.7390
vn -0.0671 0.6393 0.7660
vn 0.4935 0.5958 0.6336
vn 0.3141 0.8982 0.3077
vn 0.1938 0.6247 0.7564
vn -0.2403 0.8800 0.4098
vn 0.1407 0.9473 0.2878
vn -0.3405 0.6069 0.7182
vn 0.0220 0.6539 0.7563
vn -0.3048 0.5601 0.7703
vn -0.1003 0.5081 0.8554
vn -0.2562 0.4383 0.8615
vn -0.0744 0.4650 0.8822
vn 0.0576 0.4350 0.8986
vn -0.4021 0.4361 0.8051
vn 0.2700 0.5487 0.7912
vn 0.1433 0.5931 0.7922
vn 0.0693 0.5431 0.8368
vn 0.0388 0.7791 0.6257
vn 0.1964 0.7565 0.6238
vn 0.3662 0.7197 0.5898
vn 0.6540 0.6483 0.3898
vn 0.5156 0.7697 0.3765
vn -0.5416 0.4542 0.7074
vn 0.2005 0.8557 0.4771
vn 0.5993 0.5668 0.5653
vn -0.3079 0.5476 0.7780
vn -0.0924 0.7514 0.6533
vn -0.1478 0.8123 0.5642
vn 0.0569 0.6480 0.7595
vn 0.2351 0.5437 0.8057
vn 0.1600 0.5465 0.8220
vn -0.0493 0.5467 0.8359
vn 0.1020 0.4526 0.8858
vn -0.1820 0.5692 0.8018
vn 0.0211 0.5356 0.8442
vn -0.0016 0.5095 0.8605
vn 0.1823 0.5277 0.8296
vn 0.3258 0.6071 0.7248
vn 0.4651 0.5566 0.6883
vn -0.2185 0.7720 0.5968
vn 0.0618 0.7636 0.6427
vn -0.2726 0.7886 0.5512
vn -0.0143 0.9024 0.4307
vn -0.5025 0.6471 0.5734
vn -0.3553 0.7333 0.5796
vn -0.1986 0.7831 0.5893
vn 0.1762 0.7671 0.6168
vn 0.3636 0.7216 0.5892
vn 0.2535 0.5787 0.7752
vn -0.0677 0.9171 0.3929
vn -0.6507 0.5572 0.5159
vn -0.2819 0.8255 0.4890
vn 0.6067 0.7185 0.3401
vn 0.0452 0.9934 0.1050
vn -0.2136 0.8161 0.5369
vn -0.3284 0.6539 0.6815
vn -0.0390 0.7645 0.6434
vn -0.3650 0.5619 0.7423
vn 0.3703 0.9227 0.1071
vn 0.0432 0.6661 0.7446
vn -0.2784 0.4880 0.8273
vn -0.0486 0.4493 0.8920
vn 0.0953 0.3946 0.9139
vn 0.1446 0.4448 0.8839
vn 0.1513 0.5387 0.8288
vn 0.1439 0.5425 0.8276
vn 0.1526 0.5434 0.8255
vn 0.2841 0.6461 0.7084
vn 0.1507 0.7359 0.6601
vn -0.3828 0.7220 0.5764
vn 0.5111 0.7738 0.3742
vn 0.0360 0.8828 0.4683
vn -0.2661 0.4483 0.8534
vn 0.0571 0.7173 0.6944
vn 0.3854 0.5622 0.7317
vn -0.2701 0.9530 0.1369
vn -0.0357 0.8713 0.4894
vn 0.3600 0.9281 0.0946
vn 0.2864 0.7751 0.5632
vn 0.0754 0.8010 0.5939
vn 0.4781 0.5980 0.6433
vn -0.0346 0.7882 0.6144
vn -0.4261 0.7677 0.4787
vn -0.1851 0.8220 0.5386
vn 0.0480 0.8438 0.5345
vn 0.3615 0.8126 0.4573
vn 0.5314 0.6565 0.5354
vn 0.4171 0.7282 0.5438
vn -0.6708 0.5834 0.4580
vn -0.2360 0.4695 0.8508
vn -0.3976 0.7822 0.4797
vn -0.6753 0.6863 0.2700
vn 0.1742 0.8683 0.4644
vn 0.6036 0.7071 0.3683
vn -0.2561 0.6776 0.6894
vn -0.1752 0.8573 0.4841
vn 0.4249 0.8029 0.4182
vn -0.5042 0.7029 0.5016
vn 0.2339 0.8790 0.4155
vn 0.1506 0.7723 0.6171
vn -0.1991 0.8400 0.5047
vn 0.2638 0.9047 0.3345
vn -0.5372 0.7630 0.3596
vn 0.5899 0.7285 0.3484
vn 0.3718 0.9180 0.1384
vn -0.6423 0.7282 0.2392
vn -0.6366 0.7029 0.3172
vn 0.2634 0.8788 0.3980
vn 0.6142 0.7886 0.0287
vn 0.2433 0.9476 0.2070
vn 0.1026 0.9213 0.3750
vn 0.3519 0.8083 0.4721
vn 0.1826 0.9046 0.3853
vn -0.3177 0.7120 0.6263
vn 0.2368 0.9703 -0.0485
vn 0.3088 0.9502 0.0427
vn 0.6918 0.6411 0.3323
vn 0.6792 0.6901 0.2497
vn 0.2890 0.9117 0.2921
vn -0.6801 0.4880 -0.5471
vn -0.0270 0.9927 0.1179
vn 0.2063 0.8467 -0.4904
vn -0.0052 0.9925 -0.1224
vn 0.5764 0.7419 0.3426
vn 0.6439 0.5110 -0.5694
vn -0.6361 0.7566 0.1514
vn 0.2893 0.9552 -0.0626
vn -0.0756 0.9901 0.1180
vn 0.3175 0.9214 -0.2242
vn -0.0793 0.9823 -0.1695
vn 0.8117 0.5799 -0.0699
vn 0.5464 0.8375 0.0022
vn -0.0033 0.9782 -0.2076
vn 0.5008 0.8574 -0.1184
vn -0.5514 0.7870 -0.2767
vn 0.5075 0.8379 -0.2012
vn 0.3145 0.9249 -0.2136
vn 0.1491 0.9769 -0.1534
vn 0.1969 0.7169 -0.6688
vn -0.3521 0.7280 -0.5883
vn 0.4330 0.8615 -0.2653
vn 0.0680 0.9419 -0.3289
vn -0.2115 0.8464 -0.4887
vn -0.6221 0.4503 -0.6405
vn 0.4421 0.8161 -0.3723
vn 0.3108 0.8640 -0.3962
vn 0.4421 0.7878 -0.4288
vn 0.3079 0.8025 -0.5111
vn 0.3055 0.8036 -0.5107
vn 0.2093 0.8021 -0.5593
vn -0.3511 0.8985 -0.2634
vn 0.3390 0.7856 -0.5176
vn 0.4872 0.8262 -0.2829
vn 0.3853 0.7679 -0.5118
vn -0.2543 0.9493 -0.1847
vn 0.3842 0.7969 -0.4661
vn -0.4135 0.5775 -0.7039
vn -0.8109 0.4941 -0.3136
vn 0.3747 0.8146 -0.4427
vn 0.4149 0.6687 -0.6171
vn 0.5825 0.5698 -0.5797
vn 0.4174 0.6952 -0.5852
vn 0.2899 0.9565 -0.0318
vn 0.0789 0.5082 -0.8576
vn -0.0042 0.7239 -0.6899
vn -0.2305 0.8633 -0.4490
vn -0.4215 0.9021 -0.0925
vn -0.4021 0.9019 -0.1579
vn 0.3994 0.8439 -0.3583
vn 0.4186 0.8267 -0.3759
vn 0.5420 0.7295 -0.4172
vn 0.4799 0.8041 -0.3510
vn 0.4012 0.7300 -0.5533
vn 0.3729 0.7499 -0.5465
vn 0.2369 0.9582 0.1602
vn -0.2348 0.7417 -0.6283
vn 0.2816 0.5651 -0.7755
vn -0.3302 0.7963 -0.5069
vn 0.1467 0.9476 -0.2837
vn -0.2847 0.5365 -0.7944
vn -0.1805 0.9059 -0.3832
vn -0.4025 0.7865 -0.4684
vn 0.3220 0.4888 -0.8108
vn 0.4456 0.3843 -0.8085
vn 0.2398 0.5590 -0.7937
vn 0.0920 0.7868 -0.6103
vn 0.2008 0.7326 -0.6503
vn -0.2980 0.8619 -0.4102
vn -0.3255 0.7065 -0.6285
vn -0.7498 0.2682 -0.6049
vn 0.3441 0.8904 -0.2980
vn -0.4856 -0.2660 0.8327
vn -0.0494 0.9984 0.0278
vn -0.3204 0.4520 -0.8325
vn -0.0065 0.7949 -0.6067
vn 0.1460 0.9376 -0.3156
vn -0.0509 0.8120 -0.5815
vn 0.2177 0.6899 -0.6904
vn 0.6078 0.7092 -0.3572
vn 0.4479 0.8651 -0.2256
vn -0.4340 0.8992 -0.0545
vn 0.3421 0.9044 -0.2550
vn 0.4029 0.8587 -0.3166
vn 0.4114 0.8546 -0.3169
vn 0.4404 0.8339 -0.3326
vn -0.1620 0.9765 -0.1418
vn 0.0985 0.9679 -0.2313
vn 0.0850 0.9890 -0.1213
vn 0.2232 0.9683 -0.1120
vn -0.2731 0.7462 -0.6071
vn 0.2576 0.9180 -0.3015
vn 0.1273 0.9414 -0.3123
vn 0.3025 0.7834 -0.5429
vn 0.2903 0.8759 -0.3854
vn -0.1685 0.9695 -0.1781
vn 0.4373 0.8810 -0.1808
vn -0.8886 0.4578 -0.0288
vn 0.4131 0.8632 -0.2903
vn 0.4446 0.8456 -0.2953
vn 0.4328 0.8479 -0.3062
vn 0.4478 0.8420 -0.3008
vn 0.4609 0.8349 -0.3008
vn 0.3915 0.8868 -0.2454
vn 0.0503 0.9895 -0.1356
vn 0.0403 0.9951 -0.0908
vn -0.4589 0.8845 -0.0843
vn 0.1271 0.9708 -0.2034
vn -0.0983 0.9939 -0.0499
vn 0.2532 0.9626 -0.0960
vn 0.1252 0.8552 -0.5030
vn 0.2567 0.7845 -0.5645
vn -0.0156 0.9593 -0.2818
vn -0.2972 0.9116 -0.2841
vn -0.1657 0.9708 -0.1734
vn 0.3609 0.9078 -0.2136
vn -0.1899 0.9726 0.1343
vn -0.7732 0.6106 -0.1715
vn 0.4274 0.8780 -0.2155
vn 0.4579 0.8438 -0.2798
vn 0.4425 0.8497 -0.2867
vn 0.1209 0.9758 -0.1823
vn 0.0708 0.9856 -0.1535
vn -0.0252 0.9924 -0.1205
vn -0.0121 0.9943 -0.1055
vn 0.0729 0.9860 -0.1501
vn -0.1755 0.9730 -0.1499
vn 0.6762 0.7281 0.1121
vn 0.7504 0.6607 0.0159
vn -0.0028 0.9800 -0.1989
vn -0.7663 0.5291 0.3645
vn 0.4451 0.8413 -0.3068
vn 0.4352 0.8628 -0.2572
vn 0.4707 0.8384 -0.2746
vn 0.4415 0.8451 -0.3014
vn 0.2320 0.9135 -0.3341
vn 0.0533 0.9922 -0.1126
vn 0.0426 0.9905 -0.1307
vn -0.0039 0.9938 -0.1110
vn 0.0830 0.9673 0.2395
vn 0.1571 0.9863 0.0509
vn -0.1986 0.9801 -0.0010
vn -0.1481 0.9692 -0.1970
vn -0.8364 0.1191 0.5351
vn 0.4220 0.9040 0.0688
vn 0.4051 0.9142 -0.0098
vn -0.6239 0.7781 -0.0723
vn 0.4094 0.7239 -0.5553
vn 0.4224 0.8974 -0.1278
vn 0.4563 0.8526 -0.2545
vn 0.2677 0.8753 -0.4027
vn 0.0711 0.9671 -0.2443
vn 0.0052 0.9891 0.1470
vn 0.0291 0.9983 -0.0506
vn 0.0303 0.9813 -0.1900
vn -0.1043 0.9905 -0.0893
vn 0.2418 0.9683 0.0624
vn 0.5932 0.7947 -0.1287
vn 0.7597 0.5851 -0.2837
vn 0.3723 0.8839 -0.2829
vn 0.6435 0.7448 -0.1764
vn 0.1309 0.9860 -0.1032
vn -0.3000 0.8442 0.4442
vn 0.5326 0.8207 -0.2071
vn 0.4561 0.8580 -0.2362
vn 0.4753 0.8589 -0.1909
vn 0.5962 0.7579 -0.2647
vn -0.0073 0.9907 -0.1358
vn -0.0636 0.9952 -0.0737
vn 0.0195 0.9996 -0.0208
vn 0.0336 0.9970 0.0692
vn -0.0137 0.9979 0.0631
vn -0.0550 0.9976 0.0415
vn 0.4155 0.8929 -0.1733
vn 0.6107 0.6953 0.3789
vn -0.7278 0.5655 -0.3879
vn -0.5769 0.8161 0.0346
vn -0.8288 0.5595 -0.0038
vn -0.1399 0.8806 -0.4526
vn 0.4406 0.7424 -0.5047
vn 0.5998 0.7906 -0.1232
vn 0.3644 0.9305 0.0373
vn -0.0731 0.9837 -0.1644
vn 0.1737 0.9804 -0.0926
vn -0.0108 0.9912 -0.1321
vn -0.0765 0.9621 -0.2617
vn 0.0726 0.9967 0.0366
vn -0.1732 0.9584 0.2269
vn 0.2458 0.9542 0.1705
vn 0.5216 0.6962 0.4932
vn 0.2499 0.9670 0.0487
vn 0.4368 0.7300 -0.5256
vn 0.3468 0.8090 -0.4746
vn 0.2584 0.9483 -0.1842
vn 0.1120 0.8945 -0.4328
vn 0.1918 0.9277 -0.3203
vn 0.0044 0.9669 -0.2551
vn 0.0185 0.9876 -0.1561
vn 0.0615 0.9954 0.0732
vn -0.0886 0.9752 -0.2029
vn -0.0282 0.9955 0.0900
vn 0.0048 0.9939 0.1105
vn 0.0216 0.9920 0.1241
vn 0.0725 0.9885 0.1330
vn 0.0648 0.9945 -0.0820
vn 0.1690 0.9582 0.2307
vn 0.4323 0.8635 -0.2598
vn 0.5575 0.8248 -0.0949
vn 0.6748 0.7336 -0.0804
vn 0.6599 0.7507 0.0314
vn 0.5977 0.7964 0.0921
vn -0.2907 0.9444 -0.1536
vn 0.1664 0.7991 -0.5777
vn 0.6457 0.6729 -0.3609
vn 0.2553 0.9576 -0.1335
vn -0.1254 0.9021 -0.4129
vn -0.0233 0.8799 0.4745
vn 0.4926 0.8158 0.3029
vn -0.1588 0.9749 -0.1557
vn -0.1535 0.9847 -0.0826
vn -0.2278 0.9702 -0.0822
vn -0.0605 0.9902 0.1258
vn -0.4400 0.8767 0.1944
vn -0.3239 0.8021 0.5018
vn 0.0655 0.9972 -0.0373
vn -0.8378 0.5179 -0.1730
vn 0.6416 0.6553 -0.3987
vn 0.1060 0.8617 -0.4963
vn 0.3353 0.8378 -0.4309
vn -0.0966 0.8789 -0.4671
vn -0.0279 0.9829 -0.1822
vn 0.1593 0.9284 -0.3358
vn -0.0046 0.7136 -0.7005
vn 0.4429 0.8159 -0.3716
vn 0.2332 0.8777 -0.4187
vn -0.0244 0.9937 0.1092
vn 0.4462 0.8789 0.1683
vn 0.9860 0.1046 0.1302
vn 0.1871 0.9811 0.0498
vn 0.7908 0.6119 0.0142
vn 0.6395 0.7682 -0.0301
vn -0.0614 0.9852 0.1602
vn 0.1505 0.9884 -0.0184
vn 0.0172 0.7209 -0.6928
vn 0.1900 0.9499 -0.2482
vn -0.0804 0.9965 0.0207
vn -0.2257 0.9140 0.3370
vn 0.0944 0.9820 0.1634
vn -0.0009 0.9925 0.1221
vn 0.0284 0.9913 0.1286
vn 0.0112 0.9898 0.1423
vn 0.0666 0.9836 0.1679
vn 0.1224 0.9807 0.1524
vn 0.0529 0.9667 0.2503
vn -0.4435 0.7920 0.4196
vn 0.4397 0.8933 0.0928
vn 0.7394 0.6200 0.2625
vn -0.0287 0.9993 -0.0233
vn -0.6074 0.7820 0.1397
vn -0.0003 0.9924 0.1233
vn 0.2016 0.6758 0.7090
vn -0.2497 0.8176 0.5188
vn 0.4759 0.8678 -0.1432
vn 0.4237 0.7889 0.4452
vn 0.1128 0.9665 0.2307
vn 0.2072 0.9664 0.1522
vn -0.1520 0.9884 -0.0010
vn -0.6890 0.5421 -0.4810
vn 0.6604 0.5028 -0.5577
vn -0.3663 0.9303 -0.0209
vn 0.0238 0.9933 0.1133
vn 0.1460 0.8377 0.5263
vn -0.7233 0.6330 0.2760
vn -0.7439 0.6518 0.1478
vn 0.2066 0.9509 -0.2306
vn 0.4254 0.9049 -0.0100
vn 0.5242 0.8502 0.0492
vn 0.5543 0.7834 0.2810
vn 0.2027 0.9777 -0.0547
vn 0.1090 0.9575 0.2669
vn -0.0283 0.9990 0.0356
vn -0.1336 0.9232 0.3602
vn -0.7983 0.5868 0.1355
vn -0.0640 0.9182 -0.3908
vn 0.9256 0.3417 0.1626
vn 0.4865 0.8644 0.1268
vn 0.6589 0.7225 0.2094
vn 0.6290 0.6885 0.3611
vn -0.1713 0.9840 -0.0494
vn -0.1652 0.6078 -0.7767
vn -0.1415 0.4358 -0.8889
vn 0.5317 0.2656 -0.8042
vn 0.0054 0.9928 0.1192
vn 0.0237 0.9922 0.1221
vn -0.5254 0.6170 0.5859
vn -0.0228 0.9981 0.0572
vn 0.0968 0.9873 0.1262
vn 0.6790 0.6478 0.3455
vn 0.6214 0.7132 0.3245
vn 0.5231 0.7976 0.3002
vn -0.1846 0.8634 -0.4695
vn -0.4826 0.8581 -0.1753
vn -0.0119 0.9956 0.0926
vn -0.2492 0.9047 -0.3456
vn 0.6182 0.7423 0.2585
vn 0.5071 0.7984 0.3247
vn 0.7221 0.5549 0.4130
vn 0.6822 0.7185 -0.1353
vn -0.5292 0.8459 0.0665
vn 0.2104 0.9739 -0.0855
vn -0.5720 0.6485 0.5023
vn 0.0931 0.9020 0.4215
vn -0.2239 0.9352 -0.2745
vn -0.6359 0.5085 0.5806
vn 0.0374 0.9861 -0.1620
vn 0.4932 0.8441 0.2103
vn 0.6820 0.7156 -0.1509
vn -0.0394 0.9977 0.0547
vn -0.2681 0.9569 0.1113
vn -0.4259 0.9038 0.0419
vn -0.3062 0.9520 -0.0053
vn 0.6466 0.7442 0.1676
vn 0.7633 0.5341 0.3635
vn -0.2133 0.9755 0.0546
vn 0.0703 0.9299 0.3609
vn -0.5860 0.5181 0.6230
vn 0.0435 0.9217 -0.3854
vn 0.1691 0.9537 -0.2486
vn 0.1133 0.9915 0.0640
vn 0.3585 0.9147 -0.1865
vn 0.3267 0.9445 0.0350
vn 0.5084 0.7679 0.3898
vn -0.2259 0.2965 0.9279
vn 0.0812 0.4812 0.8728
vn -0.1534 0.4069 0.9005
vn 0.0599 0.5359 0.8422
vn 0.3239 0.5216 0.7893
vn -0.1809 0.9771 -0.1117
vn -0.0847 0.9964 0.0096
vn -0.1205 0.9927 -0.0064
vn -0.2350 0.9617 -0.1408
vn -0.4266 0.8833 0.1944
vn -0.6591 0.7461 -0.0947
vn 0.1902 0.9693 -0.1560
vn 0.2428 0.9309 0.2728
vn -0.0055 0.9979 0.0644
vn 0.5469 0.8071 0.2225
vn 0.7481 0.6440 0.1600
vn 0.5320 0.7297 0.4296
vn 0.7553 0.6120 0.2345
vn 0.4703 0.6313 0.6167
vn 0.4629 0.3926 0.7947
vn 0.4127 0.5311 0.7400
vn -0.1875 0.5712 0.7991
vn -0.7428 0.6669 -0.0592
vn 0.6834 0.6886 0.2425
vn 0.6990 0.6409 0.3173
vn 0.6459 0.7604 0.0679
vn -0.2404 0.3855 0.8908
vn -0.3316 0.4177 0.8459
vn -0.2639 0.3396 0.9028
vn -0.4525 0.5814 0.6762
vn 0.0448 0.7305 0.6814
vn 0.3279 0.4866 0.8097
vn -0.1235 0.6965 0.7068
vn 0.5277 0.5991 0.6022
vn -0.1374 0.9852 -0.1020
vn -0.0575 0.9476 -0.3142
vn -0.4687 0.8273 0.3097
vn 0.0680 0.9915 -0.1111
vn 0.3886 0.8694 0.3051
vn 0.1627 0.9839 -0.0740
vn 0.3564 0.8440 0.4007
vn 0.6510 0.7415 -0.1624
vn -0.0843 0.7994 0.5949
vn -0.3886 0.5552 0.7354
vn -0.0599 0.4388 0.8966
vn 0.6368 0.7183 0.2803
vn -0.1036 0.9925 -0.0644
vn -0.5586 0.8277 -0.0544
vn -0.7216 0.6899 -0.0574
vn -0.8469 0.4509 -0.2819
vn 0.6234 0.7244 -0.2945
vn 0.5900 0.8072 -0.0176
vn -0.4835 0.8253 0.2917
vn -0.2919 0.5321 0.7947
vn -0.0893 0.6208 0.7789
vn -0.7069 0.6624 0.2479
vn -0.2187 0.9129 -0.3446
vn -0.1033 0.9728 0.2071
vn -0.5396 0.6098 0.5805
vn -0.1180 0.9563 0.2675
vn 0.3217 0.9349 -0.1502
vn 0.1470 0.9875 0.0568
vn 0.6599 0.7052 -0.2592
vn 0.6078 0.7940 -0.0066
vn 0.5967 0.7919 0.1293
vn 0.6485 0.7515 0.1212
vn 0.7158 0.5528 0.4266
vn -0.1326 0.9710 -0.1992
vn -0.0778 0.9663 -0.2455
vn 0.1349 0.5904 -0.7958
vn -0.7840 0.4504 0.4271
vn -0.4691 0.8288 -0.3049
vn -0.7607 0.6357 -0.1311
vn 0.3719 0.4745 -0.7978
vn 0.5986 0.7894 -0.1361
vn 0.6182 0.7542 -0.2214
vn -0.5784 0.6888 0.4371
vn -0.6743 0.5801 0.4569
vn 0.6769 0.5467 0.4929
vn -0.1227 0.9916 0.0410
vn -0.1001 0.9871 -0.1251
vn -0.0534 0.9912 -0.1214
vn -0.4864 0.8586 -0.1618
vn -0.2058 0.8883 -0.4106
vn -0.8301 0.5528 0.0727
vn -0.5321 0.7214 -0.4432
vn 0.1443 0.9868 -0.0732
vn 0.3090 0.9362 0.1676
vn 0.3918 0.9045 -0.1686
vn 0.5040 0.8475 0.1664
vn -0.7603 0.6045 -0.2379
vn -0.7185 0.6608 0.2173
vn -0.0785 0.9969 0.0018
vn -0.0729 0.9722 -0.2226
vn -0.9116 0.3675 -0.1844
vn -0.1891 0.9700 0.1527
vn 0.7456 0.6302 -0.2168
vn 0.3138 0.9452 -0.0900
vn 0.6771 0.7132 -0.1813
vn -0.6023 0.5451 0.5832
vn -0.6161 0.5246 0.5876
vn 0.8535 0.5210 -0.0103
vn -0.0662 0.9925 0.1030
vn -0.4898 0.8520 -0.1848
vn -0.0713 0.9302 -0.3600
vn -0.0185 0.9638 0.2659
vn -0.8211 0.4502 -0.3509
vn 0.0911 0.9863 -0.1372
vn 0.4560 0.8892 -0.0374
vn 0.6016 0.7588 -0.2495
vn 0.5156 0.8386 -0.1759
vn 0.5796 0.7937 -0.1846
vn -0.2129 0.9760 0.0457
vn -0.8046 0.5451 -0.2354
vn -0.8129 0.5524 0.1842
vn -0.4764 0.7748 -0.4156
vn 0.5758 0.6896 0.4392
vn 0.3768 0.8720 0.3124
vn 0.3280 0.7191 0.6126
vn -0.0302 0.9886 0.1472
vn -0.1630 0.9855 0.0474
vn 0.2197 0.9739 -0.0572
vn 0.6637 0.7436 -0.0801
vn -0.6237 0.7631 0.1694
vn -0.6572 0.7219 0.2167
vn 0.6031 0.7737 0.1942
vn 0.1787 0.9823 0.0558
vn 0.0634 0.9979 0.0137
vn 0.3894 0.8731 0.2935
vn -0.0148 0.9987 0.0493
vn -0.0294 0.9988 -0.0394
vn -0.6924 0.7119 -0.1176
vn -0.3306 0.9437 -0.0074
vn -0.0031 0.8572 -0.5150
vn -0.8108 0.4926 0.3162
vn -0.7926 0.5253 -0.3097
vn 0.2414 0.8321 0.4993
vn 0.6170 0.6946 -0.3700
vn 0.5772 0.8136 0.0697
vn -0.1128 0.8930 -0.4357
vn -0.7482 0.6252 -0.2221
vn -0.8604 0.4854 -0.1550
vn 0.6415 0.7496 0.1630
vn 0.1206 0.9438 0.3077
vn 0.0733 0.9856 0.1522
vn -0.7080 0.5025 -0.4962
vn -0.5014 0.8584 0.1087
vn 0.5027 0.8506 -0.1544
vn -0.5480 0.5858 -0.5971
vn -0.3760 0.8813 -0.2862
vn 0.3315 0.9433 0.0148
vn 0.1391 0.9746 0.1755
vn 0.0012 1.0000 0.0017
vn 0.0164 0.9999 -0.0003
vn -0.4846 0.8253 -0.2900
vn -0.8020 0.5796 0.1446
vn -0.2530 0.7514 -0.6095
vn -0.2128 0.9764 0.0373
vn 0.2400 0.9625 -0.1263
vn 0.6287 0.7295 -0.2696
vn 0.5180 0.8387 -0.1684
vn 0.6324 0.6639 -0.3992
vn 0.3400 0.8588 -0.3831
vn -0.4521 0.7933 -0.4079
vn -0.8748 0.4844 0.0078
vn -0.7643 0.6317 0.1298
vn -0.3996 0.9123 0.0893
vn 0.6441 0.7565 0.1134
vn -0.2689 0.9629 0.0232
vn 0.0700 0.9972 0.0268
vn 0.1180 0.9759 0.1836
vn -0.7820 0.4585 -0.4222
vn -0.1853 0.9253 -0.3309
vn 0.4283 0.8987 -0.0947
vn 0.6255 0.7321 0.2698
vn 0.5860 0.7086 -0.3931
vn -0.8564 0.5070 -0.0978
vn 0.6236 0.7350 -0.2662
vn 0.3145 0.9434 -0.1050
vn 0.0205 0.9935 0.1116
vn 0.0532 0.9986 0.0047
vn 0.0978 0.9945 -0.0381
vn -0.2084 0.9644 -0.1628
vn -0.7575 0.6295 -0.1729
vn 0.9487 0.1067 -0.2978
vn 0.3873 0.9142 -0.1190
vn 0.6282 0.7178 -0.3000
vn 0.6577 0.7449 -0.1119
vn 0.8019 0.5866 -0.1135
vn -0.8300 0.5577 0.0123
vn -0.4169 0.9038 -0.0965
vn -0.6537 0.5662 -0.5021
vn -0.6769 0.7064 -0.2070
vn -0.1860 0.8933 0.4091
vn 0.3252 0.9380 -0.1202
vn 0.1319 0.9743 0.1828
vn 0.0454 0.9903 0.1309
vn 0.0939 0.9948 0.0396
vn -0.3912 0.9200 0.0237
vn 0.1782 0.9764 -0.1217
vn 0.8019 0.5939 -0.0655
vn -0.6533 0.7109 0.2603
vn -0.8494 0.5119 0.1285
vn -0.6879 0.6017 0.4059
vn 0.4045 0.9139 -0.0354
vn 0.1199 0.9878 0.0991
vn 0.0880 0.9948 0.0504
vn 0.0516 0.9986 0.0088
vn 0.1062 0.9939 -0.0284
vn 0.0166 0.9304 -0.3661
vn -0.4949 0.6725 -0.5503
vn -0.8670 0.4555 -0.2020
vn -0.5207 0.6775 -0.5194
vn -0.2972 0.6911 -0.6589
vn 0.2622 0.9645 -0.0304
vn 0.6533 0.7512 -0.0941
vn 0.5929 0.8046 -0.0330
vn 0.7638 0.6394 -0.0878
vn 0.1494 0.9886 -0.0199
vn 0.1119 0.9927 0.0439
vn 0.1031 0.9852 0.1372
vn -0.0534 0.9861 -0.1571
vn 0.6429 0.7517 -0.1468
vn 0.7910 0.6014 0.1124
vn 0.4714 0.8529 -0.2242
vn 0.2726 0.4286 0.8614
vn 0.0100 0.9282 0.3720
vn -0.3682 0.8349 0.4090
vn -0.8190 0.4146 0.3966
vn -0.7784 0.6200 -0.0984
vn -0.3901 0.8221 -0.4146
vn -0.3197 0.9211 0.2220
vn -0.5913 0.7136 -0.3758
vn -0.4634 0.7107 -0.5293
vn -0.5862 0.7774 -0.2280
vn 0.2336 0.9614 0.1453
vn -0.2140 0.6746 -0.7065
vn 0.1489 0.9878 0.0444
vn 0.5481 0.8183 0.1729
vn 0.6132 0.7037 0.3589
vn 0.2649 0.9622 -0.0639
vn 0.6930 0.6088 0.3863
vn -0.1418 0.9815 -0.1283
vn 0.1426 0.9883 -0.0540
vn -0.3066 0.9106 0.2770
vn -0.5051 0.6832 -0.5274
vn -0.4159 0.9067 -0.0703
vn -0.5911 0.7904 0.1609
vn -0.6919 0.5885 0.4182
vn -0.8047 0.5912 -0.0543
vn -0.5850 0.3205 -0.7450
vn 0.1013 0.5265 -0.8441
vn -0.4604 0.3444 -0.8182
vn 0.5549 0.6449 -0.5255
vn 0.5638 0.5648 -0.6026
vn 0.7329 0.2457 -0.6344
vn 0.1330 0.9893 0.0600
vn 0.5686 0.8146 0.1144
vn 0.6409 0.7676 -0.0096
vn 0.5696 0.8131 -0.1202
vn 0.4674 0.6746 0.5713
vn -0.5510 0.6940 0.4635
vn -0.4446 0.5416 0.7134
vn -0.4555 0.8710 -0.1841
vn -0.0050 0.7579 0.6524
vn 0.3695 0.9203 -0.1289
vn 0.6939 0.5434 -0.4725
vn 0.0632 0.9888 -0.1352
vn 0.1821 0.9826 -0.0372
vn 0.1304 0.9910 -0.0307
vn 0.0374 0.9834 0.1777
vn 0.0555 0.9881 0.1437
vn 0.0886 0.9829 0.1616
vn 0.1920 0.9744 0.1171
vn 0.2627 0.9393 0.2206
vn -0.6152 0.6613 -0.4293
vn -0.5030 0.4936 0.7095
vn -0.6550 0.5820 -0.4820
vn -0.7280 0.6562 -0.1985
vn -0.1271 0.5712 -0.8109
vn -0.5344 0.4151 -0.7363
vn -0.1127 0.9888 -0.0975
vn 0.4681 0.8756 -0.1195
vn 0.6436 0.4623 -0.6100
vn -0.2086 0.7031 -0.6798
vn 0.2368 0.9638 0.1226
vn 0.1373 0.9898 0.0385
vn 0.4680 0.8831 -0.0342
vn 0.4496 0.6824 0.5764
vn 0.0036 0.9895 0.1447
vn -0.6664 0.7297 0.1533
vn -0.1038 0.6704 0.7347
vn 0.0588 0.7308 0.6800
vn -0.2780 0.7661 0.5795
vn 0.2604 0.9620 0.0818
vn -0.5293 0.6836 0.5026
vn -0.2267 0.9738 -0.0145
vn 0.9408 0.3017 -0.1542
vn 0.7174 0.6511 -0.2478
vn 0.4175 0.9081 0.0320
vn 0.1108 0.9552 -0.2744
vn 0.0207 0.9988 -0.0444
vn 0.0210 0.9981 0.0573
vn 0.0952 0.9830 0.1570
vn 0.1609 0.9679 0.1933
vn 0.2495 0.9684 0.0067
vn 0.0842 0.9778 0.1919
vn -0.0014 0.9659 0.2591
vn 0.1981 0.9364 0.2896
vn -0.6116 0.7714 0.1755
vn 0.2155 0.9426 0.2550
vn -0.6215 0.4827 0.6170
vn -0.2113 0.9332 0.2906
vn -0.7169 0.6882 0.1117
vn -0.7512 0.6167 0.2354
vn -0.6568 0.6830 0.3195
vn -0.7979 0.4467 0.4047
vn 0.1300 0.8519 -0.5072
vn 0.6416 0.5038 0.5784
vn -0.0233 0.7448 -0.6669
vn -0.5088 0.4082 -0.7580
vn 0.1523 0.4341 -0.8879
vn 0.6109 0.5766 -0.5426
vn 0.6399 0.6922 0.3337
vn 0.3129 0.8486 0.4266
vn 0.4155 0.8268 0.3791
vn -0.6463 0.7023 0.2984
vn -0.4108 0.8782 -0.2451
vn -0.0359 0.9866 -0.1589
vn 0.2513 0.6511 0.7162
vn 0.2037 0.9407 0.2711
vn 0.2835 0.8678 0.4081
vn 0.4925 0.8703 0.0031
vn 0.5218 0.8231 0.2240
vn 0.0494 0.9787 0.1993
vn 0.1036 0.9699 0.2205
vn -0.3272 0.8969 -0.2975
vn -0.3907 0.7681 0.5073
vn -0.0009 0.9834 -0.1812
vn -0.3448 0.4012 0.8486
vn 0.4393 0.7803 -0.4452
vn 0.3940 0.8345 0.3853
vn 0.2223 0.8593 -0.4607
vn 0.0794 0.9152 -0.3951
vn 0.5976 0.6422 -0.4800
vn 0.2266 0.9690 -0.0984
vn 0.4813 0.8214 0.3061
vn 0.0316 0.9994 0.0104
vn 0.3022 0.8950 0.3280
vn 0.7292 0.6715 0.1313
vn -0.2316 0.8164 -0.5291
vn 0.2084 0.7366 0.6435
vn -0.4013 0.7538 0.5203
vn -0.1963 0.5150 0.8344
vn 0.4140 0.7104 0.5692
vn -0.0250 0.8919 0.4515
vn -0.4087 0.7018 0.5835
vn 0.7109 0.5502 0.4381
vn 0.4122 0.5135 0.7526
vn 0.0371 0.9939 0.1038
vn -0.0702 0.9865 0.1480
vn 0.1863 0.9550 0.2308
vn -0.1367 0.9519 0.2744
vn -0.1935 0.9326 0.3046
vn -0.1907 0.7920 0.5800
vn 0.6452 0.6983 0.3101
vn 0.5241 0.6433 -0.5581
vn -0.7267 0.6463 0.2328
vn -0.4600 0.8871 -0.0387
vn -0.1096 0.9191 0.3784
vn 0.4452 0.7988 -0.4046
vn 0.7229 0.6623 0.1969
vn -0.2760 0.9609 0.0206
vn 0.0765 0.9744 0.2116
vn 0.2668 0.5752 -0.7733
vn 0.4551 0.5350 -0.7117
vn 0.4717 0.8818 0.0026
vn 0.3255 0.8676 -0.3759
vn -0.3276 0.8752 -0.3558
vn 0.5879 0.4944 0.6403
vn -0.0377 0.9062 0.4211
vn -0.6714 0.6753 0.3053
vn 0.3923 0.7882 0.4741
vn 0.5425 0.5383 0.6450
vn 0.3023 0.8069 0.5074
vn 0.8567 0.3774 0.3516
vn -0.0161 0.8601 0.5099
vn 0.5346 0.6640 -0.5228
vn 0.0893 0.9861 -0.1398
vn -0.1323 0.9880 0.0798
vn -0.0298 0.9730 0.2288
vn 0.0379 0.9774 0.2081
vn 0.0266 0.8799 0.4745
vn -0.0402 0.8904 0.4534
vn 0.2937 0.8597 0.4179
vn 0.1345 0.9902 0.0373
vn -0.1789 0.9596 -0.2174
vn -0.5481 0.5475 0.6323
vn -0.2959 0.7880 0.5399
vn -0.2482 0.5225 0.8157
vn -0.5128 0.4947 0.7016
vn -0.5639 0.7591 0.3253
vn -0.4246 0.8627 0.2747
vn 0.0682 0.9311 -0.3583
vn 0.5758 0.7777 0.2523
vn -0.0249 0.9912 -0.1302
vn 0.6119 0.4949 -0.6170
vn 0.4306 0.6049 -0.6698
vn -0.1800 0.8484 -0.4978
vn 0.5931 0.8035 -0.0508
vn 0.1051 0.9928 -0.0574
vn 0.2280 0.9722 0.0530
vn 0.3067 0.9254 0.2227
vn 0.2461 0.9438 0.2208
vn 0.3097 0.6320 0.7104
vn -0.2878 0.7522 0.5928
vn 0.4824 0.8733 0.0672
vn 0.2243 0.8740 0.4311
vn -0.5242 0.7885 0.3218
vn -0.7703 0.3927 0.5025
vn -0.2881 0.9519 -0.1043
vn 0.4138 0.7540 0.5101
vn 0.1171 0.7662 0.6318
vn 0.0703 0.8589 0.5073
vn -0.4281 0.8134 0.3939
vn 0.2643 0.9631 0.0504
vn 0.4908 0.8519 0.1829
vn -0.1810 0.9330 0.3111
vn -0.1024 0.9508 0.2923
vn 0.0056 0.9672 0.2540
vn 0.3666 0.7859 0.4979
vn 0.0204 0.8138 0.5809
vn -0.5782 0.7002 0.4188
vn -0.0665 0.7621 0.6441
vn -0.3501 0.4967 0.7941
vn 0.2388 0.9264 0.2913
vn 0.7222 0.6774 -0.1398
vn 0.5555 0.8311 0.0278
vn 0.8397 0.5028 -0.2053
vn 0.6747 0.7340 0.0776
vn 0.4778 0.6202 -0.6222
vn 0.1557 0.9875 -0.0253
vn 0.1572 0.9857 -0.0605
vn 0.3434 0.9206 -0.1862
vn -0.6783 0.6078 0.4129
vn 0.0225 0.9926 -0.1194
vn 0.0265 0.9808 0.1933
vn -0.3289 0.9438 0.0331
vn -0.0110 0.9642 -0.2648
vn 0.2736 0.8363 0.4751
vn 0.5389 0.6651 0.5170
vn 0.4542 0.7490 0.4824
vn 0.8566 0.5153 0.0265
vn 0.4953 0.7761 0.3904
vn -0.0369 0.9598 0.2782
vn 0.0057 0.9478 0.3188
vn 0.0733 0.8452 0.5294
vn 0.1941 0.8398 0.5070
vn -0.0109 0.9452 0.3264
vn 0.1254 0.9320 0.3399
vn -0.5383 0.8182 0.2019
vn -0.5134 0.5178 0.6843
vn -0.0245 0.9278 0.3724
vn -0.5631 0.4671 0.6817
vn -0.2692 0.4725 0.8392
vn -0.6661 0.6125 0.4256
vn -0.2630 0.9254 0.2730
vn -0.5334 0.5073 0.6768
vn 0.6265 0.6693 -0.3993
vn 0.4173 0.8471 -0.3289
vn 0.6938 0.6932 -0.1953
vn 0.2736 0.9537 -0.1253
vn 0.4010 0.8750 0.2712
vn 0.2315 0.9656 -0.1184
vn -0.2984 0.9483 -0.1077
vn -0.6806 0.5700 0.4602
vn -0.2175 0.9713 0.0966
vn -0.6917 0.5991 0.4033
vn -0.2975 0.9043 0.3062
vn -0.3838 0.8362 0.3918
vn 0.0543 0.8500 0.5240
vn 0.4779 0.7442 0.4666
vn 0.8131 0.4187 0.4043
vn 0.3685 0.7473 0.5529
vn 0.1755 0.9492 0.2611
vn -0.3891 0.6565 0.6463
vn -0.6897 0.4753 0.5462
vn 0.0984 0.9942 -0.0425
vn 0.5045 0.7302 0.4607
vn 0.0469 0.8920 0.4495
vn -0.1938 0.9435 0.2686
vn -0.5027 0.8591 -0.0961
vn -0.6319 0.7678 0.1057
vn -0.0442 0.9847 -0.1688
vn -0.2280 0.9586 -0.1709
vn -0.5005 0.8653 -0.0257
vn 0.0844 0.9103 0.4054
vn 0.0640 0.7185 0.6926
vn 0.5399 0.4805 0.6911
vn -0.7319 0.6019 0.3195
vn 0.4962 0.3761 0.7825
vn 0.2565 0.8046 0.5356
vn 0.1441 0.8379 0.5264
vn 0.1008 0.9099 0.4024
vn 0.1018 0.9101 0.4017
vn -0.0299 0.9220 0.3860
vn -0.0802 0.9313 0.3554
vn -0.0217 0.9401 0.3401
vn 0.0414 0.9366 0.3481
vn -0.1852 0.8744 0.4485
vn 0.6076 0.7942 -0.0062
vn -0.0113 0.9945 0.1044
vn 0.5135 0.7137 -0.4764
vn 0.3732 0.8963 0.2395
vn 0.2530 0.7200 -0.6462
vn -0.2674 0.9440 -0.1935
vn 0.0418 0.9346 -0.3531
vn 0.5180 0.5773 0.6312
vn 0.1509 0.9760 0.1568
vn -0.5522 0.6346 -0.5407
vn 0.1704 0.8853 0.4326
vn -0.0091 0.8758 0.4826
vn -0.0604 0.8952 0.4416
vn 0.2530 0.8679 0.4274
vn 0.3854 0.8732 -0.2982
vn 0.1441 0.9098 0.3893
vn 0.0253 0.9354 0.3527
vn 0.6489 0.7113 0.2700
vn 0.2699 0.9618 0.0446
vn 0.6955 0.6517 0.3028
vn -0.8251 0.4172 -0.3809
vn 0.0203 0.9970 0.0746
vn -0.4416 0.8043 -0.3976
vn -0.3898 0.8468 0.3619
vn -0.4923 0.7755 0.3953
vn -0.4786 0.7971 0.3682
vn 0.8059 0.4627 0.3695
vn -0.5131 0.2972 0.8052
vn -0.5113 0.2977 0.8062
vn 0.6728 0.6167 0.4086
vn 0.1396 0.8275 0.5438
vn 0.1567 0.8472 0.5077
vn -0.0181 0.8235 0.5671
vn -0.3130 0.6192 0.7201
vn -0.5467 0.7522 0.3678
vn 0.7428 0.6663 -0.0663
vn 0.0067 0.7519 0.6593
vn -0.4367 0.7340 -0.5202
vn -0.2261 0.9234 -0.3101
vn 0.3364 0.5157 -0.7880
vn -0.0669 0.7702 -0.6343
vn 0.1039 0.4184 -0.9023
vn 0.5886 0.5448 -0.5972
vn -0.1233 0.3892 -0.9128
vn -0.7587 0.6182 -0.2055
vn -0.1291 0.7041 -0.6983
vn 0.6276 0.4946 -0.6013
vn -0.0683 0.4477 -0.8916
vn -0.2105 0.3642 -0.9072
vn -0.0102 0.3606 -0.9326
vn 0.3164 0.4261 -0.8476
vn 0.1291 0.7498 -0.6490
vn 0.4862 0.8071 -0.3350
vn -0.7489 0.6606 -0.0523
vn -0.5450 0.6511 -0.5282
vn 0.5564 0.8069 -0.1981
vn -0.0849 0.4753 -0.8757
vn -0.2513 0.3755 -0.8921
vn 0.1150 0.4117 -0.9040
vn -0.1489 0.3860 -0.9104
vn -0.1263 0.4212 -0.8981
vn 0.1847 0.3552 -0.9164
vn -0.5735 0.4548 -0.6814
vn -0.7360 0.5225 -0.4304
vn 0.0880 0.8370 -0.5400
vn -0.2878 0.6038 -0.7433
vn -0.4513 0.5292 -0.7185
vn 0.2743 0.6255 -0.7305
vn -0.3809 0.4739 -0.7939
vn -0.2700 0.5638 -0.7806
vn 0.1521 0.6936 -0.7041
vn 0.5278 0.6925 -0.4917
vn -0.0550 0.8801 -0.4717
vn 0.4373 0.6270 -0.6447
vn 0.0009 0.9999 -0.0158
vn 0.5075 0.8605 -0.0451
vn 0.6049 0.7952 0.0421
vn 0.0668 0.9962 0.0567
vn -0.5179 0.8355 -0.1837
vn -0.2999 0.7752 -0.5560
vn -0.0472 0.8935 -0.4465
vn 0.6801 0.6888 -0.2511
vn 0.1330 0.7898 -0.5987
vn -0.4182 0.8771 -0.2361
vn 0.1862 0.9499 -0.2510
vn 0.1350 0.9582 -0.2522
vn 0.5275 0.8449 -0.0883
vn 0.6658 0.7235 0.1823
vn 0.7233 0.6864 0.0755
vn 0.3220 0.9445 0.0647
vn 0.6818 0.7309 -0.0306
vn 0.2223 0.9567 -0.1878
vn -0.4914 0.8296 0.2653
vn 0.6019 0.7478 -0.2802
vn 0.6056 0.7872 -0.1161
vn -0.2146 0.8949 -0.3913
vn 0.0898 0.9876 -0.1291
vn 0.1953 0.9732 -0.1215
vn -0.4644 0.5643 -0.6826
vn 0.3628 0.6970 -0.6186
vn -0.2061 0.9152 -0.3463
vn -0.7859 0.5497 -0.2831
vn -0.8252 0.5443 -0.1513
vn 0.1460 0.9859 -0.0821
vn 0.1520 0.9261 -0.3454
vn -0.4059 0.8944 -0.1879
vn -0.6332 0.5622 -0.5320
vn -0.6470 0.4392 -0.6233
vn -0.7049 0.6614 -0.2563
vn -0.4667 0.7351 -0.4918
vn 0.0134 0.9998 0.0127
vn 0.5008 0.8581 0.1134
vn 0.2619 0.9626 -0.0698
vn 0.5570 0.8291 -0.0488
vn 0.7178 0.6957 0.0266
vn -0.6088 0.7931 -0.0211
vn 0.4364 0.8833 0.1712
vn 0.7000 0.7130 -0.0408
vn -0.3294 0.9030 0.2757
vn -0.2214 0.8355 -0.5029
vn -0.1383 0.8194 -0.5563
vn 0.1090 0.7709 -0.6275
vn -0.2516 0.8972 -0.3630
vn 0.0787 0.9931 -0.0867
vn -0.4652 0.7854 -0.4083
vn -0.4892 0.4858 -0.7244
vn -0.6136 0.5220 -0.5924
vn 0.3961 0.8323 0.3878
vn -0.5501 0.6045 -0.5762
vn -0.1359 0.9352 0.3271
vn -0.3937 0.9192 -0.0032
vn 0.4616 0.8467 -0.2644
vn 0.2806 0.9212 0.2696
vn 0.1614 0.9849 0.0618
vn 0.7021 0.6994 -0.1337
vn 0.5726 0.7982 -0.1872
vn 0.7502 0.6427 -0.1555
vn 0.3860 0.9216 0.0404
vn 0.3720 0.9187 -0.1325
vn -0.0273 0.9807 0.1938
vn -0.0914 0.9565 0.2770
vn 0.0256 0.9878 0.1534
vn 0.1499 0.9882 -0.0305
vn 0.0117 0.9999 -0.0060
vn -0.3971 0.9136 0.0879
vn -0.4876 0.8707 -0.0638
vn -0.3241 0.7343 0.5965
vn 0.4573 0.8860 0.0763
vn -0.6244 0.6002 0.4999
vn 0.4688 0.8832 0.0152
vn 0.0316 0.9995 -0.0028
vn 0.7318 0.6738 -0.1025
vn 0.5782 0.8086 0.1091
vn -0.0672 0.9697 0.2350
vn -0.7555 0.5417 -0.3686
vn -0.5183 0.8530 -0.0613
vn 0.0393 0.9800 -0.1952
vn 0.2412 0.9056 -0.3488
vn -0.7716 0.5305 -0.3511
vn 0.2279 0.9730 -0.0363
vn -0.4368 0.8660 0.2433
vn -0.7166 0.6062 -0.3451
vn -0.2776 0.9582 0.0688
vn 0.3488 0.8656 0.3593
vn 0.1990 0.8718 0.4475
vn -0.0551 0.7551 -0.6533
vn -0.6027 0.5072 -0.6160
vn -0.5233 0.8460 -0.1020
vn -0.5384 0.8375 -0.0936
vn 0.2132 0.9658 0.1479
vn 0.4214 0.9043 -0.0676
vn 0.4979 0.8579 -0.1270
vn 0.7648 0.6421 0.0532
vn 0.7074 0.7011 0.0893
vn 0.6458 0.7590 -0.0832
vn 0.9415 0.2803 0.1871
vn 0.3895 0.9210 -0.0009
vn -0.2518 0.9208 -0.2980
vn 0.2382 0.8845 -0.4011
vn 0.7629 0.6249 -0.1657
vn 0.3994 0.9082 0.1249
vn -0.1407 0.9901 0.0026
vn 0.0620 0.9735 0.2202
vn 0.0422 0.9936 -0.1052
vn -0.6693 0.7170 -0.1950
vn 0.6782 0.6771 -0.2856
vn -0.1103 0.9244 0.3652
vn -0.7166 0.4716 -0.5139
vn -0.4332 0.2237 -0.8731
vn -0.3509 0.6917 -0.6312
vn -0.7462 0.5843 0.3191
vn -0.2666 0.8508 -0.4529
vn 0.1934 0.9780 -0.0779
vn 0.4571 0.8894 0.0021
vn 0.3438 0.9340 -0.0968
vn 0.4954 0.8648 0.0827
vn 0.8354 0.4044 0.3723
vn -0.3240 0.9460 0.0086
vn -0.7597 0.6312 0.1565
vn -0.3273 0.9327 0.1513
vn 0.1050 0.9407 0.3226
vn -0.0768 0.9902 -0.1162
vn 0.0096 0.9993 -0.0363
vn -0.0860 0.9904 -0.1084
vn 0.1427 0.9888 0.0439
vn -0.3266 0.9392 -0.1061
vn -0.6687 0.5658 -0.4824
vn 0.6316 0.7047 -0.3231
vn -0.0761 0.9961 -0.0442
vn -0.3866 0.9060 0.1726
vn -0.5475 0.7223 0.4225
vn 0.2726 0.9003 -0.3394
vn 0.6208 0.6163 -0.4846
vn -0.8939 0.3409 0.2912
vn 0.3541 0.8778 -0.3227
vn 0.3766 0.4161 0.8277
vn -0.0958 0.9953 -0.0110
vn -0.2312 0.8279 0.5109
vn 0.3777 0.9238 -0.0625
vn 0.1120 0.9934 -0.0238
vn 0.6005 0.7996 -0.0061
vn 0.5121 0.8570 -0.0573
vn -0.4254 0.8698 0.2499
vn 0.4748 0.6722 -0.5681
vn 0.3220 0.9216 -0.2166
vn -0.0242 0.9997 0.0104
vn 0.0395 0.9989 -0.0246
vn -0.5217 0.7309 -0.4401
vn -0.6919 0.6212 -0.3681
vn -0.7153 0.4334 -0.5482
vn -0.8830 0.3911 0.2594
vn -0.0965 0.9953 0.0109
vn -0.2614 0.9335 0.2455
vn -0.7439 0.6602 -0.1042
vn 0.4448 0.5064 -0.7387
vn -0.8330 0.4964 -0.2445
vn 0.5353 0.5915 -0.6030
vn 0.4225 0.8194 -0.3875
vn 0.3890 0.8957 0.2153
vn -0.4845 0.6328 -0.6040
vn 0.3608 0.8983 -0.2508
vn 0.3943 0.6594 0.6402
vn -0.3124 0.9057 0.2864
vn 0.6884 0.6980 -0.1974
vn -0.3080 0.9512 0.0206
vn -0.0067 0.9726 -0.2325
vn -0.0147 0.9979 0.0637
vn -0.2627 0.9393 -0.2207
vn 0.6830 0.5480 -0.4829
vn 0.6322 0.7031 -0.3254
vn 0.1016 0.9854 -0.1366
vn -0.3816 0.9161 -0.1230
vn 0.4360 0.7869 -0.4366
vn 0.2910 0.9408 0.1736
vn 0.3094 0.4277 -0.8493
vn -0.4644 0.3139 0.8281
vn 0.0983 0.5093 -0.8549
vn -0.8020 0.4590 -0.3822
vn 0.0780 0.9946 -0.0678
vn 0.4489 0.8933 -0.0232
vn 0.5984 0.8009 0.0212
vn 0.7556 0.6484 -0.0924
vn -0.6320 0.7744 -0.0292
vn -0.4982 0.8601 -0.1099
vn 0.2909 0.9564 -0.0256
vn 0.5876 0.8038 0.0926
vn 0.4814 0.8561 -0.1880
vn -0.0124 0.9849 0.1728
vn 0.0333 0.9971 0.0679
vn 0.0364 0.9992 -0.0163
vn 0.0465 0.9986 -0.0254
vn -0.4336 0.4096 -0.8026
vn 0.4923 0.4132 -0.7661
vn 0.4803 0.4204 -0.7698
vn 0.5544 0.4650 -0.6903
vn -0.3240 0.9460 0.0110
vn 0.0205 0.9985 -0.0515
vn 0.2846 0.9498 0.1298
vn -0.1680 0.9811 -0.0961
vn -0.4931 0.6935 0.5252
vn -0.6611 0.1907 -0.7257
vn 0.2715 0.3807 0.8839
vn -0.4698 0.8823 0.0273
vn -0.0068 0.9145 0.4044
vn -0.0759 0.9469 -0.3125
vn 0.4901 0.8699 -0.0559
vn 0.6861 0.7177 -0.1191
vn 0.7235 0.6866 -0.0723
vn 0.6415 0.7549 0.1366
vn 0.7759 0.6175 -0.1294
vn -0.0188 0.9657 -0.2592
vn 0.0337 0.9988 -0.0347
vn -0.0703 0.9971 0.0278
vn -0.5559 0.5182 -0.6499
vn -0.3478 0.5225 -0.7785
vn -0.0555 0.5018 -0.8632
vn -0.0112 0.4109 -0.9116
vn 0.4707 0.7919 -0.3890
vn 0.0085 0.9990 -0.0445
vn 0.2219 0.8537 -0.4711
vn -0.5142 0.8494 -0.1188
vn 0.2206 0.9522 0.2113
vn -0.4976 0.5117 -0.7004
vn -0.8090 0.5795 -0.0979
vn -0.6005 0.6516 -0.4635
vn -0.5394 0.2743 -0.7961
vn 0.4268 0.7077 0.5630
vn -0.5235 0.6620 -0.5363
vn -0.2405 0.8839 -0.4012
vn 0.3633 0.8613 -0.3551
vn 0.3928 0.9118 -0.1197
vn 0.1262 0.7841 0.6077
vn 0.3010 0.7515 0.5870
vn 0.5281 0.6884 0.4972
vn 0.2752 0.8250 0.4936
vn 0.2156 0.8551 0.4716
vn 0.5805 0.7109 0.3970
vn 0.3359 0.5701 0.7497
vn 0.5709 0.7898 0.2244
vn -0.5524 0.5137 0.6565
vn 0.6060 0.7841 -0.1341
vn 0.0812 0.8101 0.5806
vn 0.5193 0.4966 0.6955
vn -0.5806 0.6408 0.5023
vn -0.3657 0.7472 0.5550
vn 0.1442 0.9420 0.3031
vn 0.7328 0.6804 -0.0004
vn 0.4702 0.8814 -0.0448
vn 0.5854 0.8107 0.0082
vn 0.6632 0.7408 0.1070
vn -0.0514 0.9151 -0.3999
vn 0.3247 0.9458 -0.0009
vn 0.1255 0.9371 0.3257
vn -0.4163 0.7692 -0.4847
vn -0.4473 0.7023 0.5538
vn 0.3684 0.6909 0.6220
vn 0.4574 0.8296 0.3202
vn 0.6631 0.7325 0.1540
vn 0.4866 0.8280 -0.2789
vn -0.7925 0.6073 0.0558
vn -0.4641 0.7011 0.5414
vn -0.4994 0.8593 0.1102
vn -0.2074 0.9638 -0.1676
vn -0.5352 0.6240 0.5694
vn 0.0824 0.9889 0.1237
vn 0.9248 0.2575 -0.2801
vn 0.6435 0.7244 0.2472
vn 0.3027 0.8984 -0.3183
vn 0.7238 0.6276 0.2867
vn -0.7821 0.5583 0.2768
vn 0.3972 0.7256 0.5619
vn 0.0007 0.8860 0.4638
vn -0.7102 0.5968 -0.3735
vn 0.0678 0.9567 -0.2831
vn -0.7742 0.4847 0.4070
vn 0.3560 0.9047 -0.2341
vn 0.2842 0.8465 -0.4502
vn 0.6207 0.6758 -0.3976
vn -0.1913 0.7793 -0.5967
vn 0.2661 0.8414 -0.4703
vn -0.6106 0.6603 -0.4373
vn 0.1469 0.8256 -0.5448
vn 0.2729 0.7639 -0.5847
vn 0.6605 0.7270 -0.1876
vn 0.5464 0.7360 -0.3996
vn 0.3164 0.7752 -0.5468
vn -0.5368 0.5545 -0.6359
vn 0.3728 0.8929 -0.2525
vn 0.3357 0.9161 -0.2194
vn 0.5409 0.6605 0.5207
vn -0.4039 0.5125 -0.7578
vn -0.2815 0.4491 -0.8480
vn -0.1722 0.8422 -0.5110
vn 0.4456 0.4790 -0.7563
vn 0.0784 0.8473 -0.5252
vn 0.3875 0.8789 -0.2780
vn -0.4702 0.8438 -0.2586
vn -0.4895 0.4329 -0.7569
vn -0.1003 0.8601 -0.5001
vn -0.3965 0.4879 -0.7776
vn -0.1390 0.5792 -0.8032
vn 0.4550 0.7306 -0.5092
vn 0.3203 0.4587 -0.8289
vn 0.6748 0.4909 -0.5511
vn -0.2331 0.6586 -0.7155
vn -0.0776 0.4933 -0.8664
vn -0.0734 0.5963 -0.7994
vn 0.2776 0.4676 -0.8392
vn 0.1528 0.4897 -0.8584
vn 0.4953 0.7996 -0.3397
vn 0.5252 0.4923 -0.6942
vn 0.1628 0.7335 -0.6599
vn 0.4402 0.7348 -0.5160
vn -0.7060 0.7082 -0.0045
vn -0.1856 0.7971 -0.5746
vn 0.3280 0.9426 0.0628
vn -0.2642 0.3382 -0.9032
vn 0.1393 0.4517 -0.8812
vn 0.0668 0.6034 -0.7946
vn 0.6344 0.3987 -0.6623
vn 0.3473 0.5209 -0.7798
vn 0.5330 0.6228 -0.5728
vn -0.4966 0.4705 -0.7294
vn 0.4214 0.7810 -0.4609
vn 0.1197 0.7488 -0.6519
vn 0.5660 0.3406 0.7507
vn -0.5551 0.4827 0.6774
vn -0.6330 0.6665 -0.3938
vn -0.4126 0.4478 0.7932
vn -0.7193 0.4605 0.5201
vn 0.5600 0.6510 0.5125
vn -0.2455 0.3571 0.9012
vn 0.0822 0.5798 0.8106
vn 0.4270 0.8691 0.2496
vn -0.7351 0.6628 -0.1426
vn -0.7669 0.2026 0.6089
vn -0.5199 0.4214 0.7431
vn 0.0346 0.6057 0.7950
vn -0.7711 0.4824 0.4156
vn -0.9033 0.3135 0.2928
vn -0.5115 0.3913 -0.7651
vn 0.3815 0.9177 0.1111
vn 0.8294 0.4213 0.3669
vn -0.7629 0.6420 -0.0761
vn -0.7918 0.3714 0.4849
vn -0.1675 0.3205 0.9323
vn 0.3536 0.4570 0.8162
vn 0.5589 0.2851 0.7787
vn 0.1463 0.6257 0.7663
vn 0.4156 0.8486 0.3274
vn -0.4613 0.4104 0.7867
vn 0.7880 0.5379 -0.2996
vn -0.4096 0.6394 -0.6507
vn 0.8141 0.4114 0.4099
vn -0.0992 0.8453 -0.5250
vn -0.8630 0.3117 -0.3976
vn -0.7346 0.2341 0.6368
vn -0.6932 0.2140 -0.6882
vn 0.0393 0.9701 0.2396
vn 0.7395 0.6620 -0.1218
vn -0.7823 0.5488 -0.2946
vn -0.8845 0.3764 0.2756
vn -0.7015 0.3384 -0.6272
vn -0.7567 0.5726 0.3155
vn -0.9050 0.2182 -0.3652
vn -0.2480 0.4389 0.8637
vn 0.6226 0.4060 -0.6690
vn -0.7297 0.5409 -0.4184
vn -0.4182 0.8147 -0.4016
vn 0.6393 0.4076 0.6520
vn -0.8515 0.5189 0.0751
vn -0.6986 0.3529 -0.6224
vn 0.5170 0.7510 0.4107
vn -0.1864 0.3187 -0.9294
vn 0.2994 0.2297 -0.9261
vn 0.6192 0.5469 -0.5634
vn -0.4101 0.9100 0.0608
vn 0.7708 0.5953 -0.2269
vn -0.6438 0.3137 0.6979
vn -0.6490 0.4855 -0.5858
vn 0.6825 0.3717 -0.6293
vn -0.3522 0.7860 -0.5081
vn 0.3333 0.7095 0.6209
vn -0.7073 0.5298 -0.4680
vn -0.2377 0.7511 -0.6159
vn -0.7880 0.3764 -0.4872
vn 0.7400 0.3404 0.5801
vn -0.8954 0.4363 0.0882
vn 0.1799 0.7260 -0.6637
vn -0.6232 0.6943 0.3600
vn 0.1437 0.6582 0.7390
vn 0.8795 0.4754 -0.0211
vn -0.8373 0.3545 -0.4163
vn 0.3379 0.9397 0.0538
vn 0.0145 0.9956 -0.0926
vn 0.6630 0.4314 -0.6119
vn -0.0263 0.6373 0.7702
vn -0.5009 0.4909 -0.7128
vn -0.0016 0.7917 -0.6109
vn -0.7399 0.4709 -0.4805
vn 0.0709 0.5451 -0.8354
vn 0.4478 0.3497 -0.8229
vn 0.7161 0.3091 -0.6258
vn 0.3234 0.7338 -0.5974
vn -0.6393 0.6199 0.4550
vn -0.5800 0.6688 0.4650
vn -0.6265 0.3772 -0.6821
vn -0.4519 0.4070 -0.7938
vn 0.1479 0.9781 0.1463
vn 0.6283 0.7474 -0.2160
vn -0.4693 0.8703 -0.1492
vn 0.6330 0.7684 0.0939
vn 0.7921 0.3414 -0.5060
vn 0.3090 0.8175 -0.4860
vn 0.7802 0.6200 -0.0822
vn -0.7541 0.4006 -0.5205
vn -0.2380 0.3834 -0.8924
vn 0.1381 0.3139 -0.9394
vn 0.6917 0.2889 -0.6619
vn -0.2729 0.7270 -0.6301
vn 0.6775 0.7268 0.1130
vn -0.3257 0.4712 -0.8197
vn 0.2639 0.7989 -0.5404
vn -0.2201 0.9525 0.2105
vn 0.7263 0.3139 -0.6115
vn -0.4110 0.6684 -0.6199
vn 0.6185 0.6907 -0.3747
vn -0.3553 0.3745 -0.8565
vn 0.2561 0.5173 -0.8166
vn 0.6808 0.5928 -0.4303
vn -0.7023 0.5433 -0.4600
vn -0.5997 0.5134 -0.6138
vn 0.3440 0.4458 -0.8264
vn -0.2123 0.5044 -0.8370
vn 0.5375 0.6470 -0.5408
vn 0.5355 0.6484 -0.5412
vn -0.2004 0.5738 -0.7941
vn -0.4730 0.4184 -0.7754
vn 0.1444 0.6113 -0.7781
vn -0.5262 0.6776 0.5138
vn 0.2680 0.6652 0.6969
vn 0.2776 0.8795 -0.3866
vn 0.4342 0.7664 0.4734
vn 0.1343 0.6272 0.7672
vn 0.3523 0.9310 -0.0951
vn 0.7180 0.6479 0.2543
vn -0.1204 0.9733 0.1954
vn 0.0660 0.8553 0.5138
vn -0.2259 0.9258 0.3032
vn 0.4997 0.6723 0.5462
vn 0.6956 0.5378 0.4764
vn -0.0522 0.6765 0.7346
vn 0.5726 0.7702 0.2811
vn -0.8068 0.4091 0.4262
vn -0.3601 0.6854 0.6330
vn -0.0828 0.9513 0.2970
vn 0.4280 0.7147 0.5532
vn -0.3846 0.9176 -0.1001
vn 0.4179 0.6934 0.5869
vn 0.0109 0.7847 0.6198
vn 0.3734 0.6201 0.6900
vn 0.3979 0.4659 0.7903
vn 0.5523 0.5824 0.5965
vn 0.5182 0.5104 0.6863
vn -0.0254 0.4721 0.8812
vn 0.0029 0.4695 0.8829
vn 0.2418 0.4941 0.8351
vn 0.2206 0.5575 0.8003
vn -0.4960 0.2284 0.8377
vn 0.0897 0.2343 0.9680
vn 0.1892 0.2284 0.9550
vn -0.6477 0.6724 0.3583
vn -0.6951 0.6160 0.3707
vn 0.3325 0.6586 0.6750
vn -0.3355 0.9191 -0.2067
vn 0.1414 0.9310 -0.3366
vn 0.6686 0.5544 0.4955
vn 0.4093 0.6834 0.6045
vn 0.6569 0.5613 0.5034
vn -0.1945 0.5809 0.7904
vn 0.1330 0.3512 0.9268
vn -0.1664 0.4391 0.8829
vn -0.5175 0.6878 -0.5090
vn 0.2573 0.5089 -0.8215
vn 0.1576 0.6976 -0.6989
vn -0.3318 0.8241 -0.4591
vn 0.4317 0.6860 0.5857
vn 0.3208 0.5215 0.7906
vn 0.2439 0.5435 0.8032
vn -0.7985 0.3832 0.4642
vn -0.0551 0.9860 -0.1572
vn 0.5273 0.3413 0.7781
vn 0.4178 0.3928 0.8192
vn 0.2663 0.6211 0.7371
vn 0.8741 0.3779 0.3051
vn -0.5131 0.5571 -0.6529
vn -0.1792 0.6655 -0.7246
vn 0.1131 0.9196 -0.3762
vn 0.0680 0.9952 0.0708
vn -0.3419 0.8395 -0.4223
vn 0.1581 0.8433 -0.5137
vn 0.1239 0.8346 0.5367
vn 0.4835 0.7016 0.5234
vn 0.2563 0.9194 0.2983
vn 0.4204 0.8632 0.2795
vn 0.6683 0.6684 -0.3266
vn -0.7384 0.6611 -0.1332
vn -0.8797 0.4752 -0.0189
vn -0.6919 0.5203 -0.5005
vn 0.0123 0.8131 -0.5820
vn 0.7836 0.5682 0.2513
vn -0.2781 0.9292 -0.2433
vn 0.8201 0.5579 -0.1273
vn 0.7454 0.3235 0.5828
vn -0.2664 0.6870 -0.6761
vn -0.2251 0.7092 -0.6681
vn 0.0211 0.9224 -0.3858
vn 0.2495 0.8438 -0.4752
vn 0.1632 0.8404 -0.5168
vn 0.5586 0.8048 0.2005
vn 0.6826 0.6811 0.2649
vn 0.2693 0.7031 -0.6581
vn 0.2695 0.7030 -0.6581
vn 0.4932 0.6258 -0.6042
vn -0.6918 0.7131 0.1131
vn 0.4095 0.6744 -0.6144
vn 0.1324 0.9595 -0.2487
vn 0.9284 0.2672 -0.2582
vn -0.6001 0.7373 0.3103
vn -0.2809 0.7130 -0.6424
vn -0.5180 0.5151 -0.6829
vn -0.5505 0.3553 -0.7555
vn -0.3310 0.6318 -0.7009
vn -0.1968 0.6238 -0.7564
vn -0.2206 0.6004 -0.7687
vn 0.3230 0.3507 -0.8790
vn 0.0946 0.4218 -0.9017
vn -0.4903 0.4140 0.7670
vn -0.3812 0.4576 0.8033
vn 0.1545 0.4040 0.9016
vn 0.0832 0.3593 0.9295
vn -0.2756 0.7249 -0.6313
vn -0.5028 0.6071 -0.6153
vn -0.2172 0.6023 -0.7682
vn 0.1220 0.8268 -0.5492
vn -0.2884 0.7203 -0.6309
vn 0.1118 0.6681 -0.7356
vn 0.0523 0.4237 -0.9043
vn 0.3257 0.4616 -0.8251
vn -0.3972 0.2709 -0.8768
vn 0.1551 0.2240 -0.9622
vn -0.5189 0.5605 0.6455
vn -0.0111 0.3416 0.9398
vn 0.8069 0.5874 0.0620
vn -0.8152 0.5789 0.0205
vn -0.7133 0.4691 0.5208
vn -0.4148 0.4029 0.8158
vn 0.4727 0.5552 0.6844
vn -0.8101 0.5852 -0.0351
vn -0.8536 0.4247 0.3018
vn -0.2780 0.7430 0.6088
vn -0.0697 0.8467 0.5275
vn 0.3829 0.7467 0.5439
vn 0.8933 0.4494 -0.0008
vn -0.8583 0.4299 0.2803
vn -0.1442 0.6897 -0.7096
vn -0.7436 0.4398 0.5036
vn 0.0969 0.9464 0.3082
vn 0.4368 0.6379 0.6342
vn 0.7749 0.5607 0.2919
vn 0.7128 0.7003 0.0382
vn 0.9078 0.4036 0.1141
vn 0.9146 0.3803 0.1375
vn -0.7619 0.4201 0.4930
vn -0.7432 0.6465 -0.1723
vn -0.9085 0.4162 0.0368
vn -0.0486 0.9286 -0.3678
vn 0.5811 0.7900 -0.1955
vn 0.8719 0.4777 0.1078
vn 0.9328 0.3587 -0.0344
vn -0.9143 0.3618 -0.1819
vn -0.9195 0.3911 -0.0406
vn -0.7058 0.7083 0.0111
vn 0.8448 0.4337 -0.3133
vn 0.8449 0.4332 -0.3139
vn 0.1984 0.6376 -0.7444
vn -0.7798 0.4562 -0.4287
vn -0.8100 0.3877 -0.4400
vn 0.1939 0.6511 -0.7338
vn 0.7402 0.4436 -0.5053
vn 0.7967 0.5171 -0.3129
vn 0.9023 0.3814 -0.2011
vn -0.3917 0.4886 -0.7796
vn -0.6860 0.4185 -0.5952
vn -0.2528 0.4421 -0.8606
vn 0.3118 0.3448 -0.8854
vn 0.0874 0.4734 -0.8765
vn -0.2975 0.4121 -0.8612
vn 0.4855 0.4129 -0.7705
vn 0.3975 0.7605 0.5134
vn -0.0198 0.8158 0.5780
vn 0.1772 0.9092 0.3768
vn 0.0339 0.9568 0.2886
vn 0.4433 0.8784 0.1784
vn 0.3506 0.5580 0.7521
vn 0.3456 0.9338 0.0929
vn -0.2115 0.6397 0.7390
vn -0.0011 0.8538 0.5206
vn 0.2893 0.9511 0.1078
vn 0.3733 0.9133 0.1631
vn 0.2388 0.7570 0.6082
vn -0.8060 0.5357 0.2518
vn 0.7050 0.3911 0.5916
vn -0.4904 0.7427 0.4559
vn 0.6728 0.6660 -0.3222
vn -0.4825 0.6888 0.5411
vn 0.5285 0.7782 0.3393
vn 0.1654 0.9334 0.3185
vn 0.6297 0.4866 0.6056
vn 0.6571 0.7369 0.1587
vn 0.2163 0.9711 -0.1012
vn 0.2630 0.7656 0.5871
vn 0.7358 0.6241 0.2631
vn -0.8221 0.4995 -0.2731
vn -0.5867 0.7592 0.2818
vn -0.6971 0.6532 0.2955
vn -0.3373 0.9352 -0.1075
vn 0.5469 0.7538 0.3642
vn 0.4619 0.8785 0.1223
vn 0.1884 0.9805 -0.0557
vn 0.4604 0.6009 -0.6534
vn 0.2154 0.9516 -0.2193
vn -0.8290 0.5078 -0.2343
vn -0.5591 0.7968 0.2293
vn -0.6849 0.4864 0.5425
vn -0.5732 0.8059 -0.1482
vn -0.6247 0.7457 0.2316
vn 0.1729 0.8914 0.4190
vn 0.2352 0.8992 -0.3689
vn -0.3111 0.9195 -0.2402
vn 0.0178 0.9998 -0.0025
vn 0.2719 0.5159 -0.8123
vn 0.7070 0.5128 0.4870
vn 0.6809 0.6866 -0.2551
vn 0.5163 0.8531 0.0754
vn 0.5253 0.6886 -0.4999
vn 0.3050 0.7951 -0.5241
vn 0.5166 0.7403 -0.4302
vn 0.5602 0.6988 -0.4448
vn -0.8591 0.4999 0.1102
vn -0.8509 0.5170 0.0933
vn 0.2159 0.8459 -0.4877
vn 0.6129 0.6995 -0.3674
vn -0.3118 0.5640 -0.7647
vn -0.6765 0.3568 -0.6442
vn -0.2611 0.7315 -0.6299
vn 0.0037 0.7010 -0.7131
vn 0.1957 0.7876 -0.5842
vn 0.6678 0.7164 -0.2020
vn 0.1381 0.8686 -0.4759
vn 0.5761 0.6491 -0.4967
vn 0.5038 0.7439 -0.4391
vn 0.4850 0.8382 -0.2495
vn 0.3911 0.8954 -0.2129
vn 0.0419 0.9087 -0.4154
vn -0.4272 0.3814 -0.8198
vn -0.1364 0.6729 -0.7271
vn -0.0045 0.7016 -0.7125
vn -0.5750 0.7118 -0.4034
vn 0.2393 0.7942 -0.5586
vn -0.4543 0.8291 -0.3259
vn 0.2929 0.4660 -0.8349
vn 0.5552 0.7475 -0.3647
vn 0.5805 0.5149 -0.6307
vn 0.3230 0.5685 -0.7566
vn 0.1558 0.7836 -0.6014
vn -0.4292 0.5377 -0.7257
vn -0.6790 0.3612 -0.6391
vn 0.2568 0.5616 -0.7866
vn -0.2563 0.7440 -0.6171
vn -0.0469 0.5889 -0.8068
vn 0.0774 0.7759 -0.6261
vn 0.3259 0.6775 -0.6594
vn 0.0706 0.8259 -0.5594
vn -0.5366 0.3895 -0.7486
vn 0.3282 0.5380 -0.7764
vn -0.0852 0.5668 -0.8194
vn -0.0252 0.8267 -0.5621
vn 0.0655 0.6725 -0.7372
vn -0.2399 0.5031 -0.8303
vn 0.0776 0.5996 -0.7965
vn 0.6348 0.4746 -0.6098
vn -0.0253 0.9884 -0.1499
vn 0.5228 0.6646 -0.5338
vn 0.1228 0.8368 -0.5336
vn 0.5511 0.5911 -0.5890
vn -0.7561 0.4450 -0.4798
vn -0.0950 0.8760 -0.4729
vn 0.6406 0.5483 -0.5376
vn -0.0505 0.5081 -0.8598
vn -0.4316 0.4513 -0.7810
vn -0.5391 0.2828 -0.7933
vn 0.0121 0.4802 -0.8771
vn -0.4725 0.3931 -0.7888
vn -0.2884 0.8570 -0.4271
vn 0.0138 0.5565 -0.8308
vn -0.0504 0.5851 -0.8094
vn -0.1926 0.5480 -0.8140
vn 0.5542 0.6974 -0.4544
vn -0.2510 0.8975 -0.3626
vn 0.1880 0.7595 -0.6228
vn 0.3167 0.6901 -0.6507
vn 0.3270 0.4197 0.8467
vn 0.3074 0.8706 -0.3840
vn 0.1373 0.6269 0.7669
vn -0.0637 0.6988 0.7125
vn 0.7267 0.5035 0.4674
vn -0.5358 0.8438 0.0311
vn -0.7594 0.3824 0.5263
vn 0.3367 0.5716 0.7483
vn 0.7186 0.3229 0.6159
vn 0.1291 0.9773 0.1679
vn 0.6885 0.4230 0.5891
vn -0.7724 0.4729 0.4240
vn -0.3621 0.8689 -0.3374
vn -0.2504 0.3996 0.8819
vn -0.1455 0.7220 0.6764
vn 0.2300 0.8126 0.5355
vn 0.1534 0.6919 -0.7055
vn -0.1904 0.9596 -0.2074
vn 0.7116 0.6874 -0.1452
vn 0.7756 0.6183 0.1272
vn -0.8515 0.4626 0.2469
vn 0.4951 0.6978 -0.5175
vn -0.8354 0.5493 0.0192
vn -0.7778 0.6272 0.0413
vn -0.3717 0.6452 -0.6675
vn -0.0241 0.5976 0.8014
vn 0.7729 0.4046 0.4887
vn -0.4188 0.8234 0.3828
vn -0.5992 0.4175 0.6831
vn -0.2777 0.8324 -0.4796
vn -0.5048 0.2779 0.8173
vn 0.7131 0.5481 0.4370
vn -0.8110 0.3603 -0.4610
vn 0.7000 0.3177 0.6395
vn 0.5877 0.4172 -0.6932
vn -0.7952 0.5606 -0.2311
vn 0.7873 0.5952 0.1609
vn -0.2764 0.4031 0.8724
vn -0.4386 0.8430 0.3114
vn 0.5497 0.4500 -0.7038
vn 0.7448 0.3577 -0.5633
vn -0.6572 0.4480 0.6061
vn 0.6644 0.3981 -0.6325
vn 0.2589 0.8776 -0.4035
vn -0.7813 0.3126 -0.5402
vn -0.9349 0.3338 -0.1210
vn -0.4010 0.4592 0.7927
vn 0.5399 0.4368 0.7195
vn -0.9983 0.0501 0.0291
vn -0.1535 0.9617 0.2271
vn 0.3516 0.9361 -0.0054
vn 0.6908 0.3778 0.6165
vn 0.2924 0.9439 -0.1538
vn -0.5969 0.5013 -0.6264
vn -0.7919 0.3387 -0.5082
vn 0.0103 0.4609 -0.8874
vn 0.6627 0.7271 0.1795
vn -0.6316 0.6878 0.3577
vn -0.8372 0.3786 -0.3947
vn -0.0428 0.8750 -0.4821
vn 0.2375 0.6513 0.7207
vn 0.6646 0.5476 -0.5084
vn 0.7431 0.5630 -0.3616
vn 0.3936 0.5475 -0.7385
vn 0.4296 0.6598 0.6166
vn 0.6697 0.7194 0.1846
vn -0.9483 0.3149 -0.0399
vn -0.3946 0.6887 -0.6083
vn 0.2428 0.5902 -0.7699
vn 0.6405 0.3722 -0.6717
vn 0.3700 0.6705 -0.6431
vn 0.8216 0.3264 -0.4673
vn -0.7234 0.5643 0.3978
vn 0.3007 0.8339 0.4629
vn 0.6432 0.4445 0.6234
vn -0.8669 0.4148 0.2765
vn -0.7767 0.4983 -0.3853
vn 0.0638 0.5684 -0.8203
vn 0.6927 0.4532 -0.5610
vn 0.6809 0.6560 -0.3256
vn 0.1772 0.6125 0.7703
vn -0.9523 0.3040 0.0252
vn 0.2183 0.6899 -0.6902
vn -0.7502 0.3953 -0.5299
vn 0.6693 0.5314 -0.5193
vn -0.0670 0.3750 -0.9246
vn 0.2885 0.5093 -0.8108
vn 0.6646 0.5617 -0.4927
vn -0.0554 0.6768 0.7341
vn 0.9042 0.4223 -0.0634
vn 0.8698 0.4934 0.0063
vn -0.4288 0.4445 -0.7865
vn -0.6923 0.3730 -0.6178
vn -0.5667 0.6784 -0.4677
vn 0.4942 0.5933 -0.6354
vn 0.5001 0.5987 -0.6257
vn -0.8885 0.4279 -0.1659
vn 0.7078 0.6744 -0.2102
vn 0.7553 0.3188 -0.5726
vn -0.7737 0.6334 -0.0151
vn 0.0870 0.9871 0.1346
vn 0.4098 0.6724 -0.6164
vn -0.2198 0.7584 0.6136
vn -0.5013 0.5326 -0.6819
vn 0.5354 0.5857 -0.6085
vn -0.4672 0.4353 -0.7696
vn 0.4813 0.7178 -0.5031
vn 0.0425 0.9840 0.1731
vn -0.5821 0.4857 -0.6521
vn 0.7545 0.5568 -0.3474
vn 0.0991 0.9327 0.3466
vn 0.4188 0.3037 -0.8558
vn 0.6580 0.3135 -0.6846
vn 0.0227 0.5859 -0.8101
vn 0.4908 0.4695 -0.7339
vn -0.1714 0.5191 -0.8374
vn 0.7244 0.6000 -0.3394
vn 0.0816 0.5394 -0.8381
vn -0.1267 0.5794 -0.8051
vn 0.3314 0.5405 -0.7733
vn 0.2505 0.5047 -0.8261
vn -0.6376 0.5754 0.5122
vn 0.0495 0.9133 -0.4042
vn -0.7510 0.5900 0.2964
vn -0.5785 0.6704 0.4647
vn -0.6072 0.3870 0.6939
vn 0.5503 0.8168 0.1731
vn -0.7228 0.4586 0.5170
vn 0.4378 0.8991 -0.0020
vn 0.5630 0.6647 0.4912
vn 0.5343 0.7060 0.4648
vn 0.5455 0.7750 0.3190
vn 0.3744 0.7273 0.5752
vn 0.0535 0.8752 0.4808
vn 0.4013 0.9066 0.1307
vn 0.3890 0.8613 0.3269
vn -0.7206 0.5388 0.4363
vn -0.5549 0.5711 0.6049
vn -0.3076 0.9249 0.2234
vn 0.4384 0.7165 0.5426
vn 0.1335 0.5891 0.7969
vn 0.4188 0.2384 0.8762
vn 0.2684 0.2549 0.9290
vn -0.6594 0.7465 -0.0886
vn -0.0107 0.3962 0.9181
vn -0.2552 0.9526 0.1654
vn -0.0110 0.9902 -0.1392
vn -0.2328 0.9204 -0.3142
vn 0.4192 0.6561 0.6276
vn 0.5442 0.5028 0.6716
vn 0.2166 0.5094 0.8328
vn 0.1100 0.5256 0.8436
vn -0.0641 0.2109 0.9754
vn -0.6745 0.6614 0.3280
vn -0.5236 0.7182 0.4582
vn 0.0251 0.9484 -0.3162
vn -0.4580 0.7405 -0.4919
vn 0.4514 0.5944 0.6655
vn 0.4138 0.6804 0.6048
vn 0.3267 0.4896 0.8084
vn 0.1711 0.6088 0.7747
vn -0.7030 0.2208 0.6760
vn -0.0535 0.4406 0.8961
vn -0.4405 0.2468 0.8631
vn 0.2845 0.3318 0.8994
vn 0.4154 0.2194 0.8828
vn -0.2343 0.6743 -0.7003
vn -0.2175 0.6831 -0.6972
vn 0.0058 0.8764 0.4815
vn 0.6435 0.6178 0.4519
vn 0.0605 0.5073 0.8597
vn -0.6362 0.7074 0.3079
vn 0.4812 0.5947 0.6441
vn 0.4949 0.3951 0.7739
vn 0.8750 0.3975 0.2762
vn -0.7616 0.5532 -0.3375
vn -0.5482 0.5499 -0.6302
vn -0.2214 0.7073 -0.6714
vn -0.2931 0.6022 -0.7426
vn 0.4652 0.7777 -0.4228
vn 0.2020 0.7256 -0.6578
vn -0.0620 0.9825 0.1754
vn 0.7234 0.6558 0.2158
vn 0.1394 0.9898 0.0290
vn 0.6420 0.6889 -0.3365
vn -0.3655 0.7605 0.5367
vn -0.8314 0.4173 0.3670
vn -0.0215 0.8191 -0.5732
vn 0.5385 0.7310 0.4190
vn 0.4016 0.4960 -0.7699
vn -0.3211 0.7035 -0.6341
vn -0.3278 0.6113 -0.7204
vn 0.1267 0.8991 -0.4191
vn -0.2697 0.7801 -0.5645
vn 0.5667 0.7521 0.3363
vn 0.2482 0.9019 -0.3534
vn -0.4125 0.8487 -0.3310
vn -0.2243 0.6632 -0.7141
vn 0.3779 0.7206 -0.5814
vn 0.8240 0.5617 0.0751
vn 0.7845 0.6047 0.1372
vn 0.5377 0.7944 -0.2826
vn 0.0231 0.8938 0.4478
vn -0.4046 0.5409 -0.7374
vn 0.2419 0.9536 -0.1795
vn 0.3433 0.4306 -0.8347
vn -0.4668 0.8834 -0.0404
vn 0.1888 0.6533 -0.7332
vn 0.0438 0.6991 -0.7137
vn 0.2437 0.3520 -0.9037
vn 0.7110 0.3593 -0.6044
vn 0.1613 0.3601 0.9189
vn -0.3639 0.4937 0.7898
vn 0.7000 0.3885 0.5993
vn 0.4106 0.8083 0.4219
vn 0.5472 0.7166 0.4325
vn -0.0430 0.7460 -0.6645
vn -0.2887 0.5833 -0.7592
vn -0.3556 0.7391 -0.5720
vn -0.2232 0.7401 -0.6344
vn 0.3814 0.4353 -0.8155
vn 0.3850 0.4418 -0.8103
vn 0.3328 0.1685 -0.9278
vn 0.3289 0.2205 -0.9183
vn -0.3068 0.5375 0.7854
vn -0.5815 0.4141 0.7003
vn -0.0960 0.3910 0.9154
vn 0.1590 0.3186 0.9345
vn 0.5562 0.3484 0.7545
vn 0.6109 0.2962 0.7342
vn 0.2575 0.4941 -0.8304
vn -0.6453 0.6717 0.3639
vn 0.4149 0.6086 0.6764
vn 0.7255 0.4943 0.4788
vn -0.7505 0.6608 0.0098
vn -0.5309 0.5523 0.6427
vn 0.2937 0.6320 0.7172
vn 0.4617 0.6598 0.5929
vn 0.6546 0.6176 0.4360
vn 0.7923 0.5839 -0.1772
vn -0.8221 0.5495 -0.1490
vn 0.2043 0.9383 0.2791
vn -0.6143 0.3528 0.7058
vn -0.3405 0.6723 0.6573
vn 0.8278 0.4521 0.3322
vn 0.9083 0.3862 0.1610
vn -0.9247 0.3803 -0.0163
vn -0.3998 0.6319 -0.6640
vn -0.2883 0.9197 -0.2664
vn 0.7020 0.6937 0.1610
vn -0.8422 0.4569 -0.2863
vn -0.6567 0.7391 0.1495
vn 0.4245 0.8940 0.1432
vn 0.9275 0.3734 -0.0192
vn -0.3916 0.4895 -0.7791
vn 0.4438 0.6695 -0.5956
vn -0.2955 0.8878 -0.3529
vn 0.7971 0.5029 -0.3341
vn 0.9003 0.3501 -0.2585
vn 0.7381 0.4828 -0.4713
vn 0.8046 0.3902 -0.4475
vn -0.2593 0.6007 -0.7563
vn 0.1386 0.5971 -0.7901
vn 0.4949 0.3793 -0.7818
vn -0.7304 0.3506 -0.5862
vn 0.5811 0.5919 0.5585
vn 0.6367 0.5875 0.4995
vn 0.4221 0.7555 0.5011
vn 0.3477 0.7715 0.5328
vn 0.6449 0.5853 0.4915
vn 0.5917 0.6458 0.4824
vn 0.6467 0.5891 0.4845
vn 0.6199 0.7380 0.2666
vn -0.5734 0.4080 0.7105
vn 0.3270 0.6994 0.6356
vn 0.5320 0.8460 -0.0356
vn -0.4981 0.4924 0.7138
vn -0.5517 0.6966 0.4586
vn 0.4605 0.5937 0.6599
vn 0.0355 0.8137 0.5802
vn 0.6058 0.6822 0.4094
vn 0.4326 0.4456 0.7838
vn 0.3654 0.7822 0.5045
vn -0.3180 0.7338 0.6003
vn 0.2064 0.4329 0.8775
vn -0.0688 0.8719 0.4847
vn -0.3992 0.5761 0.7132
vn 0.2413 0.6984 0.6738
vn 0.2016 0.6125 0.7643
vn 0.2041 0.6110 0.7648
vn 0.0481 0.5932 0.8036
vn 0.0648 0.8469 0.5278
vn 0.0332 0.8095 0.5862
vn -0.1079 0.7763 0.6210
vn -0.4748 0.7933 0.3812
vn 0.6374 0.7255 0.2598
vn -0.3994 0.6125 0.6822
vn 0.6489 0.4322 0.6263
vn 0.6158 0.4658 0.6355
vn 0.0655 0.6734 0.7364
vn 0.0933 0.9551 -0.2811
vn -0.3140 0.4941 0.8107
vn -0.0974 0.6373 0.7644
vn -0.1917 0.7499 0.6332
vn 0.2551 0.5251 0.8119
vn 0.4500 0.5732 0.6848
vn 0.3741 0.7156 0.5899
vn 0.5428 0.6117 0.5755
vn 0.0473 0.7587 0.6497
vn -0.0682 0.7975 0.5995
vn -0.2240 0.8759 0.4274
vn 0.6368 0.7269 0.2571
vn 0.1045 0.5198 0.8479
vn 0.0791 0.7672 0.6366
vn -0.1911 0.5512 0.8122
vn 0.0813 0.8772 0.4732
vn -0.4990 0.4769 0.7236
vn -0.2381 0.9711 -0.0149
vn -0.2035 0.6127 0.7636
vn -0.5153 0.5200 0.6812
vn 0.2808 0.8042 0.5238
vn 0.4410 0.6196 0.6493
vn -0.0271 0.6922 0.7212
vn 0.1442 0.7711 0.6201
vn -0.0155 0.8147 0.5797
vn -0.3304 0.9051 0.2678
vn 0.6391 0.7015 0.3155
vn 0.5965 0.3404 0.7268
vn 0.2945 0.5383 0.7896
vn 0.0996 0.5123 0.8530
vn 0.3682 0.5425 0.7550
vn -0.2270 0.9517 0.2067
vn -0.1817 0.9833 -0.0042
vn -0.6028 0.6042 0.5210
vn -0.3576 0.7770 0.5180
vn -0.2045 0.9679 0.1460
vn 0.3237 0.5432 0.7746
vn 0.5909 0.6318 0.5017
vn 0.4444 0.8273 0.3437
vn 0.5303 0.7571 0.3816
vn 0.5044 0.7389 0.4468
vn 0.0360 0.8327 0.5526
vn -0.8009 0.4143 0.4322
vn 0.3970 0.8217 0.4088
vn -0.2462 0.8535 0.4592
vn -0.0056 0.8258 0.5639
vn -0.2457 0.7241 0.6445
vn -0.4979 0.5030 0.7065
vn -0.7252 0.4153 0.5492
vn -0.6292 0.5992 0.4950
vn 0.3970 0.6344 0.6633
vn -0.4837 0.6896 0.5390
vn -0.0456 0.9847 -0.1682
vn 0.7178 0.6606 0.2200
vn 0.0320 0.8654 0.5001
vn -0.3285 0.7152 0.6169
vn -0.1031 0.7176 0.6888
vn 0.1201 0.7014 0.7026
vn -0.3369 0.9350 0.1110
vn 0.6122 0.5348 0.5824
vn 0.1611 0.6817 0.7137
vn -0.0486 0.8769 0.4783
vn -0.0901 0.8647 0.4942
vn -0.3555 0.5117 0.7822
vn -0.4145 0.5325 0.7380
vn 0.4798 0.7634 0.4324
vn -0.2533 0.6725 0.6954
vn 0.0169 0.8809 0.4730
vn 0.1761 0.9169 0.3582
vn -0.5646 0.8187 -0.1047
vn -0.3760 0.9077 0.1862
vn 0.7768 0.6290 -0.0297
vn 0.7821 0.6147 -0.1019
vn -0.3049 0.6226 -0.7207
vn -0.3208 0.4833 0.8146
vn 0.2189 0.7567 0.6160
vn 0.4551 0.8420 -0.2897
vn -0.4190 0.9055 0.0668
vn -0.7229 0.5901 -0.3594
vn 0.4606 0.5966 0.6572
vn 0.3135 0.6788 0.6641
vn 0.0401 0.9992 -0.0032
vn -0.3630 0.9263 0.1013
vn -0.2820 0.9518 -0.1205
vn -0.6051 0.7883 -0.1116
vn -0.2348 0.9197 0.3147
vn 0.6018 0.7584 -0.2503
vn 0.5984 0.7745 0.2052
vn 0.2905 0.9267 0.2382
vn -0.4518 0.8706 0.1947
vn -0.4363 0.6918 0.5753
vn -0.4456 0.8802 0.1632
vn -0.8251 0.4327 0.3634
vn 0.0848 0.9762 0.1997
vn -0.5472 0.8368 -0.0203
vn -0.7114 0.6799 0.1780
vn 0.4410 0.5350 0.7206
vn 0.0346 0.9925 -0.1168
vn 0.3567 0.9227 -0.1463
vn 0.3213 0.9406 0.1098
vn -0.3415 0.8299 -0.4412
vn -0.4589 0.8470 0.2682
vn -0.5357 0.8353 0.1237
vn -0.2399 0.9707 0.0160
vn 0.4923 0.8462 -0.2040
vn 0.3536 0.9339 -0.0528
vn 0.0613 0.8323 -0.5509
vn 0.4431 0.8700 -0.2163
vn -0.4636 0.8365 0.2922
vn 0.2109 0.9185 -0.3345
vn -0.4532 0.8184 0.3533
vn 0.5559 0.6509 0.5170
vn -0.5901 0.5965 -0.5441
vn 0.8538 0.5137 -0.0845
vn 0.3080 0.6519 -0.6930
vn -0.2275 0.7271 -0.6477
vn -0.1250 0.9551 -0.2686
vn -0.7450 0.5927 -0.3061
vn -0.6041 0.7928 0.0808
vn -0.3976 0.8995 -0.1811
vn -0.1737 0.9245 0.3392
vn -0.2426 0.9701 0.0087
vn 0.4269 0.8987 -0.1007
vn 0.1352 0.9908 0.0036
vn 0.5114 0.8482 -0.1379
vn 0.5857 0.7012 -0.4066
vn 0.6246 0.6430 -0.4433
vn 0.5207 0.7435 -0.4196
vn 0.4707 0.8739 -0.1218
vn 0.0480 0.9969 -0.0629
vn 0.6390 0.5386 -0.5492
vn -0.6651 0.7266 -0.1721
vn -0.6405 0.5291 -0.5567
vn 0.1749 0.9787 -0.1070
vn 0.3281 0.9028 -0.2782
vn -0.2144 0.4139 -0.8847
vn 0.2793 0.4008 -0.8726
vn -0.0358 0.9573 -0.2868
vn 0.4902 0.7019 -0.5168
vn -0.1419 0.9147 0.3784
vn 0.5252 0.7717 -0.3585
vn 0.5640 0.7298 -0.3864
vn 0.6251 0.6430 -0.4426
vn 0.6553 0.6370 -0.4061
vn 0.5927 0.7289 -0.3425
vn -0.8859 0.4595 -0.0632
vn -0.8457 0.3312 -0.4184
vn 0.4207 0.5892 -0.6898
vn 0.6960 0.6051 -0.3866
vn 0.3031 0.9524 0.0332
vn 0.5942 0.7725 -0.2241
vn -0.5721 0.4081 -0.7114
vn -0.2346 0.9593 -0.1570
vn -0.2940 0.6350 -0.7144
vn 0.2434 0.4775 -0.8443
vn 0.0393 0.5546 -0.8312
vn -0.0990 0.5302 -0.8421
vn -0.0733 0.4728 -0.8781
vn -0.3665 0.6395 -0.6758
vn 0.2872 0.9550 0.0747
vn -0.4972 0.8268 0.2629
vn -0.4578 0.8442 0.2787
vn -0.6897 0.6646 -0.2876
vn 0.4172 0.8316 0.3666
vn 0.4211 0.7752 -0.4710
vn 0.5601 0.8266 -0.0553
vn 0.5146 0.7077 -0.4841
vn 0.6091 0.6021 -0.5161
vn -0.3750 0.7447 -0.5521
vn 0.2805 0.6690 -0.6883
vn 0.5992 0.7724 -0.2108
vn 0.0420 0.3885 -0.9205
vn 0.2460 0.4711 -0.8471
vn 0.1493 0.9110 -0.3844
vn 0.0437 0.4211 -0.9060
vn -0.1759 0.5855 -0.7913
vn 0.0247 0.6539 -0.7562
vn -0.1561 0.8155 -0.5574
vn -0.5886 0.7550 -0.2892
vn -0.5754 0.6418 0.5070
vn 0.3863 0.7725 -0.5040
vn -0.3586 0.9253 -0.1233
vn 0.6516 0.7289 0.2102
vn 0.2097 0.9602 0.1845
vn 0.5921 0.7997 -0.1000
vn 0.5586 0.8272 -0.0612
vn 0.2795 0.9554 0.0957
vn 0.1714 0.8076 -0.5642
vn -0.2758 0.4978 -0.8223
vn -0.0460 0.8276 -0.5594
vn 0.2554 0.4930 -0.8317
vn 0.6844 0.5602 -0.4667
vn 0.4353 0.5681 -0.6985
vn 0.2755 0.4987 -0.8218
vn 0.0178 0.6654 -0.7463
vn -0.6428 0.6948 -0.3227
vn 0.1243 0.8941 0.4302
vn -0.7080 0.6096 -0.3567
vn 0.0091 0.9517 0.3069
vn 0.3096 0.9359 -0.1680
vn 0.3008 0.9508 0.0737
vn 0.4185 0.7594 -0.4982
vn 0.1931 0.7371 -0.6477
vn 0.3482 0.6726 -0.6530
vn -0.7697 0.4285 -0.4731
vn 0.0284 0.4673 -0.8836
vn -0.3563 0.3888 -0.8496
vn -0.6528 0.4001 -0.6432
vn -0.7192 0.3837 -0.5792
vn -0.3376 0.4046 -0.8499
vn 0.0004 0.5863 -0.8101
vn 0.2426 0.5517 -0.7980
vn 0.1497 0.7130 -0.6850
vn -0.0915 0.4863 -0.8690
vn -0.5648 0.4129 -0.7145
vn -0.1573 0.8132 -0.5603
vn -0.4776 0.8665 0.1452
vn 0.0049 0.9773 0.2116
vn 0.3697 0.7852 -0.4968
vn 0.4845 0.8498 -0.2075
vn 0.5503 0.7071 -0.4440
vn 0.6066 0.5434 -0.5803
vn -0.7196 0.4479 -0.5306
vn 0.5021 0.5120 -0.6970
vn 0.4629 0.7050 -0.5373
vn 0.2746 0.8438 -0.4610
vn 0.5313 0.7473 -0.3990
vn 0.4921 0.5641 -0.6631
vn 0.6843 0.2188 -0.6956
vn -0.0977 0.4923 -0.8649
vn -0.1366 0.4325 -0.8912
vn 0.5134 0.7856 -0.3452
vn 0.2368 0.4605 -0.8555
vn 0.1045 0.3836 -0.9176
vn 0.0279 0.4077 -0.9127
vn 0.3876 0.4157 -0.8227
vn 0.3929 0.6126 -0.6858
vn 0.0241 0.8427 -0.5378
vn -0.3714 0.5503 -0.7478
vn 0.1837 0.5894 -0.7867
vn -0.5225 0.7626 -0.3813
vn -0.7130 0.6766 -0.1841
vn -0.5574 0.7101 -0.4302
vn -0.2416 0.9389 -0.2451
vn 0.3519 0.9107 -0.2162
vn 0.0969 0.9367 0.3365
vn 0.8016 0.5690 -0.1838
vn 0.5702 0.5952 -0.5662
vn -0.1350 0.7531 -0.6439
vn 0.3724 0.7756 -0.5097
vn 0.5678 0.6066 -0.5564
vn -0.3461 0.4064 -0.8456
vn 0.1918 0.6442 -0.7404
vn -0.4998 0.7368 -0.4553
vn -0.1956 0.7974 -0.5710
vn -0.0595 0.5528 -0.8312
vn 0.0878 0.3329 -0.9389
vn 0.1792 0.4715 -0.8635
vn 0.1059 0.6684 -0.7362
vn 0.3896 0.5199 -0.7603
vn 0.2296 0.5748 -0.7854
vn 0.1725 0.7199 -0.6723
vn 0.0713 0.9618 -0.2642
vn -0.5070 0.8529 0.1246
vn -0.7233 0.6498 -0.2336
vn -0.8041 0.5853 0.1046
vn -0.7377 0.3351 0.5861
vn -0.6641 0.7459 -0.0506
vn -0.5840 0.8115 0.0193
vn 0.5038 0.8504 -0.1516
vn 0.8163 0.5555 -0.1580
vn 0.6113 0.7826 -0.1175
vn 0.3409 0.7499 -0.5669
vn 0.5949 0.6462 -0.4780
vn 0.5724 0.6672 -0.4767
vn -0.7529 0.4549 -0.4757
vn -0.5972 0.5678 -0.5665
vn 0.4679 0.8559 -0.2203
vn -0.3117 0.9128 -0.2638
vn 0.2324 0.9090 -0.3458
vn 0.4605 0.8822 -0.0977
vn 0.6655 0.6818 -0.3039
vn -0.3363 0.6467 -0.6846
vn 0.3135 0.5780 -0.7534
vn -0.3028 0.3844 -0.8721
vn -0.0737 0.5160 -0.8534
vn -0.3282 0.5181 -0.7898
vn -0.0491 0.7194 -0.6929
vn -0.0055 0.4436 -0.8962
vn 0.2917 0.6960 -0.6561
vn 0.3722 0.4069 -0.8342
vn 0.1909 0.5685 -0.8002
vn 0.1841 0.6898 -0.7002
vn 0.2292 0.6560 -0.7191
vn 0.0526 0.7521 -0.6569
vn -0.3992 0.8643 -0.3059
vn -0.6984 0.5691 -0.4339
vn -0.7148 0.6809 0.1593
vn -0.0410 0.9789 0.2000
vn 0.1194 0.9725 0.1999
vn 0.7112 0.6453 -0.2789
vn 0.6121 0.7757 0.1540
vn 0.8018 0.5691 -0.1825
vn 0.5829 0.6528 -0.4838
vn 0.4543 0.7785 -0.4331
vn 0.0541 0.6748 -0.7360
vn 0.3135 0.5962 -0.7391
vn 0.3173 0.4135 -0.8534
vn 0.6463 0.7397 -0.1873
vn 0.1389 0.7719 -0.6204
vn -0.4687 0.6989 -0.5403
vn -0.2674 0.4401 -0.8572
vn 0.2363 0.4974 -0.8347
vn 0.2963 0.4588 -0.8377
vn -0.0110 0.3653 -0.9308
vn 0.4527 0.4058 -0.7940
vn 0.0229 0.6318 -0.7748
vn 0.1917 0.6504 -0.7350
vn 0.3376 0.6612 -0.6699
vn -0.2370 0.7841 -0.5737
vn -0.3727 0.7122 -0.5949
vn -0.6176 0.5569 0.5553
vn 0.4795 0.8577 0.1854
vn 0.5442 0.8366 0.0629
vn 0.8733 0.4753 -0.1066
vn 0.2747 0.8468 -0.4554
vn 0.5498 0.6595 -0.5126
vn 0.6685 0.5435 -0.5077
vn 0.5006 0.6986 -0.5112
vn -0.7290 0.4990 -0.4685
vn -0.5309 0.5988 -0.5997
vn 0.4627 0.7751 -0.4302
vn -0.2204 0.8029 -0.5538
vn 0.1760 0.8450 -0.5049
vn 0.1498 0.8732 -0.4638
vn -0.2365 0.5088 -0.8277
vn 0.0324 0.5529 -0.8326
vn -0.1725 0.5240 -0.8341
vn 0.2556 0.7497 -0.6105
vn 0.1420 0.5953 -0.7909
vn -0.1559 0.7549 -0.6371
vn 0.0964 0.7963 -0.5972
vn -0.5896 0.7004 -0.4022
vn -0.7660 0.6323 0.1164
vn -0.8503 0.4803 -0.2153
vn -0.7203 0.6267 -0.2975
vn 0.8161 0.5776 0.0201
vn 0.1322 0.8904 -0.4355
vn 0.2367 0.8530 -0.4652
vn 0.4418 0.8690 -0.2227
vn 0.6111 0.7133 -0.3432
vn 0.4548 0.7867 -0.4175
vn 0.6525 0.5450 -0.5265
vn 0.5557 0.8311 -0.0230
vn -0.0805 0.9649 -0.2499
vn 0.4776 0.7045 -0.5249
vn 0.0009 0.7867 -0.6174
vn 0.5306 0.7026 -0.4742
vn -0.6651 0.4038 -0.6281
vn -0.8859 0.3624 0.2894
vn 0.0198 0.9359 0.3516
vn 0.0526 0.8761 0.4793
vn -0.1176 0.9504 -0.2880
vn 0.7190 0.6826 -0.1309
vn 0.7524 0.5195 -0.4049
vn 0.7137 0.6199 -0.3261
vn -0.1220 0.9010 -0.4162
vn 0.1910 0.9810 -0.0334
vn 0.5722 0.7034 -0.4216
vn 0.2769 0.7299 -0.6250
vn -0.4769 0.6773 0.5602
vn -0.7139 0.6468 -0.2684
vn -0.8502 0.3917 -0.3517
vn 0.1883 0.8906 -0.4140
vn 0.5738 0.8055 0.1476
vn 0.7877 0.4313 -0.4399
vn 0.2840 0.8079 -0.5163
vn 0.5983 0.6701 -0.4393
vn 0.6026 0.6034 -0.5223
vn 0.6437 0.6810 -0.3491
vn -0.7283 0.6832 0.0526
vn 0.0677 0.9847 0.1608
vn 0.5093 0.6412 -0.5740
vn 0.1758 0.9268 -0.3318
vn -0.2989 0.9434 -0.1439
vn -0.5737 0.7462 -0.3377
vn -0.8144 0.5780 -0.0512
vn -0.8684 0.4134 -0.2740
vn -0.8032 0.5650 0.1891
vn -0.1898 0.9314 0.3106
vn 0.3080 0.8201 0.4824
vn 0.6095 0.7737 -0.1726
vn 0.8189 0.5634 -0.1095
vn 0.7923 0.6063 0.0685
vn 0.2649 0.9607 -0.0827
vn 0.4448 0.8954 -0.0212
vn 0.6273 0.7777 -0.0420
vn 0.6927 0.7111 -0.1201
vn 0.6568 0.7274 -0.1989
vn -0.6725 0.6360 -0.3786
vn -0.0923 0.7404 -0.6657
vn 0.0141 0.8233 -0.5674
vn 0.0541 0.9573 0.2839
vn 0.3290 0.6900 -0.6447
vn -0.5053 0.8410 0.1931
vn 0.2904 0.9314 0.2195
vn 0.6904 0.6920 -0.2108
vn -0.2287 0.8273 -0.5132
vn -0.8997 0.4354 -0.0311
vn -0.8925 0.4510 -0.0049
vn -0.6586 0.7019 -0.2714
vn -0.3320 0.6371 -0.6956
vn 0.8020 0.5901 0.0928
vn 0.8303 0.5312 0.1686
vn 0.6936 0.6957 0.1869
vn 0.4719 0.8766 0.0940
vn -0.7429 0.5070 0.4370
vn -0.2360 0.7503 0.6175
vn 0.5657 0.6895 -0.4524
vn 0.3698 0.6335 -0.6797
vn -0.2138 0.9626 0.1665
vn -0.7769 0.6287 -0.0332
vn -0.7290 0.5778 -0.3670
vn -0.6807 0.5859 -0.4398
vn 0.8070 0.3901 0.4434
vn 0.8251 0.4532 0.3373
vn 0.5852 0.6875 -0.4300
vn 0.7454 0.6667 0.0013
vn -0.2541 0.8535 -0.4550
vn 0.6814 0.6552 0.3262
vn 0.3798 0.6330 -0.6746
vn -0.8109 0.5843 -0.0336
vn -0.8947 0.4329 -0.1096
vn -0.7738 0.4887 0.4030
vn -0.3632 0.8832 -0.2967
vn 0.5999 0.7302 0.3270
vn 0.7663 0.5872 -0.2609
vn 0.7307 0.6708 -0.1265
vn -0.6540 0.7536 -0.0668
vn 0.0544 0.9786 0.1983
vn 0.5254 0.8446 -0.1023
vn 0.4950 0.8572 -0.1419
vn -0.0777 0.7448 -0.6628
vn -0.7024 0.6132 -0.3615
vn -0.6161 0.4717 -0.6308
vn 0.0258 0.9990 -0.0367
vn -0.5303 0.6206 0.5776
vn 0.6000 0.5867 -0.5439
vn -0.5941 0.7266 0.3451
vn 0.8210 0.5700 0.0322
vn 0.7075 0.7024 0.0788
vn 0.8862 0.4581 -0.0696
vn 0.4032 0.8818 -0.2446
vn 0.3131 0.9463 0.0804
vn 0.5788 0.7796 -0.2392
vn -0.8719 0.4862 0.0577
vn -0.9078 0.3989 0.1297
vn -0.7478 0.5286 0.4017
vn -0.6739 0.7007 0.2342
vn -0.5809 0.7113 0.3957
vn -0.4000 0.7607 -0.5113
vn 0.7330 0.6728 -0.1005
vn 0.4697 0.6674 0.5779
vn -0.8303 0.5212 0.1971
vn 0.4530 0.8909 0.0342
vn 0.7169 0.5365 -0.4452
vn 0.4586 0.7735 -0.4375
vn 0.6303 0.6174 -0.4706
vn 0.3214 0.6704 -0.6687
vn -0.6176 0.6514 0.4407
vn 0.0016 0.9268 -0.3756
vn 0.7202 0.6296 0.2914
vn 0.7674 0.6100 -0.1978
vn 0.7505 0.6283 0.2049
vn 0.8040 0.4614 0.3750
vn -0.2707 0.9507 0.1513
vn -0.0391 0.9881 -0.1486
vn -0.7685 0.6358 -0.0718
vn -0.9274 0.3273 -0.1810
vn -0.7854 0.6185 0.0228
vn -0.7847 0.6172 0.0571
vn -0.5630 0.6180 -0.5487
vn -0.0337 0.7029 0.7105
vn 0.3088 0.8232 0.4765
vn -0.1881 0.8665 -0.4624
vn 0.7622 0.3688 0.5319
vn 0.5001 0.6727 -0.5453
vn 0.6754 0.4786 0.5611
vn 0.7037 0.4322 0.5639
vn -0.8475 0.5283 0.0508
vn 0.1931 0.9660 0.1721
vn 0.7714 0.6339 -0.0565
vn 0.4670 0.6843 -0.5601
vn -0.7823 0.4998 0.3718
vn -0.8290 0.5246 0.1938
vn 0.0431 0.6293 0.7759
vn 0.3967 0.5892 0.7039
vn -0.3955 0.9111 0.1161
vn 0.0375 0.8949 -0.4447
vn -0.5086 0.8026 -0.3118
vn -0.7896 0.4963 0.3609
vn -0.8331 0.5509 0.0504
vn -0.8287 0.5566 -0.0584
vn -0.1152 0.7180 -0.6865
vn 0.5960 0.7869 -0.1602
vn 0.0982 0.9265 0.3632
vn 0.8064 0.4201 0.4162
vn 0.5324 0.7551 -0.3826
vn 0.8031 0.5887 -0.0920
vn 0.3107 0.6898 -0.6539
vn 0.1775 0.7616 -0.6232
vn 0.2093 0.6743 -0.7082
vn -0.1586 0.8250 -0.5425
vn -0.1145 0.8427 -0.5260
vn -0.1166 0.8430 -0.5251
vn -0.4540 0.5668 0.6875
vn -0.0309 0.9068 0.4205
vn -0.8631 0.4800 0.1570
vn -0.8492 0.5272 0.0320
vn -0.9099 0.3210 0.2628
vn -0.4650 0.8845 -0.0377
vn -0.1462 0.7033 0.6957
vn -0.4901 0.4510 0.7459
vn -0.2482 0.8861 0.3915
vn -0.3468 0.9294 0.1264
vn 0.5661 0.4795 -0.6705
vn -0.5026 0.8644 -0.0097
vn -0.7188 0.6408 -0.2696
vn 0.6268 0.4931 -0.6034
vn 0.9002 0.3911 -0.1915
vn 0.3035 0.7476 -0.5907
vn 0.2361 0.7798 -0.5798
vn 0.1976 0.7622 -0.6164
vn -0.0475 0.9435 -0.3280
vn 0.2106 0.8391 -0.5016
vn -0.0394 0.8512 -0.5233
vn 0.1256 0.7484 -0.6512
vn 0.0192 0.6626 -0.7487
vn -0.2034 0.9104 -0.3603
vn -0.9129 0.3481 0.2130
vn -0.7441 0.5939 0.3060
vn 0.0043 0.9788 -0.2047
vn -0.6843 0.6010 -0.4130
vn 0.2221 0.5901 0.7762
vn -0.4145 0.8550 -0.3117
vn 0.7633 0.4383 0.4747
vn 0.8983 0.3502 0.2654
vn -0.4059 0.5205 0.7512
vn 0.4399 0.7921 0.4232
vn -0.6509 0.6193 -0.4391
vn 0.6042 0.4805 -0.6357
vn -0.4258 0.8735 -0.2362
vn -0.7450 0.6339 0.2077
vn -0.6628 0.6688 -0.3366
vn -0.6845 0.3630 0.6322
vn -0.3832 0.6328 0.6728
vn -0.4993 0.8622 0.0857
vn 0.7139 0.5366 0.4499
vn -0.4011 0.7868 0.4692
vn 0.1836 0.5100 0.8404
vn 0.5423 0.3855 0.7465
vn -0.5279 0.6768 -0.5131
vn 0.7130 0.3440 0.6110
vn 0.5601 0.5123 0.6510
vn -0.0499 0.8481 -0.5274
vn -0.6242 0.7613 -0.1756
vn -0.6504 0.4483 0.6132
vn -0.7483 0.3824 -0.5421
vn -0.3207 0.7231 0.6118
vn -0.6493 0.5083 -0.5657
vn -0.4284 0.7335 0.5276
vn 0.3866 0.5393 0.7482
vn 0.2524 0.4913 -0.8336
vn 0.3002 0.4817 -0.8233
vn 0.6971 0.4636 0.5469
vn -0.7538 0.3308 0.5678
vn -0.7732 0.5271 0.3525
vn -0.6408 0.4030 0.6534
vn -0.5254 0.5896 0.6134
vn -0.5632 0.3457 0.7506
vn 0.2596 0.3093 0.9149
vn -0.6861 0.6824 -0.2522
vn -0.5442 0.8318 0.1094
vn 0.8840 0.3067 0.3528
vn 0.6596 0.4107 0.6295
vn -0.6160 0.7633 -0.1948
vn -0.5818 0.7687 -0.2656
vn -0.8164 0.2607 0.5153
vn -0.7119 0.3968 0.5794
vn -0.7084 0.6945 0.1255
vn 0.3942 0.2753 0.8768
vn 0.2988 0.9395 0.1675
vn 0.3689 0.4696 -0.8021
vn -0.0812 0.5591 -0.8251
vn 0.2655 0.4988 -0.8251
vn -0.1419 0.6197 0.7719
vn 0.1397 0.6744 0.7250
vn -0.6044 0.7966 0.0074
vn 0.0332 0.9949 0.0958
vn -0.4789 0.4858 0.7312
vn -0.0753 0.2105 0.9747
vn 0.7223 0.3468 0.5984
vn -0.3546 0.6861 -0.6353
vn 0.7597 0.6285 -0.1668
vn -0.1349 0.5590 0.8181
vn 0.0082 0.5226 0.8525
vn -0.6042 0.7964 -0.0279
vn -0.4255 0.7931 -0.4358
vn -0.7921 0.3936 0.4666
vn -0.6885 0.7252 0.0038
vn -0.8933 0.3236 0.3119
vn 0.5657 0.6534 -0.5031
vn -0.3347 0.4658 0.8191
vn 0.1232 0.6605 0.7406
vn 0.3201 0.6826 0.6569
vn 0.1528 0.7707 0.6186
vn 0.4359 0.6913 0.5763
vn -0.7764 0.6197 0.1147
vn -0.8601 0.2746 0.4298
vn -0.7857 0.5854 0.2000
vn -0.4165 0.6353 0.6504
vn 0.9248 0.3444 0.1615
vn -0.0734 0.7092 0.7012
vn 0.6323 0.6197 0.4650
vn -0.4198 0.8753 -0.2400
vn -0.8574 0.4983 -0.1284
vn -0.7743 0.5248 0.3536
vn -0.7705 0.6200 -0.1483
vn -0.9702 0.2210 0.0997
vn 0.0453 0.9488 0.3125
vn 0.1932 0.4231 0.8853
vn 0.1932 0.5331 0.8237
vn -0.2476 0.3932 0.8855
vn -0.5798 0.8147 -0.0001
vn -0.8023 0.5340 0.2667
vn -0.3534 0.8322 -0.4273
vn -0.9084 0.4159 -0.0421
vn -0.8435 0.5237 0.1196
vn -0.9238 0.3241 0.2038
vn 0.2298 0.8530 0.4685
vn -0.3229 0.9227 0.2105
vn 0.8207 0.4875 0.2982
vn 0.5986 0.6978 0.3934
vn -0.4127 0.4718 0.7791
vn -0.7598 0.5148 0.3971
vn -0.7344 0.3522 0.5803
vn -0.3383 0.9126 0.2298
vn 0.8678 0.2926 0.4017
vn -0.1881 0.7593 -0.6229
vn 0.8016 0.3834 -0.4587
vn -0.5793 0.8149 0.0190
vn -0.7145 0.6996 -0.0065
vn -0.7531 0.6514 0.0918
vn -0.9135 0.3222 0.2486
vn -0.6566 0.4515 -0.6041
vn -0.8930 0.4358 -0.1129
vn -0.8018 0.2909 0.5220
vn 0.8633 0.2627 0.4308
vn -0.3910 0.7213 0.5716
vn -0.4336 0.5571 0.7083
vn 0.6707 0.6316 0.3890
vn -0.4382 0.8905 0.1223
vn -0.5448 0.5748 0.6105
vn -0.5307 0.7978 0.2863
vn -0.6154 0.5084 0.6023
vn 0.9027 0.3116 0.2966
vn -0.3790 0.6234 0.6839
vn 0.1664 0.7989 0.5780
vn 0.4328 0.6118 0.6621
vn 0.4877 0.5583 0.6711
vn 0.7611 0.3206 0.5639
vn 0.6780 0.7302 0.0841
vn -0.3913 0.8178 0.4220
vn -0.7434 0.6573 -0.1236
vn -0.8096 0.3499 -0.4713
vn -0.7692 0.5556 -0.3156
vn -0.9023 0.3288 0.2789
vn 0.7317 0.5301 0.4285
vn 0.8528 0.2959 -0.4302
vn 0.6163 0.6608 0.4285
vn 0.5826 0.7733 0.2500
vn 0.5834 0.6779 0.4472
vn 0.3751 0.7223 0.5810
vn -0.2932 0.9500 0.1075
vn -0.6768 0.5458 0.4941
vn -0.6404 0.5874 0.4949
vn -0.8868 0.3538 -0.2974
vn -0.6186 0.3735 -0.6913
vn 0.1106 0.9434 0.3126
vn 0.8912 0.3497 -0.2888
vn 0.3803 0.6061 -0.6986
vn -0.1982 0.7493 0.6319
vn 0.7194 0.6928 0.0509
vn 0.5139 0.6927 0.5061
vn -0.0252 0.8411 0.5404
vn 0.0031 0.9437 0.3308
vn -0.2227 0.9269 0.3022
vn -0.6009 0.7538 -0.2659
vn -0.9160 0.3899 0.0948
vn -0.8700 0.4244 -0.2509
vn -0.7461 0.6638 -0.0520
vn 0.2945 0.6919 -0.6592
vn 0.8379 0.5260 0.1454
vn 0.7132 0.4894 0.5018
vn -0.8240 0.4047 -0.3966
vn -0.3924 0.5092 -0.7660
vn 0.8718 0.2842 -0.3990
vn 0.5572 0.7957 -0.2375
vn 0.8562 0.5027 0.1192
vn 0.1612 0.8290 0.5355
vn -0.0149 0.8337 0.5520
vn -0.7564 0.3808 -0.5318
vn -0.4809 0.7477 -0.4580
vn -0.8969 0.4377 0.0629
vn 0.6858 0.7261 -0.0503
vn -0.2647 0.9583 0.1082
vn -0.7164 0.4700 0.5156
vn -0.3002 0.8220 0.4840
vn 0.6211 0.7427 0.2504
vn -0.6568 0.7465 -0.1062
vn -0.6270 0.5903 -0.5084
vn -0.8483 0.4508 0.2778
vn 0.8645 0.4230 -0.2715
vn -0.4308 0.8346 -0.3433
vn 0.6697 0.7225 0.1717
vn -0.6876 0.4504 -0.5695
vn -0.4865 0.2919 -0.8235
vn -0.6556 0.7331 -0.1810
vn 0.5149 0.7603 0.3959
vn -0.7565 0.5027 -0.4183
vn 0.9147 0.2654 0.3047
vn 0.8080 0.5733 0.1359
vn 0.8082 0.5887 -0.0168
vn -0.6635 0.5044 -0.5526
vn 0.4597 0.6557 -0.5989
vn -0.5617 0.7285 -0.3921
vn -0.8584 0.3605 -0.3650
vn -0.4966 0.8582 -0.1299
vn 0.0242 0.6524 0.7575
vn -0.9163 0.3476 -0.1990
vn -0.8529 0.5175 0.0685
vn 0.7289 0.3678 -0.5775
vn -0.3920 0.9182 -0.0565
vn -0.7950 0.5456 -0.2653
vn 0.5632 0.8071 -0.1773
vn 0.6550 0.7555 0.0166
vn -0.7361 0.6155 0.2816
vn -0.8553 0.3596 -0.3732
vn -0.0273 0.8352 -0.5492
vn 0.7187 0.6854 -0.1172
vn 0.6635 0.6235 -0.4135
vn -0.6426 0.4719 -0.6037
vn -0.1942 0.9726 0.1278
vn -0.7881 0.2908 -0.5426
vn 0.1193 0.6527 -0.7482
vn -0.3353 0.5036 -0.7962
vn 0.6815 0.4911 0.5426
vn 0.5344 0.3360 -0.7755
vn 0.7648 0.5191 -0.3816
vn 0.3496 0.9067 -0.2360
vn 0.6761 0.6229 -0.3936
vn -0.5740 0.7213 -0.3875
vn -0.7440 0.5311 -0.4054
vn -0.6136 0.3742 -0.6953
vn 0.3360 0.5365 -0.7741
vn 0.3088 0.9095 -0.2784
vn -0.2929 0.8801 -0.3737
vn -0.4346 0.6334 -0.6402
vn 0.5277 0.6072 -0.5940
vn -0.4591 0.5687 -0.6825
vn -0.7062 0.4499 -0.5466
vn -0.7367 0.5549 -0.3865
vn -0.7596 0.5988 -0.2538
vn 0.5707 0.3512 -0.7423
vn -0.3083 0.6698 -0.6756
vn 0.2027 0.9478 -0.2462
vn 0.5434 0.8089 -0.2245
vn 0.5075 0.7415 -0.4388
vn 0.6141 0.6081 -0.5031
vn 0.1672 0.8442 -0.5094
vn -0.4944 0.8384 -0.2293
vn -0.7905 0.2599 -0.5545
vn -0.3439 0.9332 0.1046
vn -0.2730 0.6185 -0.7369
vn -0.1605 0.9129 -0.3753
vn -0.6834 0.6961 -0.2199
vn 0.7280 0.5948 -0.3408
vn 0.6797 0.6227 -0.3876
vn 0.3829 0.5566 -0.7373
vn 0.0484 0.9882 -0.1452
vn 0.3254 0.9246 -0.1980
vn 0.6137 0.7850 -0.0847
vn -0.4437 0.8728 0.2033
vn 0.1705 0.7679 0.6174
vn -0.3775 0.5947 0.7098
vn 0.3575 0.5849 0.7281
vn 0.4693 0.7072 -0.5288
vn -0.6740 0.4870 0.5555
vn -0.4489 0.3286 0.8310
vn 0.4587 0.7167 0.5252
vn 0.0718 0.7706 0.6333
vn -0.4675 0.8665 -0.1753
vn 0.4921 0.5718 0.6564
vn 0.5503 0.7890 0.2733
vn 0.3397 0.7280 -0.5955
vn -0.0000 0.9972 0.0742
vn 0.0690 0.9136 0.4007
vn -0.0608 0.9286 0.3660
vn 0.0643 0.9783 0.1968
vn 0.0614 0.9846 0.1637
vn -0.7128 0.4654 0.5248
vn -0.3090 0.9449 0.1078
vn -0.7344 0.5359 0.4165
vn 0.5302 0.4424 0.7233
vn 0.7046 0.4489 0.5496
vn 0.6812 0.5957 -0.4256
vn 0.0595 0.9971 0.0475
vn -0.0153 0.9682 0.2499
vn 0.1874 0.9752 0.1179
vn 0.1336 0.9869 0.0903
vn -0.5511 0.7760 0.3068
vn -0.1902 0.9486 0.2529
vn -0.6932 0.7203 0.0266
vn 0.7792 0.6098 0.1453
vn 0.8181 0.5744 -0.0266
vn 0.6273 0.7070 0.3266
vn 0.0368 0.9841 -0.1737
vn 0.3412 0.8729 0.3488
vn 0.1773 0.9691 0.1714
vn 0.5435 0.8304 0.1226
vn 0.7613 0.6403 -0.1021
vn -0.6939 0.5859 -0.4186
vn 0.3874 0.8847 -0.2591
vn -0.3847 0.9142 -0.1273
vn -0.5162 0.6981 -0.4961
vn 0.0622 0.9761 0.2083
vn 0.3854 0.9195 -0.0771
vn 0.0867 0.7422 0.6645
vn 0.1633 0.7818 0.6018
vn 0.0623 0.8973 0.4369
vn 0.0800 0.9950 0.0601
vn 0.2148 0.9747 -0.0614
vn 0.1183 0.9851 -0.1251
vn 0.2613 0.9436 -0.2036
vn -0.1699 0.9745 0.1467
vn -0.4712 0.8359 0.2815
vn -0.2804 0.9436 0.1762
vn -0.5461 0.8102 -0.2128
vn -0.8345 0.4716 0.2849
vn -0.5725 0.7841 0.2397
vn 0.0426 0.9953 -0.0874
vn 0.7677 0.6373 0.0675
vn 0.8321 0.5204 -0.1919
vn 0.7324 0.6751 0.0884
vn 0.4615 0.8402 -0.2845
vn 0.2038 0.9669 0.1536
vn -0.8433 0.5097 -0.1705
vn -0.2234 0.7088 -0.6691
vn 0.5217 0.6084 0.5981
vn -0.2700 0.9424 -0.1972
vn -0.4314 0.3358 0.8373
vn -0.7879 0.5976 -0.1486
vn -0.5552 0.8315 0.0155
vn -0.3095 0.9220 -0.2327
vn -0.3756 0.8017 0.4651
vn 0.3707 0.7823 0.5006
vn -0.3117 0.6160 0.7234
vn -0.2502 0.9470 -0.2013
vn 0.1418 0.4053 0.9031
vn -0.3697 0.9167 0.1515
vn 0.9011 0.3811 0.2070
vn -0.8904 0.2920 0.3493
vn 0.0129 0.8023 0.5968
vn 0.2251 0.9140 0.3374
vn -0.0707 0.7646 0.6406
vn -0.2531 0.8849 0.3909
vn -0.0637 0.6721 0.7377
vn 0.1703 0.8309 0.5298
vn -0.0423 0.8177 0.5741
vn -0.7036 0.6013 0.3786
vn -0.4959 0.7741 0.3936
vn 0.7542 0.5423 0.3703
vn 0.6645 0.6124 0.4283
vn 0.2147 0.6217 0.7532
vn -0.4194 0.7770 0.4693
vn -0.1664 0.7894 0.5909
vn 0.0913 0.9877 0.1271
vn 0.2815 0.7684 0.5748
vn -0.7430 0.6025 0.2916
vn -0.0974 0.9952 -0.0073
vn -0.4532 0.8822 -0.1278
vn -0.0905 0.9032 -0.4195
vn 0.4681 0.8728 -0.1383
vn 0.0131 0.9686 -0.2482
vn 0.4875 0.3207 0.8121
vn 0.0778 0.2363 0.9686
vn 0.2098 0.2134 0.9542
vn -0.2119 0.5410 0.8139
vn 0.6072 0.3751 0.7004
vn 0.4311 0.8126 0.3922
vn -0.0513 0.8038 0.5927
vn 0.2909 0.7864 0.5450
vn -0.4495 0.6343 0.6290
vn -0.0886 0.9774 0.1922
vn -0.7529 0.4988 0.4294
vn 0.2067 0.5374 0.8176
vn 0.3057 0.5849 0.7513
vn -0.0337 0.8141 0.5798
vn -0.4891 0.5117 0.7064
vn -0.6455 0.5728 -0.5052
vn -0.5415 0.7444 -0.3907
vn -0.2534 0.8827 -0.3958
vn -0.7136 0.6348 -0.2964
vn 0.3133 0.3424 0.8858
vn -0.0427 0.6220 0.7818
vn 0.0622 0.5773 0.8142
vn 0.3196 0.6037 0.7303
vn -0.0650 0.6860 0.7247
vn 0.2606 0.6144 0.7448
vn 0.0266 0.5604 0.8278
vn 0.1875 0.4619 0.8669
vn -0.6567 0.5273 0.5392
vn 0.6202 0.5028 0.6021
vn 0.2597 0.4620 0.8480
vn -0.4400 0.6699 0.5980
vn 0.3567 0.5081 0.7839
vn 0.4563 0.3182 0.8310
vn -0.2141 0.5523 0.8057
vn -0.2847 0.8795 0.3813
vn 0.5970 0.4693 -0.6506
vn -0.7603 0.5734 0.3052
vn -0.6050 0.4731 -0.6404
vn -0.1922 0.9410 -0.2785
vn 0.0543 0.4822 -0.8744
vn 0.2180 0.5016 0.8372
vn -0.2888 0.5474 0.7854
vn 0.0462 0.6998 0.7128
vn 0.1790 0.6395 0.7476
vn -0.5710 0.5312 0.6260
vn -0.5794 0.8006 0.1528
vn -0.8133 0.5749 -0.0898
vn 0.4973 0.4234 0.7572
vn -0.1174 0.8617 0.4936
vn 0.4431 0.5993 0.6667
vn 0.3374 0.9196 0.2013
vn -0.2226 0.4565 0.8614
vn 0.7007 0.6234 0.3468
vn 0.4560 0.8246 -0.3348
vn 0.4995 0.5659 0.6559
vn -0.0476 0.9006 -0.4321
vn 0.1120 0.9051 0.4102
vn -0.6945 0.5882 0.4143
vn 0.5303 0.5720 0.6258
vn 0.1299 0.8688 0.4777
vn -0.1397 0.8054 0.5760
vn 0.0095 0.9431 0.3323
vn -0.0027 0.9737 0.2279
vn 0.4809 0.6818 0.5513
vn -0.1436 0.8036 0.5776
vn -0.0252 0.7600 0.6495
vn 0.3161 0.8113 0.4919
vn -0.0179 0.8220 0.5692
vn -0.2341 0.9721 -0.0147
vn -0.6923 0.6415 -0.3304
vn 0.2796 0.5933 0.7549
vn 0.1825 0.9769 0.1109
vn 0.5778 0.6172 -0.5340
vn 0.0725 0.7983 -0.5979
vn 0.3869 0.8416 0.3768
vn -0.5120 0.8233 -0.2450
vn -0.5429 0.8182 0.1893
vn 0.4414 0.8949 0.0660
vn 0.6888 0.6394 0.3417
vn 0.3929 0.7359 0.5514
vn 0.8004 0.5367 0.2670
vn 0.0330 0.8373 0.5458
vn 0.4758 0.8436 -0.2489
vn -0.6247 0.6295 0.4619
vn -0.0449 0.8431 0.5359
vn -0.1692 0.9395 -0.2980
vn -0.1705 0.9059 0.3877
vn -0.1514 0.9882 0.0220
vn -0.6356 0.7706 0.0462
vn 0.4305 0.8100 0.3982
vn 0.6954 0.5305 0.4848
vn 0.6239 0.6142 0.4832
vn 0.3010 0.5946 -0.7455
vn 0.0743 0.6426 -0.7626
vn -0.2703 0.4435 -0.8546
vn -0.4378 0.5171 -0.7355
vn -0.1383 0.6811 -0.7190
vn 0.6654 0.3680 -0.6495
vn -0.0365 0.6680 -0.7433
vn -0.3886 0.5863 -0.7108
vn -0.2808 0.7209 -0.6336
vn -0.6236 0.4535 -0.6367
vn 0.3886 0.8099 -0.4393
vn 0.8900 0.3817 -0.2494
vn 0.2804 0.9434 -0.1769
vn -0.0826 0.9726 -0.2174
vn -0.0265 0.9867 0.1606
vn 0.0384 0.5107 0.8589
vn 0.5128 0.8467 0.1416
vn 0.3945 0.9025 0.1726
vn -0.0794 0.6198 0.7807
vn -0.0093 0.8362 -0.5484
vn -0.0859 0.9895 0.1159
vn -0.4268 0.5655 -0.7057
vn -0.0035 0.9853 -0.1709
vn 0.4622 0.6184 -0.6355
vn -0.0463 0.8840 -0.4653
vn -0.0386 0.5187 -0.8541
vn 0.1719 0.2897 -0.9415
vn 0.3989 0.3540 -0.8459
vn 0.5051 0.5744 -0.6441
vn 0.5059 0.5736 -0.6442
vn 0.4370 0.8349 0.3346
vn 0.5056 0.8013 0.3197
vn -0.1414 0.8227 -0.5506
vn 0.4260 0.4772 -0.7686
vn 0.1681 0.4546 -0.8747
vn 0.2754 0.5161 -0.8111
vn 0.2454 0.3709 -0.8957
vn -0.0677 0.3406 -0.9378
vn -0.3170 0.2594 -0.9123
vn 0.3332 0.5626 -0.7566
vn -0.3887 0.2728 -0.8801
vn -0.0627 0.2020 -0.9774
vn -0.2643 0.3931 -0.8807
vn 0.4829 0.6435 -0.5938
vn 0.6725 0.6015 -0.4312
vn -0.1215 0.5075 -0.8530
vn 0.1141 0.5188 -0.8472
vn 0.3652 0.5115 -0.7778
vn -0.0925 0.5302 -0.8428
vn 0.2801 0.4542 -0.8458
vn 0.3915 0.3431 -0.8538
vn -0.2817 0.3485 -0.8940
vn -0.0329 0.4434 -0.8957
vn -0.1456 0.3840 -0.9118
vn 0.2611 0.3277 -0.9080
vn -0.2783 0.2891 -0.9159
vn -0.1800 0.3473 -0.9203
vn -0.5260 0.8461 -0.0866
vn 0.4696 0.6092 -0.6391
vn -0.2898 0.3734 -0.8813
vn -0.1234 0.3892 -0.9128
vn 0.1297 0.3891 -0.9120
vn 0.2323 0.4462 -0.8643
vn 0.0780 0.6601 -0.7472
vn 0.2108 0.6584 -0.7225
vn 0.5570 0.5315 -0.6382
vn 0.4765 0.5606 -0.6772
vn -0.3439 0.4512 -0.8235
vn -0.0476 0.3405 -0.9390
vn -0.7196 0.4889 -0.4931
vn 0.6906 0.5417 -0.4792
vn 0.0767 0.4052 -0.9110
vn 0.3829 0.7455 -0.5455
vn 0.0673 0.5767 -0.8142
vn -0.1356 0.4878 -0.8624
vn -0.8652 0.4901 -0.1060
vn 0.8390 0.4832 -0.2501
vn 0.8659 0.4755 0.1551
vn 0.8277 0.5611 0.0125
vn -0.8734 0.4760 -0.1026
vn 0.8358 0.5206 -0.1743
vn 0.6911 0.4296 -0.5812
vn 0.6094 0.6581 0.4422
vn 0.5229 0.7571 0.3916
vn 0.5598 0.6868 0.4636
vn -0.7218 0.6852 -0.0978
vn 0.6733 0.5937 0.4406
vn -0.1111 0.9079 0.4042
vn 0.4675 0.4756 0.7451
vn 0.0747 0.7097 0.7006
vn -0.2571 0.7269 0.6368
vn -0.4937 0.4527 0.7425
vn 0.0573 0.9402 0.3358
vn -0.0606 0.9186 0.3906
vn -0.1282 0.6429 0.7552
vn 0.5637 0.6503 0.5093
vn 0.5816 0.6016 0.5476
vn 0.1553 0.6419 0.7509
vn 0.4709 0.4402 0.7645
vn 0.0244 0.9791 0.2018
vn -0.2659 0.6961 0.6669
vn -0.1888 0.7671 0.6131
vn -0.5007 0.4775 0.7220
vn -0.7179 0.3905 0.5763
vn -0.3345 0.5052 0.7956
vn -0.2382 0.5229 0.8184
vn 0.2394 0.5640 0.7903
vn 0.1491 0.6250 0.7663
vn 0.4641 0.5894 0.6612
vn 0.2330 0.5480 0.8034
vn 0.3932 0.7541 0.5261
vn 0.0435 0.8110 0.5834
vn -0.3709 0.7165 0.5908
vn -0.4137 0.8397 0.3517
vn -0.4761 0.7906 0.3851
vn 0.6745 0.6881 0.2678
vn -0.5729 0.4031 0.7137
vn 0.3040 0.4419 0.8440
vn -0.4232 0.5832 0.6934
vn 0.3105 0.4112 0.8570
vn -0.3539 0.6206 0.6997
vn -0.2731 0.9454 -0.1780
vn -0.2063 0.9783 0.0212
vn -0.2026 0.8356 0.5105
vn -0.2541 0.5202 0.8154
vn 0.0427 0.5097 0.8593
vn 0.1312 0.4973 0.8576
vn 0.4410 0.5769 0.6876
vn 0.4613 0.6957 0.5506
vn 0.3831 0.6698 0.6361
vn -0.3698 0.5868 0.7204
vn 0.6053 0.7047 0.3702
vn -0.4298 0.7042 0.5651
vn 0.3853 0.8574 0.3413
vn -0.1883 0.6057 0.7731
vn 0.1867 0.7466 0.6385
vn -0.1694 0.5496 0.8181
vn -0.4319 0.5424 0.7206
vn -0.5753 0.4417 0.6885
vn -0.4951 0.4926 0.7157
vn 0.0053 0.7527 0.6584
vn -0.3129 0.5728 0.7576
vn -0.1025 0.6624 0.7421
vn 0.2792 0.7885 0.5479
vn 0.4292 0.6484 0.6288
vn 0.6542 0.3783 0.6549
vn 0.0832 0.8639 0.4968
vn -0.1220 0.8038 0.5822
vn -0.0995 0.7705 0.6296
vn 0.2092 0.7999 0.5624
vn -0.2238 0.8755 0.4283
vn -0.4437 0.7397 0.5060
vn 0.6706 0.6759 0.3057
vn 0.8008 0.5791 0.1528
vn 0.6262 0.7797 -0.0051
vn 0.3006 0.6068 0.7358
vn 0.5378 0.4662 0.7024
vn -0.0121 0.5335 0.8457
vn -0.1884 0.9821 0.0015
vn -0.7135 0.5113 0.4790
vn -0.2143 0.9620 0.1692
vn 0.6379 0.4867 0.5968
vn -0.4689 0.7332 0.4925
vn 0.6476 0.5170 0.5597
vn 0.4976 0.8135 0.3011
vn 0.4386 0.8124 0.3843
vn 0.0177 0.8393 0.5433
vn 0.0822 0.8405 0.5355
vn -0.2464 0.8448 0.4750
vn -0.1376 0.9128 0.3846
vn 0.0993 0.8524 0.5134
vn -0.1394 0.7740 0.6176
vn -0.0389 0.7635 0.6447
vn 0.1222 0.8342 0.5377
vn 0.0744 0.6077 0.7907
vn -0.4176 0.5247 0.7418
vn -0.6330 0.5302 0.5641
vn -0.4645 0.5004 0.7307
vn -0.4831 0.7457 0.4589
vn -0.4897 0.6899 0.5332
vn 0.4261 0.7453 0.5127
vn 0.5112 0.6820 -0.5229
vn -0.0751 0.8878 0.4540
vn 0.5825 0.6503 0.4876
vn -0.0248 0.8856 0.4638
vn -0.0602 0.9493 0.3087
vn -0.2613 0.9582 0.1165
vn 0.7601 0.6456 -0.0740
vn 0.6336 0.7678 0.0950
vn 0.7358 0.6268 0.2562
vn -0.3746 0.8637 -0.3373
vn 0.3133 0.6115 0.7266
vn -0.4653 0.8045 0.3693
vn 0.3306 0.9429 0.0417
vn -0.1235 0.9923 0.0033
vn -0.3814 0.9129 0.1454
vn 0.6054 0.7846 -0.1336
vn 0.6745 0.7271 -0.1278
vn 0.6017 0.7971 -0.0506
vn -0.0392 0.9953 -0.0880
vn 0.6881 0.6060 0.3992
vn 0.6293 0.6326 -0.4514
vn -0.3848 0.9078 0.1670
vn -0.4042 0.8958 0.1849
vn -0.1662 0.6238 0.7637
vn -0.4359 0.4368 0.7869
vn -0.0851 0.9066 0.4132
vn -0.2698 0.9629 -0.0057
vn 0.3334 0.9327 -0.1373
vn -0.1458 0.9692 -0.1983
vn -0.5071 0.8225 0.2575
vn -0.0205 0.9992 0.0353
vn 0.0080 0.9991 0.0420
vn 0.7362 0.6704 0.0927
vn 0.2803 0.8461 0.4533
vn -0.3985 0.9039 0.1552
vn -0.5998 0.7976 0.0645
vn 0.1150 0.9684 -0.2213
vn 0.4049 0.8748 -0.2661
vn 0.2031 0.9277 -0.3132
vn -0.0764 0.9586 -0.2743
vn 0.0591 0.9973 0.0435
vn -0.7442 0.5912 -0.3108
vn 0.3179 0.8895 0.3281
vn 0.2465 0.7931 -0.5570
vn 0.6346 0.5276 -0.5646
vn 0.7798 0.5280 -0.3363
vn -0.9002 0.3397 -0.2726
vn 0.2311 0.7118 -0.6633
vn 0.7934 0.6014 0.0941
vn 0.5973 0.7301 0.3319
vn 0.7441 0.3692 -0.5568
vn -0.8297 0.4725 -0.2972
vn 0.1909 0.9585 0.2117
vn -0.1014 0.7009 0.7060
vn -0.1188 0.8518 -0.5102
vn -0.4684 0.7520 -0.4637
vn 0.6234 0.7074 -0.3330
vn -0.1119 0.9847 -0.1332
vn -0.2255 0.7282 -0.6472
vn 0.2175 0.7065 -0.6735
vn -0.2490 0.9552 -0.1598
vn -0.7213 0.6870 -0.0881
vn 0.4608 0.8759 0.1432
vn -0.5070 0.8044 -0.3096
vn 0.7307 0.5295 -0.4309
vn 0.6435 0.6428 0.4155
vn 0.5551 0.5357 -0.6363
vn -0.8004 0.5056 -0.3220
vn -0.3104 0.9475 -0.0765
vn -0.2915 0.6127 -0.7346
vn 0.1495 0.9822 -0.1141
vn -0.1133 0.5108 -0.8522
vn 0.0974 0.4404 -0.8925
vn -0.7136 0.5696 -0.4078
vn -0.4993 0.8240 0.2678
vn -0.4521 0.8618 -0.2301
vn 0.4354 0.8998 -0.0275
vn 0.6034 0.7154 -0.3523
vn 0.4560 0.8889 0.0429
vn -0.1837 0.8471 -0.4986
vn -0.3668 0.5536 -0.7477
vn 0.1473 0.9889 0.0168
vn 0.2084 0.6402 -0.7394
vn 0.4808 0.5456 -0.6864
vn 0.0010 0.5670 -0.8237
vn 0.1897 0.5980 -0.7787
vn -0.7361 0.6540 -0.1744
vn 0.0130 0.9556 0.2943
vn -0.6249 0.7128 -0.3184
vn -0.2416 0.8719 0.4258
vn 0.5742 0.6541 -0.4925
vn 0.6216 0.5325 -0.5744
vn 0.7167 0.6959 -0.0451
vn -0.6482 0.4340 -0.6257
vn -0.0706 0.3849 -0.9202
vn 0.4521 0.5275 -0.7193
vn -0.5872 0.6734 -0.4491
vn -0.0255 0.9742 -0.2243
vn -0.6522 0.6963 -0.2998
vn -0.5988 0.6541 0.4622
vn 0.4189 0.9070 -0.0441
vn 0.6677 0.7435 -0.0367
vn 0.5530 0.6240 -0.5522
vn 0.5915 0.6052 -0.5328
vn -0.7255 0.4883 -0.4849
vn 0.0212 0.9997 0.0153
vn 0.1515 0.9838 -0.0962
vn 0.1591 0.7832 -0.6010
vn -0.2057 0.7323 -0.6492
vn 0.2286 0.4628 -0.8565
vn 0.1343 0.5890 -0.7969
vn -0.4285 0.6899 -0.5835
vn -0.2007 0.4686 -0.8603
vn 0.4834 0.4642 -0.7422
vn 0.2752 0.7158 -0.6418
vn -0.1937 0.7415 -0.6423
vn -0.3526 0.4975 -0.7926
vn 0.1565 0.6319 -0.7591
vn 0.0645 0.8007 -0.5956
vn -0.7775 0.4372 -0.4521
vn -0.7243 0.6703 0.1616
vn -0.4218 0.9065 -0.0170
vn -0.6259 0.6619 -0.4124
vn 0.6411 0.6593 -0.3927
vn 0.6081 0.5924 -0.5285
vn 0.6819 0.5674 -0.4615
vn 0.3472 0.6276 -0.6969
vn 0.5643 0.4456 -0.6950
vn 0.0313 0.5280 -0.8487
vn 0.0934 0.4218 -0.9019
vn 0.0132 0.3392 -0.9406
vn 0.0024 0.3380 -0.9411
vn 0.0598 0.3802 -0.9230
vn 0.1247 0.5887 -0.7987
vn -0.6010 0.7092 -0.3685
vn -0.0371 0.4947 -0.8682
vn 0.1975 0.3613 -0.9113
vn 0.0232 0.5837 -0.8116
vn 0.3018 0.6266 -0.7185
vn 0.1390 0.7500 -0.6467
vn 0.1429 0.5986 -0.7882
vn 0.2176 0.6990 -0.6812
vn -0.7274 0.5439 -0.4183
vn -0.6724 0.6912 0.2649
vn -0.6323 0.7706 0.0801
vn 0.0071 0.9775 0.2108
vn 0.4412 0.7860 -0.4332
vn 0.5701 0.6789 -0.4627
vn 0.7958 0.5785 -0.1793
vn 0.8176 0.3159 -0.4815
vn 0.5509 0.7064 -0.4444
vn 0.3460 0.6964 -0.6288
vn 0.4077 0.8590 -0.3095
vn 0.3757 0.7566 -0.5351
vn 0.3785 0.7572 -0.5324
vn 0.0341 0.5399 -0.8411
vn -0.0995 0.6900 -0.7169
vn -0.1839 0.6604 -0.7280
vn -0.5514 0.4102 -0.7264
vn 0.1703 0.6621 -0.7298
vn -0.2566 0.4579 -0.8512
vn -0.2429 0.3644 -0.8990
vn -0.3404 0.4160 -0.8432
vn -0.1258 0.4899 -0.8627
vn 0.0863 0.5320 -0.8423
vn 0.4263 0.5491 -0.7188
vn 0.1869 0.6757 -0.7131
vn -0.6138 0.6912 -0.3814
vn -0.7628 0.6329 -0.1326
vn -0.8278 0.4375 -0.3511
vn -0.5115 0.8143 -0.2745
vn 0.4296 0.8940 -0.1272
vn 0.4009 0.8140 -0.4203
vn 0.6057 0.7864 -0.1213
vn 0.4764 0.5820 -0.6590
vn -0.5920 0.5303 -0.6069
vn 0.2384 0.8859 0.3979
vn -0.5492 0.5954 -0.5864
vn -0.3099 0.7228 -0.6176
vn -0.2500 0.3563 -0.9003
vn -0.5111 0.2878 -0.8099
vn -0.2174 0.3944 -0.8928
vn 0.3036 0.4676 -0.8301
vn 0.2395 0.5681 -0.7873
vn -0.0787 0.9566 -0.2806
vn -0.7151 0.6813 0.1562
vn -0.6788 0.7327 -0.0477
vn 0.1835 0.9805 0.0705
vn 0.6580 0.7345 -0.1662
vn 0.7273 0.4255 -0.5386
vn 0.1269 0.8522 -0.5075
vn 0.6192 0.5942 -0.5133
vn -0.7886 0.5493 -0.2765
vn -0.5434 0.8314 0.1161
vn -0.5474 0.6345 -0.5457
vn 0.1145 0.6362 -0.7630
vn 0.3975 0.5773 -0.7133
vn 0.4559 0.6896 -0.5628
vn 0.3213 0.8523 -0.4127
vn -0.1380 0.7380 -0.6605
vn 0.5395 0.5017 -0.6762
vn 0.0688 0.9435 -0.3241
vn 0.0793 0.9453 -0.3165
vn -0.1816 0.5180 -0.8359
vn -0.3077 0.4344 -0.8465
vn -0.1226 0.7031 -0.7005
vn 0.1180 0.5598 -0.8202
vn 0.3459 0.4696 -0.8123
vn -0.0925 0.5281 -0.8441
vn 0.2381 0.5636 -0.7910
vn 0.1208 0.6869 -0.7166
vn -0.4652 0.8537 -0.2340
vn -0.5397 0.4018 -0.7398
vn 0.3533 0.9268 -0.1275
vn 0.0252 0.9772 0.2106
vn 0.3201 0.8455 -0.4273
vn 0.6830 0.6281 -0.3728
vn 0.2070 0.6790 -0.7043
vn 0.3224 0.4063 -0.8550
vn 0.6636 0.7209 -0.1999
vn -0.0991 0.7789 -0.6193
vn 0.3793 0.7984 -0.4676
vn -0.1404 0.5415 -0.8289
vn -0.3967 0.5456 -0.7382
vn 0.0936 0.6578 -0.7474
vn 0.0949 0.7814 -0.6168
vn 0.1489 0.6739 -0.7237
vn 0.1457 0.5736 -0.8060
vn -0.4335 0.6089 -0.6643
vn -0.5275 0.4533 -0.7186
vn -0.7910 0.6005 -0.1170
vn -0.5724 0.7784 0.2578
vn 0.4397 0.8951 -0.0735
vn -0.2253 0.9593 -0.1702
vn 0.8943 0.4452 0.0453
vn 0.7441 0.3629 -0.5609
vn 0.8821 0.3622 -0.3013
vn 0.5230 0.6587 -0.5409
vn 0.1134 0.9854 0.1267
vn 0.1909 0.8843 -0.4261
vn 0.2881 0.8832 -0.3702
vn -0.1204 0.8832 -0.4533
vn 0.8139 0.5382 -0.2188
vn 0.5721 0.8117 0.1177
vn 0.3333 0.9428 -0.0015
vn -0.3804 0.7868 -0.4860
vn 0.1311 0.5138 -0.8479
vn -0.2863 0.4069 -0.8675
vn 0.2028 0.5563 -0.8059
vn 0.2610 0.9604 -0.0971
vn -0.8363 0.5079 -0.2064
vn 0.2768 0.8709 -0.4060
vn 0.6669 0.7378 0.1047
vn 0.1388 0.8856 -0.4433
vn 0.6791 0.4624 -0.5701
vn 0.7803 0.4068 -0.4751
vn 0.6862 0.6707 -0.2816
vn -0.7825 0.4999 -0.3712
vn -0.7072 0.6487 -0.2812
vn -0.5376 0.6070 -0.5852
vn 0.3282 0.7227 -0.6083
vn 0.0834 0.7899 -0.6075
vn -0.1909 0.8324 -0.5202
vn -0.8789 0.4532 -0.1487
vn -0.7827 0.6125 0.1105
vn -0.7892 0.6075 -0.0899
vn -0.7704 0.5736 0.2782
vn -0.5110 0.7794 -0.3626
vn -0.5800 0.7289 -0.3638
vn -0.1776 0.9403 0.2902
vn 0.2887 0.6387 0.7132
vn 0.6734 0.6833 0.2822
vn 0.2838 0.9298 -0.2345
vn 0.8354 0.4525 0.3120
vn 0.5664 0.8145 -0.1257
vn 0.8220 0.4012 -0.4041
vn 0.6672 0.6760 0.3128
vn 0.3336 0.7878 -0.5179
vn -0.7316 0.6789 0.0620
vn -0.5231 0.7779 -0.3481
vn 0.1841 0.9823 -0.0348
vn 0.0679 0.8343 -0.5471
vn -0.7711 0.4496 -0.4509
vn -0.8875 0.4522 -0.0884
vn -0.8341 0.5516 -0.0062
vn -0.8268 0.4274 -0.3657
vn -0.2019 0.7533 0.6259
vn 0.3006 0.6712 -0.6776
vn 0.5874 0.8046 -0.0878
vn 0.7501 0.4263 -0.5057
vn 0.8398 0.5177 -0.1632
vn 0.7043 0.6049 -0.3717
vn 0.1136 0.9924 -0.0480
vn 0.5907 0.6743 -0.4432
vn 0.6032 0.7843 -0.1451
vn 0.4800 0.8550 -0.1964
vn -0.6671 0.7240 0.1754
vn 0.5132 0.7357 -0.4420
vn -0.0145 0.9866 0.1625
vn -0.1290 0.7736 -0.6204
vn -0.3537 0.8992 -0.2575
vn -0.7427 0.6630 -0.0943
vn -0.8117 0.5735 -0.1106
vn -0.7946 0.6056 -0.0434
vn 0.1529 0.8669 -0.4744
vn -0.4901 0.7153 0.4981
vn 0.3663 0.8344 0.4119
vn 0.3429 0.8572 0.3841
vn 0.7210 0.4393 0.5359
vn 0.6177 0.7661 -0.1778
vn 0.9322 0.3482 0.0984
vn 0.1895 0.9816 -0.0239
vn 0.6150 0.7845 -0.0791
vn 0.5235 0.6663 -0.5310
vn 0.4604 0.8850 0.0697
vn -0.2567 0.9411 -0.2201
vn 0.4957 0.6033 -0.6247
vn 0.0579 0.9969 0.0533
vn -0.8065 0.5830 -0.0989
vn -0.7864 0.6169 0.0308
vn -0.8510 0.5024 -0.1529
vn -0.1654 0.8344 -0.5257
vn 0.7866 0.4479 0.4251
vn 0.6505 0.7493 -0.1240
vn 0.7516 0.6595 -0.0136
vn -0.5791 0.8150 0.0193
vn -0.1009 0.9291 0.3558
vn 0.1982 0.8278 0.5248
vn 0.3846 0.6221 -0.6819
vn -0.3972 0.8961 0.1982
vn -0.6663 0.6906 -0.2814
vn -0.2029 0.8708 0.4478
vn 0.0713 0.8815 -0.4667
vn 0.2830 0.6735 -0.6829
vn 0.2664 0.7885 -0.5544
vn 0.8024 0.5622 0.2000
vn 0.8190 0.4715 0.3270
vn 0.7800 0.5571 -0.2851
vn 0.4792 0.8769 -0.0386
vn -0.4944 0.8271 0.2673
vn -0.7796 0.6251 -0.0391
vn -0.7531 0.6570 0.0343
vn -0.8704 0.4920 0.0172
vn -0.8942 0.4340 -0.1101
vn -0.6504 0.7075 0.2765
vn -0.9057 0.4214 0.0462
vn 0.2856 0.5242 0.8023
vn -0.0306 0.9680 -0.2491
vn 0.8346 0.3088 -0.4562
vn 0.1737 0.9551 0.2401
vn 0.6767 0.6522 -0.3417
vn 0.8435 0.4476 0.2968
vn -0.7636 0.6447 0.0360
vn -0.1950 0.9801 0.0381
vn 0.5216 0.8516 -0.0520
vn 0.5199 0.8486 -0.0981
vn 0.3175 0.9417 -0.1116
vn -0.7562 0.5651 -0.3297
vn -0.7166 0.4740 -0.5118
vn 0.0872 0.9946 -0.0566
vn -0.5905 0.5660 0.5753
vn 0.3347 0.6984 -0.6326
vn 0.3683 0.5895 -0.7189
vn 0.6461 0.5736 0.5036
vn 0.7644 0.3750 0.5245
vn 0.8474 0.5124 -0.1390
vn 0.5426 0.7673 -0.3417
vn -0.6337 0.7735 0.0109
vn -0.8279 0.5397 0.1529
vn -0.8287 0.5376 0.1557
vn -0.8971 0.4339 0.0832
vn -0.4206 0.8992 -0.1204
vn -0.7070 0.5471 0.4482
vn 0.5276 0.5324 0.6619
vn 0.6134 0.4898 0.6196
vn 0.6089 0.7898 0.0738
vn -0.4321 0.8065 0.4034
vn 0.0001 0.9100 -0.4146
vn 0.5338 0.6432 -0.5490
vn -0.6667 0.7082 0.2321
vn -0.7222 0.5111 0.4661
vn -0.6713 0.6543 0.3481
vn -0.5327 0.7166 0.4503
vn -0.5319 0.4538 -0.7149
vn 0.8362 0.5480 -0.0201
vn 0.1327 0.9611 0.2422
vn 0.2068 0.9679 0.1425
vn 0.2155 0.9736 -0.0753
vn -0.5041 0.8628 -0.0382
vn -0.8229 0.5429 0.1675
vn -0.9076 0.3567 -0.2215
vn -0.8577 0.3805 -0.3457
vn -0.8236 0.5045 0.2594
vn -0.7408 0.5262 -0.4175
vn 0.2466 0.8452 0.4742
vn -0.7225 0.5745 0.3847
vn 0.8585 0.5054 0.0870
vn 0.5518 0.7822 0.2892
vn 0.8438 0.4789 0.2422
vn -0.8520 0.5116 0.1112
vn 0.7798 0.6252 -0.0329
vn 0.3977 0.8970 -0.1929
vn 0.6965 0.6051 -0.3856
vn 0.5682 0.8094 0.1485
vn 0.4999 0.7360 -0.4566
vn 0.3695 0.8102 -0.4551
vn -0.4511 0.4829 0.7506
vn -0.9025 0.4079 -0.1385
vn 0.2333 0.9250 0.3000
vn -0.5590 0.4562 0.6924
vn -0.1715 0.7155 -0.6772
vn 0.4074 0.5599 0.7215
vn 0.7687 0.3665 0.5242
vn 0.5268 0.8414 -0.1207
vn -0.3562 0.9333 0.0455
vn 0.1606 0.9805 0.1129
vn 0.7756 0.6037 -0.1844
vn 0.4803 0.5993 -0.6405
vn 0.4053 0.7198 -0.5636
vn -0.1850 0.9030 -0.3878
vn -0.3294 0.9030 -0.2757
vn -0.8753 0.4813 0.0475
vn -0.0118 0.9752 0.2212
vn -0.6306 0.6578 0.4119
vn -0.3997 0.8986 0.1811
vn -0.1698 0.9363 0.3076
vn 0.7595 0.5866 0.2813
vn -0.6827 0.5333 -0.4996
vn 0.7952 0.5585 -0.2363
vn 0.4249 0.5902 -0.6864
vn 0.1352 0.7801 -0.6109
vn 0.1170 0.9822 -0.1470
vn -0.8031 0.5118 0.3052
vn -0.7491 0.6471 0.1414
vn -0.9037 0.4174 0.0952
vn -0.4420 0.5545 0.7051
vn 0.1066 0.4871 0.8668
vn 0.7606 0.4377 0.4795
vn 0.8212 0.4011 0.4060
vn 0.5263 0.7490 -0.4026
vn 0.5877 0.5073 -0.6303
vn 0.3870 0.6564 -0.6476
vn 0.4581 0.5816 -0.6723
vn 0.0164 0.7241 -0.6895
vn 0.0293 0.9275 -0.3726
vn -0.1834 0.9806 -0.0686
vn 0.3711 0.7165 -0.5906
vn -0.3477 0.8626 -0.3675
vn 0.0403 0.9897 -0.1373
vn -0.6478 0.5003 0.5745
vn -0.4910 0.8079 0.3259
vn -0.3354 0.9419 -0.0209
vn -0.6005 0.6024 -0.5259
vn 0.6710 0.4901 0.5564
vn 0.3654 0.6938 -0.6206
vn -0.2291 0.8941 0.3848
vn 0.7592 0.5817 -0.2920
vn 0.2155 0.8653 0.4525
vn 0.8031 0.3445 0.4861
vn 0.2077 0.7144 -0.6682
vn 0.1384 0.6988 -0.7018
vn 0.1862 0.7917 -0.5818
vn -0.4088 0.6770 -0.6120
vn -0.7396 0.3273 0.5882
vn -0.7444 0.6382 0.1965
vn -0.7614 0.3218 0.5628
vn -0.8779 0.3580 -0.3180
vn -0.6354 0.6595 0.4016
vn 0.7251 0.4939 0.4799
vn 0.5825 0.5540 0.5948
vn -0.3010 0.8069 0.5082
vn 0.6894 0.3345 0.6425
vn 0.4191 0.6797 -0.6020
vn 0.4647 0.6301 -0.6221
vn 0.4176 0.6677 -0.6163
vn 0.2580 0.8363 -0.4838
vn -0.6700 0.7261 -0.1547
vn 0.4104 0.9055 0.1080
vn -0.4041 0.4161 0.8146
vn -0.5698 0.6705 0.4751
vn 0.2722 0.8016 0.5322
vn 0.4904 0.3817 0.7834
vn 0.6120 0.4988 -0.6137
vn 0.4343 0.6319 -0.6419
vn -0.8005 0.5966 0.0582
vn -0.3720 0.9062 -0.2012
vn -0.8088 0.2803 0.5170
vn -0.6099 0.4329 0.6638
vn -0.8709 0.2925 0.3950
vn -0.3375 0.3750 0.8634
vn 0.7029 0.5407 0.4622
vn 0.3280 0.9283 0.1753
vn 0.5345 0.2617 0.8037
vn 0.6673 0.3598 0.6521
vn 0.8971 0.3604 0.2557
vn -0.1061 0.7355 0.6691
vn 0.0307 0.4812 -0.8761
vn -0.5565 0.8285 -0.0623
vn -0.8191 0.5731 -0.0232
vn -0.7649 0.6428 -0.0409
vn -0.6526 0.7527 0.0867
vn -0.5638 0.3267 0.7585
vn -0.2354 0.5384 0.8092
vn -0.2634 0.9525 0.1529
vn 0.7043 0.6871 0.1785
vn -0.1520 0.9654 -0.2117
vn 0.2535 0.5964 0.7616
vn 0.2799 0.6063 0.7444
vn -0.5931 0.3799 0.7099
vn -0.9016 0.4311 -0.0351
vn -0.5169 0.5736 0.6355
vn 0.7008 0.5336 0.4735
vn 0.7500 0.2873 0.5958
vn 0.5507 0.6990 -0.4562
vn -0.0318 0.6722 0.7397
vn -0.3625 0.4644 0.8081
vn 0.0029 0.5221 0.8529
vn -0.1812 0.8709 0.4568
vn -0.6818 0.3753 0.6280
vn -0.8537 0.2944 0.4296
vn -0.8797 0.4499 0.1541
vn -0.4394 0.6131 0.6566
vn 0.4164 0.5690 0.7091
vn 0.4467 0.6818 0.5793
vn 0.6084 0.6125 0.5046
vn -0.0605 0.9825 -0.1764
vn -0.3240 0.7730 0.5454
vn 0.8922 0.4127 0.1834
vn 0.5441 0.6536 0.5260
vn -0.3874 0.5134 0.7657
vn -0.3141 0.5315 0.7867
vn 0.6136 0.6157 0.4944
vn -0.6237 0.4640 0.6290
vn -0.7801 0.3915 0.4880
vn -0.5343 0.5794 0.6155
vn -0.9225 0.2767 0.2690
vn -0.2586 0.5220 0.8128
vn 0.0545 0.9459 0.3199
vn 0.9104 0.2429 0.3350
vn 0.3005 0.4092 0.8616
vn -0.0070 0.5383 0.8428
vn -0.1229 0.4100 0.9038
vn 0.5880 0.6772 0.4423
vn -0.3399 0.9330 0.1179
vn -0.8080 0.4952 0.3192
vn -0.7822 0.5593 0.2744
vn -0.1938 0.8104 0.5530
vn -0.7141 0.3111 -0.6271
vn 0.7949 0.2906 0.5327
vn 0.7831 0.6078 0.1317
vn -0.7923 0.4014 0.4595
vn -0.9521 0.3048 0.0238
vn 0.2034 0.6649 -0.7187
vn -0.5709 0.4048 0.7143
vn 0.8674 0.2933 0.4021
vn 0.6732 0.6727 -0.3072
vn 0.6249 0.5894 0.5119
vn -0.2248 0.9322 0.2838
vn -0.3684 0.9294 -0.0209
vn -0.9057 0.3602 -0.2236
vn 0.0129 0.6623 -0.7492
vn -0.1546 0.6149 -0.7733
vn 0.4041 0.7515 -0.5215
vn 0.5419 0.8205 -0.1819
vn 0.2013 0.7179 0.6664
vn 0.4679 0.4675 0.7500
vn -0.1709 0.7348 0.6563
vn 0.6444 0.5896 0.4870
vn -0.9265 0.3274 0.1855
vn -0.8455 0.5325 -0.0401
vn -0.9022 0.4092 0.1364
vn 0.8899 0.3304 0.3144
vn 0.5744 0.8153 0.0732
vn -0.1461 0.5333 0.8332
vn -0.4687 0.5649 0.6791
vn 0.6297 0.6726 0.3887
vn -0.4595 0.8414 0.2845
vn -0.2265 0.8252 -0.5174
vn -0.8739 0.4280 -0.2303
vn 0.1565 0.7751 0.6121
vn -0.5331 0.5773 0.6185
vn -0.0953 0.9567 0.2749
vn 0.0879 0.6525 0.7526
vn -0.0081 0.9096 0.4154
vn 0.6988 0.4959 0.5155
vn 0.8077 0.5368 0.2439
vn 0.6382 0.6699 0.3794
vn -0.7778 0.5070 -0.3713
vn 0.7371 0.4393 -0.5135
vn 0.4630 0.8053 -0.3704
vn -0.5640 0.7341 0.3782
vn -0.4832 0.7030 0.5219
vn 0.0291 0.8594 0.5105
vn 0.3132 0.7467 0.5868
vn -0.1324 0.8810 0.4542
vn 0.6797 0.5416 0.4946
vn 0.2239 0.8458 0.4843
vn 0.1097 0.7246 0.6804
vn -0.2117 0.8140 0.5410
vn -0.8639 0.4992 -0.0677
vn -0.9073 0.4019 0.1236
vn -0.5307 0.8115 0.2447
vn -0.8852 0.3992 -0.2389
vn 0.8726 0.3487 -0.3420
vn 0.7141 0.6348 0.2951
vn 0.9335 0.2066 0.2932
vn -0.2904 0.7847 0.5477
vn -0.2751 0.7945 0.5414
vn 0.8465 0.5317 0.0270
vn 0.2798 0.9589 0.0474
vn 0.5173 0.8493 -0.1058
vn -0.6786 0.3658 -0.6369
vn -0.1227 0.9916 -0.0399
vn -0.1352 0.4969 0.8572
vn 0.6770 0.7083 -0.2001
vn 0.7306 0.6046 -0.3173
vn -0.6455 0.2036 0.7362
vn -0.7144 0.3967 -0.5765
vn -0.9488 0.2379 -0.2080
vn 0.2459 0.9598 0.1355
vn -0.6157 0.7369 0.2792
vn 0.6246 0.7676 -0.1437
vn 0.8537 0.3951 -0.3393
vn 0.7814 0.5871 0.2117
vn -0.8197 0.5392 0.1933
vn -0.6289 0.7738 -0.0752
vn -0.8486 0.4562 0.2679
vn -0.3043 0.1701 -0.9373
vn -0.6916 0.6414 -0.3319
vn 0.7151 0.6977 -0.0418
vn -0.6132 0.5597 -0.5574
vn -0.8700 0.4334 0.2351
vn -0.7664 0.5279 0.3659
vn 0.8304 0.4737 -0.2933
vn -0.7950 0.5629 -0.2261
vn -0.7929 0.5686 -0.2188
vn 0.7682 0.6049 -0.2096
vn 0.5644 0.7991 -0.2069
vn -0.6258 0.2548 -0.7372
vn 0.7902 0.5970 0.1387
vn -0.7747 0.2869 -0.5635
vn -0.2559 0.8246 -0.5046
vn 0.2895 0.9361 0.2000
vn 0.8239 0.4586 -0.3329
vn 0.7569 0.5965 -0.2671
vn -0.2317 0.5907 -0.7729
vn -0.4657 0.3638 -0.8067
vn 0.8012 0.5062 -0.3191
vn -0.4733 0.7868 -0.3962
vn -0.6793 0.4700 -0.5636
vn -0.5664 0.7179 -0.4047
vn -0.6779 0.4651 -0.5693
vn -0.8612 0.4352 -0.2626
vn -0.5394 0.8226 -0.1797
vn -0.3792 0.4444 -0.8116
vn -0.8861 0.3161 -0.3390
vn -0.3820 0.4575 -0.8030
vn -0.7779 0.3747 -0.5045
vn 0.5194 0.3428 -0.7828
vn -0.3735 0.5000 -0.7813
vn 0.6130 0.6399 -0.4634
vn 0.4572 0.8877 -0.0547
vn -0.8468 0.5229 -0.0970
vn -0.5896 0.3570 -0.7245
vn 0.4261 0.5170 -0.7424
vn 0.2164 0.9586 -0.1852
vn 0.6432 0.5951 -0.4819
vn -0.4213 0.7916 -0.4426
vn -0.1624 0.9145 -0.3707
vn -0.7443 0.6302 -0.2211
vn -0.6976 0.6995 -0.1548
vn -0.7171 0.4084 -0.5648
vn -0.4100 0.6869 -0.6001
vn -0.3066 0.8870 -0.3452
vn -0.5991 0.2529 -0.7597
vn -0.2592 0.8535 -0.4520
vn 0.6582 0.2933 -0.6934
vn -0.3979 0.6246 -0.6720
vn 0.1444 0.6948 -0.7046
vn 0.0832 0.7202 -0.6887
vn 0.6197 0.5872 -0.5207
vn 0.6953 0.6936 -0.1883
vn 0.4023 0.9022 -0.1554
vn -0.7370 0.5819 -0.3438
vn -0.4890 0.6574 -0.5733
vn 0.0775 0.8489 -0.5228
vn 0.3850 0.6560 -0.6492
vn 0.5987 0.4565 -0.6582
vn 0.4414 0.5995 -0.6676
vn 0.7969 0.3114 -0.5177
vn -0.0472 0.9120 -0.4074
vn -0.4475 0.5470 -0.7075
vn 0.3684 0.8620 -0.3483
vn 0.4773 0.7057 -0.5235
vn 0.1475 0.8445 -0.5148
vn 0.7643 0.5194 -0.3821
vn 0.3582 0.5905 -0.7231
vn 0.3453 0.9128 -0.2181
vn 0.0474 0.9406 -0.3362
vn 0.7133 0.6158 -0.3348
vn 0.4754 0.8701 -0.1299
vn -0.4961 0.6997 0.5141
vn 0.2578 0.6485 0.7162
vn -0.3046 0.6858 0.6610
vn -0.0715 0.6394 0.7656
vn 0.4237 0.5482 0.7211
vn 0.3147 0.7549 -0.5754
vn 0.7276 0.5696 -0.3823
vn -0.0080 0.9388 0.3444
vn -0.7137 0.4581 0.5299
vn -0.5271 0.6883 0.4984
vn -0.5631 0.5057 0.6536
vn -0.2636 0.7079 0.6553
vn -0.2237 0.3584 0.9064
vn 0.0067 0.8894 0.4571
vn 0.5981 0.5191 0.6106
vn -0.4629 0.8686 -0.1767
vn 0.6837 0.4347 0.5862
vn 0.5859 0.8051 0.0922
vn 0.4302 0.8741 0.2256
vn 0.7844 0.6200 0.0209
vn 0.7336 0.5486 -0.4012
vn 0.0040 0.9792 0.2027
vn -0.0610 0.9431 0.3267
vn 0.3829 0.8714 0.3065
vn -0.1912 0.8696 0.4552
vn -0.6240 0.6685 0.4047
vn -0.1357 0.9171 0.3747
vn -0.7301 0.5610 0.3902
vn -0.1475 0.5681 0.8096
vn 0.4405 0.6822 0.5836
vn -0.0590 0.4549 0.8886
vn 0.4983 0.6403 0.5846
vn 0.4328 0.6974 0.5713
vn 0.4533 0.4881 0.7458
vn 0.8063 0.5828 -0.1006
vn 0.4637 0.8822 0.0819
vn 0.1581 0.8732 0.4610
vn 0.1829 0.8680 0.4617
vn 0.0909 0.9734 0.2104
vn -0.4609 0.8582 0.2261
vn -0.7726 0.4823 0.4129
vn 0.8886 0.4560 0.0495
vn 0.6670 0.6779 0.3091
vn 0.2664 0.9571 -0.1136
vn -0.1971 0.9631 -0.1831
vn 0.1603 0.9332 0.3216
vn 0.0508 0.9775 0.2046
vn -0.0426 0.9972 0.0613
vn -0.4119 0.8864 0.2114
vn -0.4656 0.8642 -0.1907
vn -0.4607 0.7370 -0.4946
vn -0.1040 0.9727 0.2075
vn 0.1059 0.7666 0.6333
vn 0.6258 0.3305 0.7065
vn 0.7712 0.6331 0.0659
vn 0.4910 0.5428 -0.6814
vn 0.6987 0.2431 0.6728
vn 0.1290 0.7243 0.6773
vn -0.0528 0.9783 0.2005
vn 0.2404 0.9557 -0.1697
vn 0.2867 0.9305 0.2279
vn -0.6859 0.6409 0.3446
vn -0.6669 0.7284 -0.1573
vn 0.4695 0.8813 -0.0538
vn 0.1337 0.9891 0.0613
vn 0.3977 0.9173 -0.0214
vn -0.0013 0.9794 -0.2019
vn 0.2933 0.9231 -0.2487
vn -0.7524 0.4561 -0.4753
vn -0.3194 0.6758 0.6643
vn -0.3309 0.9163 -0.2258
vn -0.1842 0.9607 -0.2077
vn 0.0869 0.9369 0.3387
vn 0.5887 0.4300 0.6844
vn 0.6107 0.4742 0.6343
vn 0.5854 0.4864 0.6486
vn 0.7088 0.2842 0.6457
vn 0.0703 0.7976 0.5990
vn -0.3850 0.8237 0.4162
vn 0.2842 0.7615 0.5826
vn 0.3235 0.9145 0.2428
vn 0.1775 0.8079 0.5620
vn 0.3579 0.6013 0.7144
vn 0.2462 0.8227 0.5125
vn -0.5590 0.8254 0.0792
vn 0.7563 0.5322 0.3805
vn 0.6901 0.5659 0.4511
vn 0.7646 0.4530 0.4585
vn 0.3616 0.9323 0.0040
vn 0.5388 0.4674 0.7008
vn -0.0103 0.9921 -0.1252
vn -0.2364 0.8727 0.4272
vn -0.7719 0.4679 0.4304
vn -0.1529 0.9720 -0.1786
vn -0.0981 0.9876 0.1227
vn -0.6315 0.4893 -0.6015
vn -0.7722 0.6352 0.0188
vn 0.3427 0.8629 -0.3713
vn 0.4820 0.8574 -0.1805
vn 0.0182 0.3948 0.9186
vn 0.1402 0.2180 0.9658
vn 0.3648 0.8369 0.4081
vn 0.1752 0.4735 0.8632
vn 0.0361 0.6664 0.7447
vn 0.0058 0.6762 0.7367
vn -0.5878 0.5077 0.6299
vn -0.6852 0.5577 0.4685
vn 0.2590 0.4906 0.8320
vn -0.3598 0.6502 0.6691
vn 0.0881 0.7839 0.6146
vn -0.1155 0.8258 0.5520
vn 0.4429 0.5283 0.7244
vn 0.3161 0.4537 0.8332
vn -0.2410 0.5279 0.8144
vn -0.6304 0.5773 -0.5189
vn -0.1968 0.9154 -0.3513
vn -0.7616 0.4675 -0.4488
vn 0.3163 0.9275 0.1994
vn -0.2075 0.3733 0.9042
vn 0.4693 0.5135 0.7183
vn 0.4750 0.5098 0.7173
vn 0.1160 0.5615 0.8193
vn -0.0774 0.6195 0.7812
vn 0.0828 0.7029 0.7065
vn 0.2223 0.4691 0.8547
vn -0.0989 0.6445 0.7582
vn -0.5364 0.5553 0.6356
vn 0.5460 0.6222 0.5610
vn 0.5935 0.3161 0.7401
vn 0.4092 0.3893 0.8252
vn 0.6153 0.2009 0.7623
vn -0.3943 0.5079 0.7659
vn -0.1232 0.6136 0.7800
vn 0.5011 0.5148 0.6956
vn 0.1735 0.9155 0.3629
vn 0.5610 0.6355 0.5304
vn 0.3020 0.6100 -0.7326
vn -0.6217 0.6580 -0.4249
vn 0.0129 0.6224 0.7826
vn -0.1457 0.6192 0.7716
vn -0.0782 0.9260 0.3694
vn -0.2395 0.8250 0.5118
vn -0.0822 0.9901 -0.1138
vn 0.2948 0.6601 0.6909
vn 0.2869 0.4398 0.8510
vn 0.2534 0.8769 0.4085
vn 0.3382 0.4644 0.8185
vn -0.2896 0.4356 0.8523
vn -0.3119 0.9477 -0.0672
vn -0.1242 0.4643 0.8769
vn -0.6506 0.4907 0.5796
vn -0.5354 0.6176 -0.5762
vn -0.8544 0.4905 0.1715
vn -0.2240 0.9259 -0.3043
vn -0.5358 0.7138 -0.4510
vn -0.6955 0.5828 0.4203
vn 0.1311 0.9222 0.3639
vn -0.4379 0.7248 0.5320
vn 0.6218 0.2921 0.7267
vn 0.4524 0.8516 0.2648
vn 0.1601 0.6975 0.6984
vn 0.4051 0.6644 0.6280
vn 0.2972 0.8215 0.4866
vn 0.0497 0.7566 0.6520
vn -0.0636 0.9948 -0.0802
vn 0.5176 0.7922 0.3234
vn 0.2214 0.9685 0.1144
vn 0.5925 0.7921 0.1466
vn 0.3808 0.8471 0.3707
vn -0.3940 0.9180 -0.0451
vn -0.6689 0.6945 -0.2648
vn 0.4918 0.8347 0.2477
vn 0.6440 0.7540 0.1295
vn -0.7839 0.5837 0.2116
vn -0.1590 0.8365 0.5244
vn 0.5941 0.7997 -0.0865
vn 0.2635 0.4771 0.8384
vn 0.3565 0.7663 0.5345
vn 0.3835 0.9042 0.1881
vn 0.3802 0.8864 -0.2641
vn 0.0675 0.9041 0.4219
vn -0.0620 0.9928 0.1029
vn -0.6011 0.7988 -0.0234
vn -0.2786 0.9537 0.1134
vn 0.4176 0.6567 0.6280
vn 0.1132 0.4594 -0.8810
vn 0.2580 0.4799 -0.8385
vn 0.2048 0.4570 -0.8656
vn 0.2227 0.4598 -0.8597
vn 0.6163 0.5965 -0.5141
vn 0.7087 0.2330 -0.6659
vn -0.2320 0.7526 -0.6163
vn -0.0717 0.7475 -0.6603
vn -0.3676 0.7308 -0.5751
vn -0.6011 0.5648 -0.5655
vn -0.8139 0.3576 -0.4579
vn 0.0503 0.9440 -0.3260
vn 0.4058 0.8568 -0.3182
vn -0.3992 0.4385 0.8052
vn 0.2364 0.9661 -0.1043
vn 0.2419 0.9470 0.2112
vn 0.3656 0.7793 -0.5090
vn 0.6497 0.6898 -0.3195
vn 0.3384 0.7877 -0.5148
vn -0.2026 0.9752 -0.0896
vn 0.4712 0.6154 -0.6319
vn 0.2616 0.8807 -0.3948
vn 0.2368 0.3815 -0.8935
vn -0.4780 0.4498 -0.7544
vn -0.0472 0.3414 -0.9387
vn 0.1297 0.6148 -0.7780
vn -0.2045 0.4249 -0.8819
vn 0.8764 0.4794 -0.0458
vn 0.3195 0.9475 0.0151
vn 0.0895 0.7797 -0.6198
vn -0.4601 0.5615 -0.6877
vn -0.4204 0.7274 -0.5424
vn 0.2745 0.4404 -0.8548
vn 0.4046 0.5253 -0.7486
vn 0.2144 0.5262 -0.8229
vn 0.4815 0.5869 -0.6510
vn 0.3027 0.3825 -0.8730
vn 0.2563 0.3692 -0.8933
vn 0.1185 0.3421 -0.9322
vn -0.2636 0.4577 -0.8491
vn -0.3434 0.4303 -0.8348
vn -0.2650 0.3903 -0.8818
vn -0.0338 0.2002 -0.9792
vn -0.3941 0.8579 -0.3296
vn 0.2926 0.9554 -0.0388
vn 0.4974 0.7521 -0.4323
vn -0.3684 0.4971 -0.7856
vn -0.2622 0.3686 -0.8918
vn 0.0120 0.5082 -0.8612
vn 0.3014 0.4445 -0.8436
vn 0.2616 0.3773 -0.8884
vn -0.0773 0.4401 -0.8946
vn 0.3100 0.3626 -0.8789
vn 0.1727 0.4007 -0.8998
vn -0.3201 0.3210 -0.8913
vn -0.1231 0.1928 -0.9735
vn 0.0158 0.1837 -0.9829
vn -0.3186 0.3622 -0.8759
vn -0.1892 0.3970 -0.8981
vn -0.2595 0.3695 -0.8922
vn -0.2145 0.3691 -0.9043
vn -0.1219 0.3895 -0.9129
vn 0.1211 0.4911 -0.8626
vn 0.4071 0.6908 -0.5976
vn 0.5635 0.5136 -0.6471
vn 0.2028 0.5001 -0.8419
vn 0.4868 0.3701 -0.7912
vn 0.1746 0.7799 -0.6011
vn 0.2403 0.4454 -0.8625
vn -0.0061 0.4144 -0.9101
vn 0.1400 0.3878 -0.9110
vn -0.1761 0.2420 -0.9542
vn -0.0774 0.2399 -0.9677
vn -0.0697 0.2413 -0.9680
vn 0.1303 0.2622 -0.9562
vn -0.2322 0.3208 -0.9183
vn -0.5998 0.5841 -0.5468
vn 0.1069 0.4816 -0.8699
vn 0.1187 0.4805 -0.8689
vn 0.6501 0.5068 -0.5662
vn 0.4558 0.6955 -0.5555
vn 0.0488 0.8752 -0.4813
vn -0.4198 0.6715 -0.6106
vn -0.0784 0.5518 -0.8303
vn -0.8662 0.4858 -0.1170
vn 0.8973 0.4131 -0.1556
vn -0.8587 0.3980 -0.3228
vn -0.8420 0.4592 -0.2832
vn 0.8106 0.5337 -0.2412
vn -0.8125 0.4056 -0.4188
vn 0.7058 0.3853 -0.5945
vn 0.7184 0.4087 -0.5629
vn -0.0662 0.5698 -0.8191
vn 0.0366 0.8708 -0.4902
vn 0.0030 0.8558 -0.5173
vn 0.4092 0.4696 -0.7823
vn -0.4356 0.6161 -0.6563
vn -0.1887 0.7504 -0.6335
vn 0.2274 0.8569 -0.4627
vn 0.0496 0.8765 -0.4788
vn 0.3481 0.8132 -0.4664
vn 0.2527 0.9147 -0.3153
vn -0.5169 0.8540 0.0597
vn 0.3811 0.9244 -0.0174
vn 0.2383 0.9105 -0.3379
vn 0.6966 0.7116 -0.0915
vn -0.1980 0.6832 -0.7029
vn -0.2198 0.7239 -0.6539
vn -0.3088 0.7827 -0.5404
vn 0.0337 0.8523 -0.5220
vn 0.8015 0.5323 -0.2723
vn -0.2415 0.8275 0.5069
vn -0.6641 0.7101 0.2339
vn 0.0328 0.7101 0.7033
vn 0.1047 0.7253 0.6804
vn -0.2260 0.8237 0.5200
vn 0.5894 0.7759 -0.2251
vn -0.3590 0.8981 -0.2540
vn -0.2759 0.9466 -0.1667
vn -0.8103 0.5850 -0.0356
vn 0.1507 0.7886 -0.5961
vn -0.2649 0.8171 -0.5120
vn 0.0036 0.5325 0.8464
vn 0.2757 0.6117 0.7415
vn 0.4654 0.7666 0.4424
vn -0.0072 0.9458 0.3247
vn -0.3672 0.8179 0.4429
vn -0.3180 0.9477 0.0269
vn -0.4621 0.8868 -0.0068
vn 0.4338 0.7945 -0.4249
vn -0.1652 0.8835 -0.4382
vn 0.3318 0.9025 -0.2748
vn -0.3577 0.8677 0.3453
vn 0.6391 0.6894 0.3409
vn 0.5942 0.6908 0.4120
vn -0.2399 0.8548 0.4601
vn -0.4538 0.8161 -0.3579
vn -0.2956 0.8989 0.3235
vn 0.3335 0.9291 0.1596
vn -0.0630 0.9188 0.3896
vn 0.3374 0.9407 -0.0344
vn 0.6383 0.5954 0.4879
vn -0.8015 0.5704 0.1797
vn -0.6702 0.7385 -0.0732
vn -0.2514 0.9600 -0.1228
vn 0.7004 0.5955 0.3934
vn 0.5180 0.7831 0.3442
vn -0.3200 0.9441 -0.0791
vn -0.0166 0.9994 -0.0305
vn -0.5073 0.8588 0.0716
vn 0.3936 0.8025 0.4484
vn -0.1683 0.8735 0.4569
vn -0.2048 0.8243 0.5278
vn -0.3102 0.6690 0.6754
vn 0.3654 0.6863 0.6288
vn 0.0920 0.8570 0.5071
vn -0.3386 0.8597 -0.3825
vn 0.0616 0.9578 -0.2808
vn -0.1241 0.6734 -0.7288
vn 0.2027 0.8315 -0.5173
vn -0.1877 0.6515 -0.7351
vn 0.2433 0.7658 -0.5953
vn -0.1519 0.7201 -0.6771
vn -0.3158 0.7470 -0.5850
vn 0.6612 0.4747 -0.5809
vn 0.1278 0.9229 -0.3633
vn -0.3153 0.8871 -0.3372
vn -0.3467 0.7550 -0.5565
vn -0.7580 0.5308 -0.3791
vn 0.4438 0.8951 0.0436
vn -0.1176 0.9845 -0.1302
vn 0.3703 0.9195 -0.1320
vn -0.2386 0.6851 -0.6882
vn -0.4097 0.6316 -0.6582
vn 0.1861 0.9781 -0.0935
vn 0.4008 0.8370 -0.3726
vn 0.1352 0.9746 -0.1787
vn 0.6813 0.6508 0.3352
vn 0.4043 0.5619 0.7217
vn 0.5272 0.7971 0.2945
vn 0.1759 0.9746 0.1387
vn 0.5878 0.7770 -0.2251
vn -0.5136 0.8376 -0.1860
vn -0.3116 0.9502 0.0074
vn -0.1058 0.7874 0.6073
vn -0.2295 0.8130 0.5350
vn -0.2146 0.5457 0.8100
vn 0.0672 0.6359 0.7689
vn -0.2427 0.9316 0.2704
vn -0.1576 0.9779 0.1372
vn -0.9208 0.2163 -0.3246
vn -0.7672 0.6413 0.0122
vn 0.5455 0.7748 0.3196
vn 0.0213 0.9274 0.3734
vn -0.3901 0.7519 0.5315
vn 0.2947 0.8395 0.4565
vn -0.0720 0.9202 0.3848
vn 0.1442 0.9692 0.1997
vn -0.6179 0.7170 -0.3227
vn -0.5566 0.7648 -0.3245
vn 0.5174 0.7661 0.3812
vn 0.1455 0.9890 -0.0252
vn -0.6694 0.4793 0.5675
vn -0.1858 0.6731 -0.7158
vn -0.0411 0.9439 0.3278
vn -0.5959 0.8026 -0.0275
vn -0.4637 0.8859 -0.0088
vn -0.6899 0.7225 0.0452
vn 0.6965 0.5978 0.3969
vn 0.0194 0.9981 -0.0583
vn -0.7128 0.7013 -0.0120
vn 0.6602 0.5399 0.5222
vn 0.1444 0.9423 0.3021
vn -0.1958 0.8285 0.5247
vn -0.7055 0.5884 0.3951
vn 0.3997 0.6931 0.5999
vn -0.1226 0.7936 0.5960
vn -0.1245 0.7864 0.6051
vn -0.3291 0.8579 0.3947
s 0
usemtl green
f 7//1 8//1 67//1
f 12//2 13//2 70//2
f 13//3 14//3 71//3
f 15//4 72//4 71//4
f 15//5 73//5 72//5
f 17//6 18//6 73//6
f 19//7 74//7 18//7
f 21//8 75//8 20//8
f 22//9 76//9 21//9
f 23//10 77//10 76//10
f 23//11 24//11 78//11
f 24//12 25//12 78//12
f 27//13 79//13 78//13
f 28//14 80//14 79//14
f 28//15 29//15 80//15
f 30//16 81//16 80//16
f 31//17 32//17 81//17
f 33//18 83//18 82//18
f 35//19 84//19 34//19
f 36//20 37//20 85//20
f 37//21 38//21 85//21
f 39//22 86//22 85//22
f 41//23 87//23 40//23
f 41//24 42//24 87//24
f 42//25 88//25 87//25
f 42//26 43//26 88//26
f 43//27 44//27 89//27
f 44//28 45//28 90//28
f 45//29 46//29 90//29
f 51//30 52//30 91//30
f 56//31 57//31 55//31
f 59//32 93//32 58//32
f 60//33 94//33 59//33
f 60//34 61//34 94//34
f 62//35 63//35 97//35
f 67//36 8//36 100//36
f 8//37 68//37 100//37
f 68//38 101//38 100//38
f 69//39 70//39 103//39
f 70//40 71//40 72//40
f 18//41 106//41 105//41
f 75//42 21//42 107//42
f 32//43 82//43 81//43
f 34//44 112//44 111//44
f 34//45 84//45 113//45
f 43//46 89//46 114//46
f 47//47 48//47 116//47
f 48//48 49//48 117//48
f 50//49 118//49 117//49
f 91//50 52//50 119//50
f 54//51 120//51 119//51
f 55//52 57//52 120//52
f 58//53 92//53 57//53
f 58//54 93//54 121//54
f 94//55 61//55 122//55
f 10//56 102//56 150//56
f 12//57 69//57 102//57
f 104//58 73//58 126//58
f 105//59 127//59 126//59
f 74//60 129//60 106//60
f 74//61 75//61 130//61
f 107//62 76//62 131//62
f 79//63 132//63 108//63
f 80//64 109//64 132//64
f 82//65 133//65 81//65
f 83//66 110//66 133//66
f 113//67 134//67 112//67
f 113//68 135//68 134//68
f 84//69 85//69 135//69
f 85//70 86//70 137//70
f 86//71 87//71 138//71
f 114//72 89//72 140//72
f 48//73 141//73 116//73
f 48//74 117//74 141//74
f 91//75 171//75 118//75
f 57//76 92//76 143//76
f 96//77 97//77 144//77
f 66//78 99//78 148//78
f 99//79 101//79 149//79
f 103//80 72//80 154//80
f 104//81 126//81 156//81
f 106//82 157//82 128//82
f 129//83 130//83 158//83
f 75//84 107//84 159//84
f 131//85 160//85 159//85
f 110//86 163//86 133//86
f 111//87 112//87 164//87
f 89//88 115//88 168//88
f 141//89 142//89 169//89
f 91//90 119//90 171//90
f 119//91 120//91 171//91
f 94//92 174//92 173//92
f 127//93 180//93 156//93
f 127//94 128//94 180//94
f 157//95 181//95 180//95
f 157//96 129//96 181//96
f 158//97 182//97 181//97
f 130//98 183//98 158//98
f 121//99 172//99 197//99
f 93//100 198//100 172//100
f 174//101 122//101 199//101
f 122//102 95//102 200//102
f 95//103 201//103 200//103
f 96//104 144//104 201//104
f 150//105 151//105 149//105
f 180//106 181//106 211//106
f 182//107 158//107 183//107
f 174//108 199//108 220//108
f 200//109 201//109 221//109
f 148//110 149//110 223//110
f 180//111 211//111 227//111
f 211//112 181//112 228//112
f 219//113 248//113 172//113
f 219//114 198//114 248//114
f 199//115 200//115 249//115
f 151//116 253//116 223//116
f 151//117 205//117 253//117
f 210//118 227//118 257//118
f 172//119 272//119 247//119
f 198//120 273//120 248//120
f 173//121 220//121 274//121
f 220//122 275//122 274//122
f 220//123 199//123 275//123
f 204//124 223//124 281//124
f 228//125 285//125 284//125
f 273//126 173//126 274//126
f 249//127 305//127 304//127
f 224//128 309//128 253//128
f 224//129 310//129 309//129
f 256//130 257//130 315//130
f 274//131 303//131 332//131
f 276//132 334//132 305//132
f 281//133 253//133 338//133
f 315//134 284//134 345//134
f 284//135 285//135 346//135
f 281//136 369//136 368//136
f 314//137 315//137 373//137
f 345//138 374//138 344//138
f 345//139 375//139 374//139
f 338//140 400//140 369//140
f 338//141 309//141 401//141
f 344//142 444//142 407//142
f 346//143 408//143 375//143
f 387//144 422//144 421//144
f 369//145 400//145 399//145
f 400//146 401//146 439//146
f 400//147 464//147 463//147
f 439//148 401//148 465//148
f 444//149 472//149 471//149
f 444//150 473//150 472//150
f 444//151 375//151 473//151
f 473//152 474//152 503//152
f 464//153 524//153 463//153
f 464//154 439//154 525//154
f 439//155 465//155 525//155
f 471//156 530//156 502//156
f 524//157 555//157 463//157
f 472//158 560//158 559//158
f 472//159 561//159 560//159
f 531//160 562//160 561//160
f 463//161 583//161 554//161
f 555//162 584//162 583//162
f 524//163 525//163 585//163
f 561//164 591//164 560//164
f 561//165 592//165 591//165
f 584//166 555//166 614//166
f 555//167 585//167 614//167
f 560//168 616//168 615//168
f 583//169 584//169 640//169
f 614//170 585//170 642//170
f 592//171 617//171 648//171
f 584//172 641//172 640//172
f 641//173 614//173 674//173
f 591//174 648//174 677//174
f 617//175 678//175 648//175
f 617//176 649//176 678//176
f 664//177 689//177 688//177
f 677//178 648//178 678//178
f 650//179 708//179 649//179
f 651//180 709//180 679//180
f 655//181 656//181 712//181
f 656//182 657//182 682//182
f 689//183 753//183 688//183
f 689//184 717//184 753//184
f 701//185 768//185 728//185
f 673//186 674//186 729//186
f 677//187 735//187 734//187
f 678//188 736//188 735//188
f 678//189 737//189 736//189
f 709//190 739//190 738//190
f 710//191 740//191 739//191
f 710//192 653//192 741//192
f 681//193 742//193 711//193
f 655//194 712//194 744//194
f 712//195 682//195 745//195
f 713//196 747//196 746//196
f 714//197 748//197 713//197
f 714//198 749//198 748//198
f 714//199 683//199 749//199
f 684//200 750//200 749//200
f 684//201 685//201 750//201
f 686//202 751//202 750//202
f 686//203 687//203 751//203
f 663//204 716//204 752//204
f 716//205 688//205 753//205
f 717//206 754//206 753//206
f 717//207 690//207 755//207
f 721//208 761//208 760//208
f 701//209 769//209 768//209
f 701//210 729//210 769//210
f 729//211 674//211 771//211
f 735//212 736//212 774//212
f 708//213 775//213 737//213
f 679//214 738//214 775//214
f 739//215 777//215 776//215
f 739//216 778//216 777//216
f 741//217 779//217 740//217
f 711//218 780//218 779//218
f 742//219 781//219 711//219
f 742//220 743//220 781//220
f 750//221 782//221 749//221
f 751//222 715//222 752//222
f 716//223 753//223 785//223
f 768//224 800//224 799//224
f 735//225 806//225 805//225
f 776//226 777//226 738//226
f 739//227 807//227 778//227
f 780//228 711//228 809//228
f 744//229 810//229 743//229
f 744//230 745//230 810//230
f 745//231 746//231 810//231
f 747//232 748//232 812//232
f 749//233 782//233 812//233
f 770//234 830//234 801//234
f 805//235 806//235 837//235
f 737//236 840//236 839//236
f 775//237 871//237 840//237
f 777//238 841//238 738//238
f 780//239 842//239 779//239
f 809//240 781//240 843//240
f 810//241 844//241 843//241
f 810//242 811//242 845//242
f 782//243 846//243 812//243
f 782//244 750//244 847//244
f 783//245 848//245 847//245
f 783//246 752//246 848//246
f 752//247 813//247 848//247
f 784//248 849//248 813//248
f 784//249 850//249 849//249
f 828//250 859//250 827//250
f 830//251 771//251 863//251
f 837//252 869//252 868//252
f 841//253 778//253 872//253
f 807//254 873//254 872//254
f 807//255 779//255 842//255
f 811//256 875//256 845//256
f 811//257 812//257 876//257
f 812//258 846//258 876//258
f 847//259 848//259 877//259
f 814//260 852//260 878//260
f 943//261 795//261 885//261
f 795//262 827//262 885//262
f 859//263 828//263 887//263
f 828//264 797//264 887//264
f 799//265 829//265 888//265
f 801//266 862//266 888//266
f 869//267 892//267 868//267
f 869//268 838//268 892//268
f 839//269 893//269 892//269
f 870//270 871//270 894//270
f 871//271 895//271 894//271
f 841//272 896//272 895//272
f 872//273 873//273 842//273
f 843//274 899//274 898//274
f 845//275 875//275 844//275
f 876//276 846//276 901//276
f 846//277 847//277 901//277
f 877//278 848//278 902//278
f 848//279 849//279 902//279
f 851//280 932//280 903//280
f 886//281 859//281 946//281
f 799//282 914//282 861//282
f 862//283 889//283 888//283
f 830//284 863//284 915//284
f 892//285 922//285 921//285
f 892//286 951//286 922//286
f 893//287 870//287 923//287
f 872//288 925//288 924//288
f 808//289 898//289 897//289
f 899//290 874//290 926//290
f 874//291 900//291 926//291
f 875//292 876//292 927//292
f 876//293 901//293 927//293
f 901//294 928//294 927//294
f 901//295 877//295 928//295
f 849//296 929//296 902//296
f 849//297 931//297 930//297
f 827//298 944//298 885//298
f 886//299 945//299 944//299
f 860//300 947//300 946//300
f 914//301 975//301 947//301
f 914//302 888//302 948//302
f 893//303 923//303 952//303
f 894//304 953//304 952//304
f 895//305 896//305 924//305
f 924//306 925//306 954//306
f 842//307 897//307 954//307
f 898//308 955//308 897//308
f 898//309 899//309 988//309
f 900//310 956//310 926//310
f 900//311 844//311 956//311
f 844//312 875//312 956//312
f 927//313 958//313 957//313
f 928//314 902//314 959//314
f 902//315 960//315 959//315
f 903//316 961//316 931//316
f 878//317 962//317 932//317
f 946//318 973//318 945//318
f 946//319 947//319 974//319
f 948//320 976//320 975//320
f 948//321 889//321 977//321
f 922//322 983//322 982//322
f 954//323 987//323 986//323
f 954//324 897//324 987//324
f 926//325 989//325 988//325
f 928//326 959//326 958//326
f 930//327 931//327 990//327
f 961//328 903//328 991//328
f 903//329 932//329 991//329
f 932//330 962//330 992//330
f 1030//331 944//331 999//331
f 947//332 975//332 974//332
f 951//333 984//333 983//333
f 952//334 1003//334 984//334
f 953//335 1004//335 1003//335
f 955//336 898//336 1008//336
f 988//337 1009//337 1008//337
f 988//338 989//338 1010//338
f 958//339 1013//339 957//339
f 958//340 959//340 1014//340
f 960//341 930//341 990//341
f 990//342 961//342 991//342
f 972//343 1032//343 1031//343
f 972//344 1033//344 1032//344
f 973//345 1034//345 1033//345
f 973//346 1035//346 1034//346
f 973//347 1059//347 1035//347
f 973//348 946//348 974//348
f 976//349 977//349 1000//349
f 984//350 1043//350 1042//350
f 1003//351 1004//351 1044//351
f 1004//352 985//352 1005//352
f 1007//353 1045//353 1006//353
f 1009//354 988//354 1046//354
f 989//355 1047//355 1010//355
f 956//356 1011//356 1047//356
f 1012//357 957//357 1048//357
f 960//358 1016//358 1015//358
f 990//359 1049//359 1016//359
f 1019//360 1051//360 1018//360
f 977//361 1037//361 1060//361
f 1037//362 1061//362 1060//362
f 1037//363 1038//363 1062//363
f 1042//364 1043//364 1066//364
f 1043//365 1067//365 1066//365
f 1005//366 1069//366 1068//366
f 1005//367 986//367 1070//367
f 1006//368 1071//368 1070//368
f 1006//369 1045//369 1072//369
f 1008//370 1046//370 1073//370
f 1047//371 1011//371 1075//371
f 990//372 1077//372 1049//372
f 1018//373 1051//373 1050//373
f 1032//374 1033//374 1087//374
f 1033//375 1034//375 1035//375
f 1059//376 974//376 1088//376
f 1036//377 1090//377 1089//377
f 1036//378 1000//378 1090//378
f 977//379 1091//379 1090//379
f 1062//380 1092//380 1061//380
f 1070//381 1071//381 1098//381
f 1012//382 1101//382 1075//382
f 1048//383 1102//383 1101//383
f 991//384 1105//384 1017//384
f 1050//385 1106//385 1105//385
f 1050//386 1107//386 1106//386
f 1051//387 1108//387 1107//387
f 1031//388 1087//388 1119//388
f 1033//389 1035//389 1120//389
f 1089//390 1090//390 1121//390
f 1091//391 1060//391 1123//391
f 1101//392 1102//392 1134//392
f 1014//393 1135//393 1076//393
f 1104//394 1077//394 1136//394
f 1077//395 1017//395 1136//395
f 1051//396 1109//396 1108//396
f 1035//397 1148//397 1120//397
f 1035//398 1088//398 1149//398
f 1121//399 1090//399 1150//399
f 1123//400 1061//400 1152//400
f 1061//401 1092//401 1152//401
f 1102//402 1164//402 1134//402
f 1102//403 1076//403 1165//403
f 1104//404 1166//404 1103//404
f 1104//405 1136//405 1193//405
f 1106//406 1167//406 1105//406
f 1106//407 1107//407 1168//407
f 1108//408 1196//408 1168//408
f 1120//409 1148//409 1182//409
f 1121//410 1150//410 1183//410
f 1152//411 1124//411 1153//411
f 1076//412 1191//412 1165//412
f 1136//413 1194//413 1193//413
f 1137//414 1220//414 1194//414
f 1137//415 1105//415 1195//415
f 1087//416 1204//416 1181//416
f 1122//417 1206//417 1184//417
f 1151//418 1207//418 1206//418
f 1151//419 1152//419 1208//419
f 1195//420 1221//420 1220//420
f 1196//421 1222//421 1168//421
f 1196//422 1223//422 1222//422
f 1181//423 1204//423 1235//423
f 1204//424 1182//424 1266//424
f 1205//425 1148//425 1237//425
f 1148//426 1149//426 1238//426
f 1149//427 1183//427 1238//427
f 1183//428 1184//428 1238//428
f 1207//429 1239//429 1206//429
f 1208//430 1153//430 1209//430
f 1164//431 1165//431 1253//431
f 1192//432 1135//432 1254//432
f 1135//433 1166//433 1254//433
f 1193//434 1255//434 1219//434
f 1220//435 1256//435 1194//435
f 1168//436 1222//436 1221//436
f 1204//437 1265//437 1235//437
f 1236//438 1267//438 1266//438
f 1236//439 1205//439 1267//439
f 1238//440 1206//440 1269//440
f 1206//441 1270//441 1269//441
f 1191//442 1312//442 1282//442
f 1254//443 1219//443 1313//443
f 1219//444 1255//444 1283//444
f 1194//445 1256//445 1283//445
f 1220//446 1284//446 1256//446
f 1220//447 1221//447 1285//447
f 1222//448 1286//448 1285//448
f 1235//449 1265//449 1329//449
f 1266//450 1267//450 1297//450
f 1267//451 1237//451 1298//451
f 1237//452 1238//452 1299//452
f 1286//453 1315//453 1285//453
f 1296//454 1264//454 1328//454
f 1264//455 1329//455 1328//455
f 1297//456 1267//456 1298//456
f 1298//457 1237//457 1299//457
f 1269//458 1270//458 1330//458
f 1270//459 1300//459 1330//459
f 1275//460 1333//460 1305//460
f 1275//461 1276//461 1333//461
f 1312//462 1192//462 1339//462
f 1192//463 1254//463 1339//463
f 1283//464 1256//464 1314//464
f 1284//465 1341//465 1314//465
f 1285//466 1342//466 1341//466
f 1315//467 1343//467 1342//467
f 1329//468 1353//468 1328//468
f 1329//469 1266//469 1354//469
f 1297//470 1298//470 1355//470
f 1298//471 1356//471 1355//471
f 1298//472 1299//472 1357//472
f 1299//473 1268//473 1358//473
f 1268//474 1330//474 1359//474
f 1303//475 1362//475 1361//475
f 1303//476 1363//476 1362//476
f 1304//477 1365//477 1364//477
f 1305//478 1366//478 1365//478
f 1333//479 1367//479 1366//479
f 1312//480 1339//480 1371//480
f 1313//481 1340//481 1372//481
f 1341//482 1342//482 1373//482
f 1328//483 1387//483 1386//483
f 1359//484 1330//484 1388//484
f 1363//485 1364//485 1362//485
f 1333//486 1334//486 1391//486
f 1340//487 1395//487 1372//487
f 1340//488 1396//488 1395//488
f 1373//489 1398//489 1397//489
f 1343//490 1399//490 1373//490
f 1355//491 1411//491 1447//491
f 1356//492 1357//492 1411//492
f 1357//493 1358//493 1411//493
f 1358//494 1359//494 1412//494
f 1359//495 1413//495 1412//495
f 1388//496 1360//496 1414//496
f 1360//497 1389//497 1414//497
f 1389//498 1415//498 1414//498
f 1390//499 1416//499 1415//499
f 1390//500 1361//500 1417//500
f 1362//501 1418//501 1417//501
f 1362//502 1419//502 1418//502
f 1365//503 1421//503 1420//503
f 1365//504 1366//504 1422//504
f 1391//505 1335//505 1423//505
f 1395//506 1396//506 1430//506
f 1397//507 1431//507 1430//507
f 1397//508 1398//508 1432//508
f 1386//509 1444//509 1476//509
f 1386//510 1387//510 1445//510
f 1387//511 1353//511 1446//511
f 1411//512 1448//512 1447//512
f 1413//513 1388//513 1449//513
f 1414//514 1415//514 1449//514
f 1364//515 1451//515 1419//515
f 1364//516 1420//516 1451//516
f 1422//517 1391//517 1452//517
f 1391//518 1453//518 1452//518
f 1391//519 1423//519 1453//519
f 1423//520 1335//520 1454//520
f 1428//521 1371//521 1459//521
f 1339//522 1372//522 1460//522
f 1372//523 1429//523 1460//523
f 1429//524 1372//524 1461//524
f 1372//525 1395//525 1461//525
f 1430//526 1431//526 1462//526
f 1431//527 1397//527 1462//527
f 1476//528 1444//528 1477//528
f 1354//529 1447//529 1480//529
f 1447//530 1448//530 1480//530
f 1448//531 1412//531 1481//531
f 1413//532 1482//532 1412//532
f 1413//533 1449//533 1482//533
f 1449//534 1483//534 1482//534
f 1415//535 1416//535 1483//535
f 1418//536 1485//536 1450//536
f 1421//537 1422//537 1489//537
f 1422//538 1452//538 1489//538
f 1428//539 1459//539 1492//539
f 1459//540 1460//540 1516//540
f 1430//541 1494//541 1461//541
f 1462//542 1495//542 1494//542
f 1475//543 1504//543 1503//543
f 1477//544 1444//544 1505//544
f 1445//545 1506//545 1505//545
f 1478//546 1354//546 1507//546
f 1494//547 1495//547 1518//547
f 1432//548 1519//548 1518//548
f 1477//549 1505//549 1533//549
f 1506//550 1478//550 1507//550
f 1480//551 1535//551 1479//551
f 1480//552 1536//552 1535//552
f 1482//553 1538//553 1537//553
f 1484//554 1540//554 1539//554
f 1450//555 1541//555 1484//555
f 1450//556 1485//556 1541//556
f 1492//557 1459//557 1551//557
f 1516//558 1552//558 1551//558
f 1516//559 1460//559 1552//559
f 1461//560 1494//560 1553//560
f 1518//561 1554//561 1553//561
f 1518//562 1555//562 1554//562
f 1518//563 1519//563 1556//563
f 1503//564 1532//564 1568//564
f 1505//565 1506//565 1570//565
f 1481//566 1537//566 1536//566
f 1482//567 1572//567 1538//567
f 1482//568 1483//568 1572//568
f 1483//569 1539//569 1572//569
f 1517//570 1581//570 1552//570
f 1556//571 1520//571 1582//571
f 1520//572 1521//572 1582//572
f 1570//573 1594//573 1569//573
f 1570//574 1507//574 1595//574
f 1534//575 1596//575 1595//575
f 1535//576 1597//576 1596//576
f 1535//577 1536//577 1597//577
f 1536//578 1537//578 1571//578
f 1538//579 1572//579 1598//579
f 1572//580 1599//580 1598//580
f 1541//581 1601//581 1600//581
f 1541//582 1602//582 1601//582
f 1512//583 1547//583 1575//583
f 1547//584 1576//584 1608//584
f 1578//585 1550//585 1579//585
f 1550//586 1551//586 1580//586
f 1553//587 1554//587 1610//587
f 1555//588 1611//588 1610//588
f 1555//589 1556//589 1612//589
f 1556//590 1582//590 1613//590
f 1624//591 1569//591 1594//591
f 1570//592 1625//592 1594//592
f 1597//593 1626//593 1596//593
f 1597//594 1627//594 1626//594
f 1571//595 1628//595 1627//595
f 1571//596 1629//596 1628//596
f 1598//597 1599//597 1630//597
f 1599//598 1540//598 1631//598
f 1602//599 1632//599 1601//599
f 1575//600 1547//600 1637//600
f 1608//601 1576//601 1638//601
f 1576//602 1548//602 1638//602
f 1581//603 1641//603 1552//603
f 1609//604 1553//604 1610//604
f 1582//605 1642//605 1613//605
f 1713//606 1594//606 1653//606
f 1595//607 1654//607 1625//607
f 1595//608 1596//608 1654//608
f 1627//609 1655//609 1626//609
f 1627//610 1656//610 1655//610
f 1598//611 1630//611 1657//611
f 1601//612 1659//612 1658//612
f 1637//613 1608//613 1669//613
f 1608//614 1638//614 1669//614
f 1579//615 1670//615 1640//615
f 1579//616 1580//616 1670//616
f 1580//617 1552//617 1671//617
f 1641//618 1493//618 1672//618
f 1493//619 1609//619 1672//619
f 1610//620 1611//620 1674//620
f 1612//621 1675//621 1674//621
f 1613//622 1676//622 1675//622
f 1625//623 1654//623 1653//623
f 1626//624 1686//624 1596//624
f 1629//625 1687//625 1628//625
f 1629//626 1598//626 1688//626
f 1630//627 1631//627 1658//627
f 1658//628 1659//628 1689//628
f 1639//629 1577//629 1694//629
f 1577//630 1578//630 1695//630
f 1578//631 1640//631 1695//631
f 1640//632 1670//632 1696//632
f 1671//633 1641//633 1697//633
f 1641//634 1672//634 1697//634
f 1672//635 1609//635 1698//635
f 1674//636 1675//636 1699//636
f 1684//637 1653//637 1654//637
f 1685//638 1596//638 1686//638
f 1628//639 1714//639 1656//639
f 1657//640 1658//640 1715//640
f 1689//641 1659//641 1716//641
f 1668//642 1669//642 1723//642
f 1697//643 1672//643 1727//643
f 1672//644 1698//644 1728//644
f 1699//645 1675//645 1729//645
f 1654//646 1739//646 1792//646
f 1654//647 1740//647 1739//647
f 1654//648 1741//648 1740//648
f 1686//649 1742//649 1741//649
f 1655//650 1743//650 1742//650
f 1655//651 1714//651 1743//651
f 1687//652 1744//652 1714//652
f 1687//653 1688//653 1745//653
f 1688//654 1657//654 1745//654
f 1715//655 1747//655 1746//655
f 1690//656 1748//656 1716//656
f 1667//657 1751//657 1722//657
f 1668//658 1752//658 1751//658
f 1668//659 1723//659 1753//659
f 1694//660 1724//660 1754//660
f 1725//661 1670//661 1726//661
f 1697//662 1755//662 1726//662
f 1728//663 1673//663 1756//663
f 1673//664 1699//664 1757//664
f 1729//665 1676//665 1758//665
f 1741//666 1767//666 1740//666
f 1741//667 1742//667 1768//667
f 1745//668 1770//668 1744//668
f 1716//669 1748//669 1771//669
f 1751//670 1752//670 1776//670
f 1753//671 1723//671 1777//671
f 1723//672 1694//672 1778//672
f 1754//673 1724//673 1779//673
f 1696//674 1670//674 1725//674
f 1727//675 1728//675 1781//675
f 1757//676 1729//676 1783//676
f 1729//677 1758//677 1783//677
f 1739//678 1793//678 1792//678
f 1739//679 1740//679 1767//679
f 1768//680 1794//680 1767//680
f 1743//681 1795//681 1794//681
f 1743//682 1796//682 1795//682
f 1769//683 1744//683 1797//683
f 1744//684 1770//684 1797//684
f 1770//685 1745//685 1798//685
f 1745//686 1746//686 1831//686
f 1746//687 1747//687 1799//687
f 1747//688 1716//688 1800//688
f 1776//689 1752//689 1806//689
f 1753//690 1807//690 1806//690
f 1778//691 1754//691 1808//691
f 1754//692 1779//692 1808//692
f 1779//693 1724//693 1696//693
f 1696//694 1725//694 1809//694
f 1726//695 1839//695 1809//695
f 1727//696 1810//696 1755//696
f 1757//697 1783//697 1811//697
f 1783//698 1758//698 1812//698
f 1767//699 1825//699 1793//699
f 1767//700 1794//700 1825//700
f 1794//701 1826//701 1825//701
f 1795//702 1796//702 1827//702
f 1769//703 1797//703 1829//703
f 1770//704 1830//704 1829//704
f 1799//705 1832//705 1831//705
f 1779//706 1838//706 1808//706
f 1780//707 1841//707 1840//707
f 1781//708 1756//708 1844//708
f 1782//709 1757//709 1845//709
f 1877//710 1793//710 1854//710
f 1794//711 1856//711 1826//711
f 1794//712 1795//712 1827//712
f 1827//713 1796//713 1857//713
f 1828//714 1769//714 1858//714
f 1769//715 1829//715 1858//715
f 1831//716 1832//716 1859//716
f 1800//717 1859//717 1832//717
f 1806//718 1864//718 1837//718
f 1806//719 1807//719 1865//719
f 1807//720 1777//720 1866//720
f 1808//721 1838//721 1778//721
f 1696//722 1867//722 1838//722
f 1810//723 1868//723 1842//723
f 1843//724 1895//724 1810//724
f 1824//725 1876//725 1875//725
f 1825//726 1878//726 1854//726
f 1825//727 1879//727 1878//727
f 1855//728 1826//728 1880//728
f 1857//729 1882//729 1827//729
f 1798//730 1885//730 1884//730
f 1798//731 1831//731 1886//731
f 1831//732 1859//732 1886//732
f 1864//733 1806//733 1865//733
f 1866//734 1778//734 1893//734
f 1778//735 1838//735 1893//735
f 1809//736 1839//736 1894//736
f 1782//737 1845//737 1896//737
f 1811//738 1812//738 1897//738
f 1846//739 1869//739 1899//739
f 1873//740 1901//740 1872//740
f 1873//741 1874//741 1901//741
f 1848//742 1849//742 1902//742
f 1850//743 1903//743 1849//743
f 1851//744 1904//744 1903//744
f 1875//745 1876//745 1905//745
f 1881//746 1856//746 1908//746
f 1856//747 1827//747 1937//747
f 1857//748 1858//748 1909//748
f 1858//749 1883//749 1909//749
f 1830//750 1884//750 1883//750
f 1886//751 1910//751 1885//751
f 1886//752 1911//752 1910//752
f 1886//753 1859//753 1912//753
f 1894//754 1839//754 1922//754
f 1839//755 1840//755 1922//755
f 1840//756 1841//756 1922//756
f 1841//757 1842//757 1922//757
f 1842//758 1868//758 1923//758
f 1895//759 1924//759 1923//759
f 1895//760 1844//760 1925//760
f 1845//761 1897//761 1896//761
f 1899//762 1869//762 1927//762
f 1871//763 1900//763 1929//763
f 1848//764 1930//764 1901//764
f 1904//765 1852//765 1931//765
f 1905//766 1932//766 1931//766
f 1906//767 1933//767 1932//767
f 1878//768 1879//768 1934//768
f 1879//769 1880//769 1935//769
f 1882//770 1909//770 1938//770
f 1909//771 1883//771 1939//771
f 1884//772 1910//772 1939//772
f 1886//773 1912//773 1940//773
f 1864//774 1946//774 1919//774
f 1864//775 1865//775 1920//775
f 1866//776 1893//776 1946//776
f 1893//777 1838//777 1921//777
f 1867//778 1809//778 1949//778
f 1842//779 1923//779 1952//779
f 1925//780 1896//780 1953//780
f 1896//781 1897//781 1926//781
f 1899//782 1927//782 1898//782
f 1869//783 1871//783 1928//783
f 1929//784 1900//784 1956//784
f 1900//785 1901//785 1957//785
f 1901//786 1930//786 1959//786
f 1930//787 1960//787 1959//787
f 1902//788 1903//788 1961//788
f 1931//789 1962//789 1961//789
f 1931//790 1932//790 1962//790
f 1933//791 1963//791 1932//791
f 1936//792 1908//792 1966//792
f 1908//793 1937//793 1997//793
f 1940//794 1913//794 1970//794
f 1887//795 1915//795 1941//795
f 1942//796 1943//796 1971//796
f 1916//797 1972//797 1943//797
f 1917//798 1973//798 1944//798
f 1892//799 1945//799 1973//799
f 1919//800 1975//800 1974//800
f 1893//801 1977//801 1976//801
f 1893//802 1947//802 1977//802
f 1894//803 1922//803 1978//803
f 1922//804 1979//804 1950//804
f 1923//805 1980//805 1952//805
f 1923//806 1924//806 1981//806
f 1924//807 1982//807 1981//807
f 1926//808 1983//808 1982//808
f 1926//809 1954//809 1983//809
f 1954//810 1984//810 1983//810
f 1954//811 1898//811 1985//811
f 1927//812 1986//812 1955//812
f 1929//813 1987//813 1986//813
f 1956//814 1988//814 1987//814
f 1956//815 1957//815 1989//815
f 1959//816 1960//816 1990//816
f 1960//817 1991//817 1990//817
f 1962//818 1932//818 1992//818
f 1932//819 1993//819 1992//819
f 1963//820 1994//820 1993//820
f 1934//821 1935//821 1995//821
f 1935//822 1936//822 1996//822
f 1939//823 1967//823 1938//823
f 1910//824 1998//824 1967//824
f 1969//825 1970//825 2000//825
f 1915//826 2001//826 1941//826
f 1915//827 1942//827 2031//827
f 1943//828 2002//828 1971//828
f 1972//829 1944//829 1973//829
f 1973//830 1945//830 2003//830
f 1946//831 2004//831 1975//831
f 1946//832 1976//832 2004//832
f 1921//833 2005//833 1947//833
f 1948//834 1949//834 2006//834
f 1951//835 1952//835 2036//835
f 1983//836 1984//836 2009//836
f 1985//837 2011//837 2010//837
f 1987//838 1988//838 2012//838
f 1958//839 2013//839 1989//839
f 1991//840 1961//840 2015//840
f 1962//841 1992//841 2015//841
f 1994//842 2016//842 1993//842
f 1965//843 2018//843 2017//843
f 1965//844 1934//844 2019//844
f 1996//845 1966//845 2021//845
f 1966//846 1997//846 2023//846
f 1997//847 1938//847 2024//847
f 1967//848 1998//848 2024//848
f 1969//849 2026//849 1999//849
f 1969//850 2000//850 2027//850
f 2000//851 2028//851 2027//851
f 2000//852 1941//852 2029//852
f 2001//853 2030//853 2029//853
f 2003//854 1974//854 2033//854
f 1974//855 1975//855 2033//855
f 2004//856 1976//856 2034//856
f 1978//857 1950//857 2035//857
f 1980//858 1981//858 2037//858
f 1982//859 2009//859 2037//859
f 2010//860 2039//860 2038//860
f 2010//861 2011//861 2039//861
f 1955//862 2040//862 2039//862
f 2012//863 1989//863 2042//863
f 1989//864 2013//864 2042//864
f 2013//865 2043//865 2042//865
f 1990//866 2044//866 2043//866
f 1990//867 2014//867 2045//867
f 1992//868 2047//868 2015//868
f 1993//869 2048//869 2047//869
f 2018//870 2050//870 2049//870
f 1995//871 1996//871 2020//871
f 2021//872 2051//872 2020//872
f 2021//873 2022//873 2052//873
f 2022//874 2023//874 2053//874
f 2023//875 2024//875 2053//875
f 2025//876 2055//876 2054//876
f 2025//877 1999//877 2056//877
f 2030//878 2001//878 2057//878
f 2001//879 2031//879 2058//879
f 2002//880 1972//880 2059//880
f 1972//881 1973//881 2060//881
f 1973//882 2003//882 2061//882
f 2032//883 2062//883 2061//883
f 2033//884 2063//884 2062//884
f 2004//885 2064//885 2063//885
f 2039//886 2070//886 2069//886
f 2039//887 2071//887 2070//887
f 2040//888 2072//888 2071//888
f 2012//889 2073//889 2072//889
f 2012//890 2041//890 2073//890
f 2042//891 2075//891 2074//891
f 2047//892 2078//892 2077//892
f 2048//893 2080//893 2079//893
f 2019//894 2020//894 2083//894
f 2020//895 2051//895 2083//895
f 2024//896 2085//896 2053//896
f 1998//897 2087//897 2086//897
f 2026//898 2088//898 2056//898
f 2029//899 2089//899 2028//899
f 2062//900 2063//900 2091//900
f 2064//901 2092//901 2063//901
f 2034//902 2093//902 2092//902
f 1977//903 2065//903 2093//903
f 2065//904 1947//904 2094//904
f 1947//905 2095//905 2094//905
f 2005//906 2006//906 2095//906
f 2007//907 1978//907 2124//907
f 1951//908 2067//908 2096//908
f 2067//909 2097//909 2096//909
f 2037//910 2098//910 2097//910
f 2038//911 2069//911 2068//911
f 2073//912 2041//912 2074//912
f 2043//913 2099//913 2076//913
f 2043//914 2044//914 2100//914
f 2045//915 2046//915 2101//915
f 2077//916 2102//916 2101//916
f 2078//917 2079//917 2103//917
f 2079//918 2104//918 2103//918
f 2083//919 2106//919 2082//919
f 2083//920 2107//920 2106//920
f 2084//921 2108//921 2107//921
f 2084//922 2053//922 2109//922
f 2053//923 2085//923 2109//923
f 2056//924 2111//924 2110//924
f 2090//925 2057//925 2113//925
f 2057//926 2058//926 2114//926
f 2059//927 2060//927 2116//927
f 2060//928 2061//928 2117//928
f 2061//929 2062//929 2118//929
f 2091//930 2063//930 2119//930
f 2063//931 2092//931 2119//931
f 2092//932 2093//932 2119//932
f 2093//933 2065//933 2120//933
f 2065//934 2121//934 2120//934
f 2006//935 2007//935 2122//935
f 2007//936 2123//936 2122//936
f 2066//937 1951//937 2125//937
f 2098//938 2126//938 2097//938
f 2098//939 2127//939 2126//939
f 2068//940 2128//940 2127//940
f 2069//941 2129//941 2128//941
f 2070//942 2130//942 2129//942
f 2070//943 2131//943 2130//943
f 2073//944 2074//944 2133//944
f 2075//945 2134//945 2133//945
f 2076//946 2099//946 2134//946
f 2100//947 2135//947 2099//947
f 2102//948 2136//948 2101//948
f 2103//949 2138//949 2137//949
f 2103//950 2104//950 2138//950
f 2104//951 2139//951 2138//951
f 2049//952 2140//952 2230//952
f 2081//953 2050//953 2141//953
f 2050//954 2105//954 2141//954
f 2107//955 2108//955 2162//955
f 2085//956 2086//956 2142//956
f 2087//957 2143//957 2142//957
f 2059//958 2116//958 2145//958
f 2094//959 2095//959 2146//959
f 2095//960 2122//960 2146//960
f 2123//961 2124//961 2183//961
f 2126//962 2149//962 2097//962
f 2128//963 2151//963 2150//963
f 2082//964 2106//964 2160//964
f 2106//965 2107//965 2160//965
f 2107//966 2162//966 2161//966
f 2108//967 2109//967 2163//967
f 2142//968 2164//968 2163//968
f 2110//969 2111//969 2166//969
f 2111//970 2112//970 2144//970
f 2089//971 2168//971 2167//971
f 2089//972 2169//972 2168//972
f 2089//973 2113//973 2171//973
f 2113//974 2172//974 2171//974
f 2113//975 2114//975 2172//975
f 2114//976 2115//976 2173//976
f 2115//977 2145//977 2174//977
f 2145//978 2117//978 2175//978
f 2118//979 2091//979 2177//979
f 2091//980 2119//980 2177//980
f 2119//981 2093//981 2179//981
f 2120//982 2121//982 2180//982
f 2147//983 2122//983 2123//983
f 2148//984 2125//984 2184//984
f 2125//985 2096//985 2185//985
f 2230//986 2140//986 2196//986
f 2141//987 2197//987 2196//987
f 2105//988 2198//988 2197//988
f 2105//989 2160//989 2199//989
f 2160//990 2200//990 2199//990
f 2163//991 2201//991 2162//991
f 2111//992 2144//992 2202//992
f 2170//993 2171//993 2204//993
f 2171//994 2205//994 2204//994
f 2172//995 2206//995 2171//995
f 2173//996 2208//996 2207//996
f 2173//997 2174//997 2209//997
f 2174//998 2145//998 2175//998
f 2176//999 2118//999 2210//999
f 2180//1000 2211//1000 2179//1000
f 2181//1001 2212//1001 2211//1001
f 2181//1002 2146//1002 2213//1002
f 2124//1003 2148//1003 2216//1003
f 2197//1004 2198//1004 2231//1004
f 2198//1005 2232//1005 2231//1005
f 2199//1006 2233//1006 2232//1006
f 2199//1007 2200//1007 2233//1007
f 2161//1008 2162//1008 2235//1008
f 2163//1009 2236//1009 2201//1009
f 2143//1010 2237//1010 2164//1010
f 2143//1011 2165//1011 2238//1011
f 2202//1012 2167//1012 2203//1012
f 2167//1013 2168//1013 2203//1013
f 2170//1014 2204//1014 2169//1014
f 2205//1015 2171//1015 2241//1015
f 2207//1016 2208//1016 2242//1016
f 2174//1017 2175//1017 2243//1017
f 2176//1018 2210//1018 2245//1018
f 2177//1019 2178//1019 2247//1019
f 2179//1020 2248//1020 2247//1020
f 2179//1021 2211//1021 2249//1021
f 2206//1022 2273//1022 2241//1022
f 2207//1023 2242//1023 2273//1023
f 2242//1024 2209//1024 2274//1024
f 2211//1025 2212//1025 2250//1025
f 2389//1026 2353//1026 2416//1026
f 2389//1027 2416//1027 2489//1027
f 2443//1028 2481//1028 2517//1028
f 2517//1029 2587//1029 2568//1029
f 2517//1030 2518//1030 2569//1030
f 2550//1031 2572//1031 2571//1031
f 2517//1032 2569//1032 2587//1032
f 2576//1033 2604//1033 2603//1033
f 2587//1034 2613//1034 2586//1034
f 2598//1035 2599//1035 2617//1035
f 2601//1036 2620//1036 2619//1036
f 2575//1037 2603//1037 2622//1037
f 2604//1038 2623//1038 2622//1038
f 2604//1039 2624//1039 2623//1039
f 2578//1040 2579//1040 2628//1040
f 2579//1041 2558//1041 2630//1041
f 2558//1042 2559//1042 2631//1042
f 2559//1043 2632//1043 2631//1043
f 2605//1044 2633//1044 2632//1044
f 2605//1045 2634//1045 2633//1045
f 2605//1046 2580//1046 2635//1046
f 2586//1047 2639//1047 2585//1047
f 2613//1048 2587//1048 2641//1048
f 2587//1049 2588//1049 2642//1049
f 2588//1050 2570//1050 2644//1050
f 2591//1051 2645//1051 2590//1051
f 2592//1052 2647//1052 2646//1052
f 2592//1053 2593//1053 2647//1053
f 2593//1054 2648//1054 2647//1054
f 2614//1055 2649//1055 2648//1055
f 2594//1056 2650//1056 2649//1056
f 2594//1057 2651//1057 2650//1057
f 2615//1058 2596//1058 2652//1058
f 2596//1059 2597//1059 2652//1059
f 2597//1060 2653//1060 2652//1060
f 2598//1061 2617//1061 2616//1061
f 2617//1062 2599//1062 2654//1062
f 2574//1063 2618//1063 2654//1063
f 2619//1064 2655//1064 2600//1064
f 2602//1065 2621//1065 2620//1065
f 2626//1066 2656//1066 2625//1066
f 2641//1067 2642//1067 2665//1067
f 2643//1068 2644//1068 2666//1068
f 2644//1069 2570//1069 2667//1069
f 2570//1070 2589//1070 2667//1070
f 2589//1071 2590//1071 2668//1071
f 2590//1072 2645//1072 2669//1072
f 2645//1073 2646//1073 2671//1073
f 2652//1074 2653//1074 2707//1074
f 2616//1075 2617//1075 2673//1075
f 2600//1076 2675//1076 2674//1076
f 2623//1077 2624//1077 2678//1077
f 2657//1078 2627//1078 2681//1078
f 2627//1079 2628//1079 2681//1079
f 2629//1080 2682//1080 2681//1080
f 2629//1081 2630//1081 2682//1081
f 2630//1082 2683//1082 2682//1082
f 2632//1083 2684//1083 2631//1083
f 2633//1084 2715//1084 2632//1084
f 2634//1085 2635//1085 2686//1085
f 2639//1086 2741//1086 2664//1086
f 2639//1087 2613//1087 2695//1087
f 2640//1088 2696//1088 2695//1088
f 2642//1089 2643//1089 2697//1089
f 2643//1090 2666//1090 2698//1090
f 2644//1091 2667//1091 2699//1091
f 2667//1092 2700//1092 2699//1092
f 2667//1093 2589//1093 2701//1093
f 2671//1094 2646//1094 2702//1094
f 2646//1095 2672//1095 2702//1095
f 2647//1096 2703//1096 2672//1096
f 2648//1097 2649//1097 2704//1097
f 2650//1098 2706//1098 2705//1098
f 2707//1099 2653//1099 2708//1099
f 2653//1100 2673//1100 2709//1100
f 2620//1101 2677//1101 2711//1101
f 2621//1102 2623//1102 2712//1102
f 2656//1103 2714//1103 2679//1103
f 2657//1104 2680//1104 2714//1104
f 2686//1105 2635//1105 2687//1105
f 2696//1106 2641//1106 2721//1106
f 2665//1107 2722//1107 2721//1107
f 2665//1108 2642//1108 2722//1108
f 2642//1109 2697//1109 2723//1109
f 2701//1110 2668//1110 2724//1110
f 2668//1111 2669//1111 2744//1111
f 2669//1112 2670//1112 2725//1112
f 2670//1113 2671//1113 2726//1113
f 2702//1114 2727//1114 2726//1114
f 2703//1115 2647//1115 2728//1115
f 2647//1116 2704//1116 2728//1116
f 2705//1117 2729//1117 2728//1117
f 2705//1118 2706//1118 2730//1118
f 2673//1119 2654//1119 2710//1119
f 2655//1120 2676//1120 2748//1120
f 2711//1121 2677//1121 2734//1121
f 2713//1122 2678//1122 2736//1122
f 2684//1123 2632//1123 2715//1123
f 2664//1124 2741//1124 2720//1124
f 2696//1125 2742//1125 2741//1125
f 2701//1126 2743//1126 2700//1126
f 2726//1127 2745//1127 2744//1127
f 2726//1128 2727//1128 2745//1128
f 2702//1129 2703//1129 2727//1129
f 2729//1130 2705//1130 2730//1130
f 2708//1131 2775//1131 2802//1131
f 2709//1132 2776//1132 2708//1132
f 2709//1133 2732//1133 2746//1133
f 2676//1134 2711//1134 2750//1134
f 2734//1135 2712//1135 2735//1135
f 2735//1136 2712//1136 2713//1136
f 2736//1137 2714//1137 2751//1137
f 2714//1138 2681//1138 2752//1138
f 2681//1139 2753//1139 2752//1139
f 2681//1140 2737//1140 2753//1140
f 2737//1141 2682//1141 2754//1141
f 2682//1142 2683//1142 2754//1142
f 2715//1143 2685//1143 2756//1143
f 2742//1144 2721//1144 2761//1144
f 2722//1145 2762//1145 2761//1145
f 2723//1146 2763//1146 2762//1146
f 2723//1147 2764//1147 2763//1147
f 2723//1148 2698//1148 2765//1148
f 2700//1149 2766//1149 2765//1149
f 2700//1150 2743//1150 2767//1150
f 2724//1151 2744//1151 2768//1151
f 2744//1152 2745//1152 2770//1152
f 2745//1153 2771//1153 2770//1153
f 2727//1154 2703//1154 2772//1154
f 2730//1155 2774//1155 2773//1155
f 2746//1156 2777//1156 2776//1156
f 2732//1157 2710//1157 2747//1157
f 2748//1158 2779//1158 2778//1158
f 2750//1159 2734//1159 2780//1159
f 2735//1160 2781//1160 2780//1160
f 2751//1161 2783//1161 2736//1161
f 2752//1162 2753//1162 2785//1162
f 2684//1163 2786//1163 2754//1163
f 2756//1164 2685//1164 2787//1164
f 2761//1165 2795//1165 2794//1165
f 2767//1166 2797//1166 2766//1166
f 2771//1167 2799//1167 2770//1167
f 2771//1168 2772//1168 2799//1168
f 2772//1169 2703//1169 2801//1169
f 2802//1170 2775//1170 2803//1170
f 2775//1171 2776//1171 2804//1171
f 2747//1172 2805//1172 2777//1172
f 2747//1173 2778//1173 2807//1173
f 2750//1174 2832//1174 2808//1174
f 2781//1175 2713//1175 2782//1175
f 2782//1176 2736//1176 2810//1176
f 2753//1177 2811//1177 2785//1177
f 2753//1178 2737//1178 2811//1178
f 2754//1179 2786//1179 2811//1179
f 2755//1180 2836//1180 2786//1180
f 2755//1181 2715//1181 2812//1181
f 2756//1182 2813//1182 2812//1182
f 2788//1183 2686//1183 2789//1183
f 2720//1184 2817//1184 2760//1184
f 2741//1185 2818//1185 2793//1185
f 2742//1186 2819//1186 2818//1186
f 2794//1187 2820//1187 2819//1187
f 2794//1188 2795//1188 2821//1188
f 2763//1189 2822//1189 2762//1189
f 2764//1190 2823//1190 2822//1190
f 2764//1191 2765//1191 2823//1191
f 2796//1192 2824//1192 2823//1192
f 2767//1193 2825//1193 2797//1193
f 2767//1194 2768//1194 2826//1194
f 2769//1195 2827//1195 2826//1195
f 2770//1196 2799//1196 2798//1196
f 2772//1197 2800//1197 2799//1197
f 2804//1198 2776//1198 2829//1198
f 2776//1199 2777//1199 2829//1199
f 2777//1200 2805//1200 2830//1200
f 2778//1201 2870//1201 2807//1201
f 2778//1202 2831//1202 2870//1202
f 2783//1203 2784//1203 2834//1203
f 2752//1204 2876//1204 2834//1204
f 2752//1205 2785//1205 2835//1205
f 2812//1206 2813//1206 2836//1206
f 2759//1207 2792//1207 2839//1207
f 2818//1208 2819//1208 2840//1208
f 2820//1209 2841//1209 2819//1209
f 2762//1210 2822//1210 2821//1210
f 2822//1211 2823//1211 2843//1211
f 2797//1212 2825//1212 2845//1212
f 2826//1213 2827//1213 2845//1213
f 2798//1214 2847//1214 2846//1214
f 2798//1215 2799//1215 2848//1215
f 2800//1216 2850//1216 2849//1216
f 2801//1217 2852//1217 2851//1217
f 2729//1218 2828//1218 2801//1218
f 2804//1219 2829//1219 2803//1219
f 2806//1220 2868//1220 2805//1220
f 2781//1221 2782//1221 2809//1221
f 2811//1222 2786//1222 2853//1222
f 2786//1223 2836//1223 2854//1223
f 2836//1224 2813//1224 2855//1224
f 2838//1225 2789//1225 2856//1225
f 2789//1226 2814//1226 2856//1226
f 2791//1227 2839//1227 2815//1227
f 2793//1228 2818//1228 2840//1228
f 2841//1229 2821//1229 2842//1229
f 2843//1230 2824//1230 2860//1230
f 2844//1231 2861//1231 2860//1231
f 2844//1232 2862//1232 2861//1232
f 2845//1233 2863//1233 2862//1233
f 2845//1234 2827//1234 2863//1234
f 2846//1235 2864//1235 2863//1235
f 2774//1236 2865//1236 2773//1236
f 2894//1237 2803//1237 2895//1237
f 2829//1238 2866//1238 2895//1238
f 2807//1239 2869//1239 2868//1239
f 2807//1240 2870//1240 2869//1240
f 2831//1241 2808//1241 2871//1241
f 2808//1242 2832//1242 2872//1242
f 2832//1243 2809//1243 2873//1243
f 2811//1244 2853//1244 2876//1244
f 2853//1245 2786//1245 2854//1245
f 2837//1246 2838//1246 2877//1246
f 2814//1247 2815//1247 2879//1247
f 2839//1248 2880//1248 2815//1248
f 2839//1249 2881//1249 2880//1249
f 2816//1250 2882//1250 2881//1250
f 2841//1251 2884//1251 2858//1251
f 2841//1252 2842//1252 2884//1252
f 2843//1253 2859//1253 2885//1253
f 2859//1254 2860//1254 2886//1254
f 2861//1255 2887//1255 2886//1255
f 2862//1256 2863//1256 2888//1256
f 2863//1257 2889//1257 2888//1257
f 2848//1258 2890//1258 2847//1258
f 2849//1259 2891//1259 2890//1259
f 2849//1260 2850//1260 2892//1260
f 2870//1261 2831//1261 2871//1261
f 2833//1262 2896//1262 2874//1262
f 2833//1263 2875//1263 2896//1263
f 2813//1264 2837//1264 2898//1264
f 2837//1265 2877//1265 2898//1265
f 2838//1266 2856//1266 2899//1266
f 2856//1267 2878//1267 2900//1267
f 2879//1268 2815//1268 2901//1268
f 2817//1269 2903//1269 2902//1269
f 2817//1270 2857//1270 2903//1270
f 2857//1271 2840//1271 2883//1271
f 2858//1272 2884//1272 2904//1272
f 2885//1273 2905//1273 2904//1273
f 2885//1274 2859//1274 2906//1274
f 2859//1275 2886//1275 2907//1275
f 2886//1276 2908//1276 2907//1276
f 2886//1277 2887//1277 2908//1277
f 2887//1278 2861//1278 2909//1278
f 2861//1279 2888//1279 2910//1279
f 2889//1280 2911//1280 2910//1280
f 2889//1281 2864//1281 2912//1281
f 2864//1282 2847//1282 2913//1282
f 2890//1283 2891//1283 2914//1283
f 2891//1284 2892//1284 2914//1284
f 2892//1285 2851//1285 2915//1285
f 2852//1286 2916//1286 2915//1286
f 2852//1287 2828//1287 2916//1287
f 2773//1288 2893//1288 2916//1288
f 66//1289 7//1289 67//1289
f 8//1290 9//1290 68//1290
f 9//1291 10//1291 68//1291
f 69//1292 12//1292 70//1292
f 70//1293 13//1293 71//1293
f 14//1294 15//1294 71//1294
f 15//1295 16//1295 73//1295
f 16//1296 17//1296 73//1296
f 74//1297 19//1297 20//1297
f 22//1298 23//1298 76//1298
f 77//1299 23//1299 78//1299
f 25//1300 26//1300 78//1300
f 26//1301 27//1301 78//1301
f 27//1302 28//1302 79//1302
f 29//1303 30//1303 80//1303
f 30//1304 31//1304 81//1304
f 32//1305 33//1305 82//1305
f 33//1306 34//1306 83//1306
f 35//1307 36//1307 84//1307
f 84//1308 36//1308 85//1308
f 38//1309 39//1309 85//1309
f 86//1310 39//1310 40//1310
f 89//1311 44//1311 90//1311
f 90//1312 46//1312 47//1312
f 50//1313 51//1313 91//1313
f 95//1314 61//1314 62//1314
f 96//1315 62//1315 97//1315
f 66//1316 67//1316 99//1316
f 99//1317 67//1317 100//1317
f 68//1318 10//1318 101//1318
f 11//1319 12//1319 102//1319
f 103//1320 70//1320 72//1320
f 72//1321 73//1321 104//1321
f 73//1322 18//1322 105//1322
f 18//1323 74//1323 106//1323
f 20//1324 75//1324 74//1324
f 21//1325 76//1325 107//1325
f 77//1326 78//1326 108//1326
f 109//1327 80//1327 81//1327
f 110//1328 83//1328 111//1328
f 83//1329 34//1329 111//1329
f 112//1330 34//1330 113//1330
f 40//1331 87//1331 86//1331
f 88//1332 43//1332 114//1332
f 90//1333 47//1333 115//1333
f 115//1334 47//1334 116//1334
f 49//1335 50//1335 117//1335
f 118//1336 50//1336 91//1336
f 52//1337 53//1337 119//1337
f 53//1338 54//1338 119//1338
f 54//1339 55//1339 120//1339
f 92//1340 58//1340 121//1340
f 59//1341 94//1341 93//1341
f 122//1342 61//1342 95//1342
f 95//1343 62//1343 96//1343
f 99//1344 100//1344 101//1344
f 101//1345 10//1345 150//1345
f 10//1346 11//1346 102//1346
f 73//1347 105//1347 126//1347
f 127//1348 105//1348 128//1348
f 105//1349 106//1349 128//1349
f 129//1350 74//1350 130//1350
f 76//1351 77//1351 131//1351
f 77//1352 108//1352 131//1352
f 78//1353 79//1353 108//1353
f 79//1354 80//1354 132//1354
f 82//1355 83//1355 133//1355
f 113//1356 84//1356 135//1356
f 135//1357 85//1357 136//1357
f 136//1358 85//1358 137//1358
f 137//1359 86//1359 138//1359
f 138//1360 87//1360 139//1360
f 87//1361 88//1361 139//1361
f 139//1362 88//1362 114//1362
f 89//1363 90//1363 115//1363
f 141//1364 117//1364 142//1364
f 120//1365 57//1365 143//1365
f 147//1366 66//1366 148//1366
f 149//1367 101//1367 150//1367
f 72//1368 104//1368 154//1368
f 157//1369 106//1369 129//1369
f 130//1370 75//1370 159//1370
f 107//1371 131//1371 159//1371
f 131//1372 108//1372 160//1372
f 160//1373 108//1373 132//1373
f 110//1374 111//1374 164//1374
f 140//1375 89//1375 168//1375
f 168//1376 115//1376 116//1376
f 117//1377 118//1377 142//1377
f 121//1378 93//1378 172//1378
f 93//1379 94//1379 173//1379
f 94//1380 122//1380 174//1380
f 201//1381 95//1381 96//1381
f 178//1382 147//1382 148//1382
f 148//1383 99//1383 149//1383
f 150//1384 102//1384 151//1384
f 128//1385 157//1385 180//1385
f 129//1386 158//1386 181//1386
f 93//1387 173//1387 198//1387
f 199//1388 122//1388 200//1388
f 204//1389 178//1389 148//1389
f 172//1390 198//1390 219//1390
f 173//1391 174//1391 220//1391
f 204//1392 148//1392 223//1392
f 149//1393 151//1393 223//1393
f 210//1394 180//1394 227//1394
f 227//1395 211//1395 228//1395
f 181//1396 182//1396 228//1396
f 228//1397 182//1397 183//1397
f 197//1398 172//1398 247//1398
f 249//1399 200//1399 276//1399
f 276//1400 200//1400 221//1400
f 172//1401 248//1401 272//1401
f 198//1402 173//1402 273//1402
f 275//1403 199//1403 249//1403
f 252//1404 204//1404 280//1404
f 280//1405 204//1405 281//1405
f 281//1406 223//1406 253//1406
f 257//1407 227//1407 284//1407
f 227//1408 228//1408 284//1408
f 274//1409 275//1409 303//1409
f 303//1410 275//1410 304//1410
f 275//1411 249//1411 304//1411
f 308//1412 252//1412 280//1412
f 314//1413 256//1413 315//1413
f 257//1414 284//1414 315//1414
f 329//1415 272//1415 330//1415
f 331//1416 274//1416 332//1416
f 303//1417 304//1417 332//1417
f 332//1418 304//1418 333//1418
f 333//1419 304//1419 305//1419
f 308//1420 280//1420 337//1420
f 253//1421 309//1421 338//1421
f 344//1422 315//1422 345//1422
f 345//1423 284//1423 346//1423
f 280//1424 281//1424 368//1424
f 369//1425 281//1425 338//1425
f 372//1426 314//1426 373//1426
f 315//1427 344//1427 373//1427
f 345//1428 346//1428 375//1428
f 368//1429 369//1429 399//1429
f 400//1430 338//1430 401//1430
f 373//1431 344//1431 407//1431
f 344//1432 374//1432 444//1432
f 444//1433 374//1433 375//1433
f 399//1434 400//1434 463//1434
f 464//1435 400//1435 439//1435
f 407//1436 444//1436 471//1436
f 473//1437 375//1437 474//1437
f 375//1438 408//1438 474//1438
f 524//1439 464//1439 525//1439
f 471//1440 472//1440 530//1440
f 472//1441 473//1441 503//1441
f 530//1442 472//1442 559//1442
f 472//1443 503//1443 561//1443
f 503//1444 531//1444 561//1444
f 463//1445 555//1445 583//1445
f 555//1446 524//1446 585//1446
f 561//1447 562//1447 592//1447
f 559//1448 560//1448 615//1448
f 560//1449 591//1449 616//1449
f 641//1450 584//1450 614//1450
f 591//1451 592//1451 648//1451
f 673//1452 641//1452 674//1452
f 674//1453 614//1453 642//1453
f 616//1454 591//1454 677//1454
f 640//1455 641//1455 701//1455
f 641//1456 673//1456 701//1456
f 650//1457 679//1457 708//1457
f 651//1458 680//1458 709//1458
f 680//1459 653//1459 710//1459
f 712//1460 656//1460 682//1460
f 716//1461 664//1461 688//1461
f 717//1462 665//1462 690//1462
f 701//1463 673//1463 729//1463
f 677//1464 678//1464 735//1464
f 678//1465 649//1465 737//1465
f 649//1466 708//1466 737//1466
f 679//1467 709//1467 738//1467
f 709//1468 680//1468 739//1468
f 680//1469 710//1469 739//1469
f 740//1470 710//1470 741//1470
f 741//1471 653//1471 711//1471
f 681//1472 655//1472 742//1472
f 742//1473 655//1473 743//1473
f 743//1474 655//1474 744//1474
f 744//1475 712//1475 745//1475
f 745//1476 682//1476 746//1476
f 682//1477 713//1477 746//1477
f 683//1478 684//1478 749//1478
f 685//1479 686//1479 750//1479
f 687//1480 715//1480 751//1480
f 715//1481 663//1481 752//1481
f 663//1482 664//1482 716//1482
f 754//1483 717//1483 755//1483
f 769//1484 729//1484 770//1484
f 770//1485 729//1485 771//1485
f 708//1486 679//1486 775//1486
f 738//1487 739//1487 776//1487
f 741//1488 711//1488 779//1488
f 747//1489 713//1489 748//1489
f 783//1490 751//1490 752//1490
f 752//1491 716//1491 813//1491
f 784//1492 716//1492 785//1492
f 753//1493 754//1493 785//1493
f 728//1494 768//1494 799//1494
f 768//1495 769//1495 800//1495
f 769//1496 770//1496 801//1496
f 734//1497 735//1497 805//1497
f 735//1498 774//1498 806//1498
f 774//1499 736//1499 806//1499
f 736//1500 737//1500 806//1500
f 739//1501 740//1501 807//1501
f 807//1502 740//1502 779//1502
f 808//1503 780//1503 809//1503
f 711//1504 781//1504 809//1504
f 810//1505 746//1505 811//1505
f 746//1506 747//1506 811//1506
f 811//1507 747//1507 812//1507
f 748//1508 749//1508 812//1508
f 716//1509 784//1509 813//1509
f 785//1510 754//1510 814//1510
f 800//1511 769//1511 829//1511
f 770//1512 771//1512 830//1512
f 837//1513 806//1513 838//1513
f 838//1514 806//1514 839//1514
f 806//1515 737//1515 839//1515
f 737//1516 775//1516 840//1516
f 775//1517 738//1517 871//1517
f 841//1518 777//1518 778//1518
f 780//1519 808//1519 842//1519
f 808//1520 809//1520 843//1520
f 781//1521 743//1521 843//1521
f 743//1522 810//1522 843//1522
f 844//1523 810//1523 845//1523
f 846//1524 782//1524 847//1524
f 750//1525 751//1525 847//1525
f 751//1526 783//1526 847//1526
f 850//1527 784//1527 785//1527
f 850//1528 785//1528 851//1528
f 851//1529 785//1529 814//1529
f 800//1530 829//1530 799//1530
f 769//1531 801//1531 829//1531
f 862//1532 801//1532 830//1532
f 837//1533 838//1533 869//1533
f 840//1534 871//1534 870//1534
f 738//1535 841//1535 871//1535
f 778//1536 807//1536 872//1536
f 873//1537 807//1537 842//1537
f 874//1538 843//1538 900//1538
f 843//1539 844//1539 900//1539
f 875//1540 811//1540 876//1540
f 848//1541 813//1541 849//1541
f 886//1542 827//1542 859//1542
f 887//1543 797//1543 860//1543
f 829//1544 801//1544 888//1544
f 862//1545 830//1545 889//1545
f 838//1546 839//1546 892//1546
f 839//1547 840//1547 893//1547
f 840//1548 870//1548 893//1548
f 871//1549 841//1549 895//1549
f 841//1550 872//1550 896//1550
f 897//1551 842//1551 808//1551
f 808//1552 843//1552 898//1552
f 843//1553 874//1553 899//1553
f 847//1554 877//1554 901//1554
f 849//1555 850//1555 903//1555
f 850//1556 851//1556 903//1556
f 851//1557 814//1557 878//1557
f 879//1558 816//1558 904//1558
f 946//1559 859//1559 887//1559
f 799//1560 888//1560 914//1560
f 889//1561 830//1561 915//1561
f 868//1562 892//1562 921//1562
f 892//1563 893//1563 951//1563
f 870//1564 894//1564 923//1564
f 896//1565 872//1565 924//1565
f 925//1566 872//1566 842//1566
f 928//1567 877//1567 902//1567
f 929//1568 849//1568 930//1568
f 849//1569 903//1569 931//1569
f 932//1570 851//1570 878//1570
f 827//1571 886//1571 944//1571
f 945//1572 886//1572 946//1572
f 887//1573 860//1573 946//1573
f 860//1574 861//1574 947//1574
f 861//1575 914//1575 947//1575
f 975//1576 914//1576 948//1576
f 888//1577 889//1577 948//1577
f 951//1578 893//1578 952//1578
f 923//1579 894//1579 952//1579
f 894//1580 895//1580 953//1580
f 953//1581 895//1581 924//1581
f 925//1582 842//1582 954//1582
f 956//1583 875//1583 957//1583
f 875//1584 927//1584 957//1584
f 958//1585 927//1585 928//1585
f 960//1586 902//1586 929//1586
f 943//1587 885//1587 1030//1587
f 885//1588 944//1588 1030//1588
f 972//1589 944//1589 945//1589
f 976//1590 948//1590 977//1590
f 889//1591 915//1591 977//1591
f 863//1592 916//1592 915//1592
f 983//1593 922//1593 951//1593
f 951//1594 952//1594 984//1594
f 953//1595 924//1595 985//1595
f 985//1596 924//1596 986//1596
f 924//1597 954//1597 986//1597
f 987//1598 897//1598 955//1598
f 899//1599 926//1599 988//1599
f 926//1600 956//1600 989//1600
f 929//1601 930//1601 960//1601
f 931//1602 961//1602 990//1602
f 944//1603 972//1603 999//1603
f 972//1604 945//1604 973//1604
f 1000//1605 975//1605 976//1605
f 952//1606 953//1606 1003//1606
f 953//1607 985//1607 1004//1607
f 985//1608 986//1608 1005//1608
f 1006//1609 987//1609 1007//1609
f 987//1610 955//1610 1007//1610
f 1007//1611 955//1611 1008//1611
f 898//1612 988//1612 1008//1612
f 1011//1613 956//1613 1012//1613
f 1012//1614 956//1614 957//1614
f 1013//1615 958//1615 1014//1615
f 1014//1616 959//1616 1015//1616
f 1015//1617 959//1617 960//1617
f 1016//1618 960//1618 990//1618
f 1017//1619 990//1619 991//1619
f 932//1620 992//1620 1018//1620
f 999//1621 972//1621 1031//1621
f 972//1622 973//1622 1033//1622
f 1059//1623 973//1623 974//1623
f 974//1624 975//1624 1036//1624
f 1036//1625 975//1625 1000//1625
f 977//1626 915//1626 1037//1626
f 983//1627 984//1627 1042//1627
f 984//1628 1003//1628 1043//1628
f 1044//1629 1004//1629 1005//1629
f 986//1630 987//1630 1006//1630
f 1007//1631 1008//1631 1045//1631
f 1008//1632 1009//1632 1046//1632
f 1046//1633 988//1633 1010//1633
f 989//1634 956//1634 1047//1634
f 957//1635 1013//1635 1048//1635
f 991//1636 932//1636 1050//1636
f 932//1637 1018//1637 1050//1637
f 992//1638 1019//1638 1018//1638
f 1030//1639 999//1639 1031//1639
f 1061//1640 1037//1640 1062//1640
f 1043//1641 1003//1641 1067//1641
f 1067//1642 1003//1642 1044//1642
f 1044//1643 1005//1643 1068//1643
f 1069//1644 1005//1644 1070//1644
f 986//1645 1006//1645 1070//1645
f 1071//1646 1006//1646 1072//1646
f 1072//1647 1045//1647 1073//1647
f 1045//1648 1008//1648 1073//1648
f 1011//1649 1012//1649 1075//1649
f 1013//1650 1014//1650 1076//1650
f 1077//1651 990//1651 1017//1651
f 1085//1652 1029//1652 1086//1652
f 1031//1653 1032//1653 1087//1653
f 1088//1654 974//1654 1089//1654
f 974//1655 1036//1655 1089//1655
f 1000//1656 977//1656 1090//1656
f 977//1657 1060//1657 1091//1657
f 1095//1658 1042//1658 1066//1658
f 1071//1659 1072//1659 1098//1659
f 1012//1660 1048//1660 1101//1660
f 1048//1661 1013//1661 1102//1661
f 1102//1662 1013//1662 1076//1662
f 1014//1663 1015//1663 1103//1663
f 1015//1664 1016//1664 1103//1664
f 1103//1665 1016//1665 1104//1665
f 1016//1666 1049//1666 1104//1666
f 1104//1667 1049//1667 1077//1667
f 991//1668 1050//1668 1105//1668
f 1050//1669 1051//1669 1107//1669
f 1087//1670 1033//1670 1120//1670
f 1035//1671 1059//1671 1088//1671
f 1122//1672 1091//1672 1123//1672
f 1060//1673 1061//1673 1123//1673
f 1135//1674 1014//1674 1103//1674
f 1136//1675 1017//1675 1137//1675
f 1017//1676 1105//1676 1137//1676
f 1148//1677 1035//1677 1149//1677
f 1088//1678 1089//1678 1121//1678
f 1090//1679 1091//1679 1150//1679
f 1150//1680 1091//1680 1122//1680
f 1122//1681 1123//1681 1151//1681
f 1151//1682 1123//1682 1152//1682
f 1124//1683 1125//1683 1153//1683
f 1164//1684 1102//1684 1165//1684
f 1166//1685 1104//1685 1193//1685
f 1167//1686 1106//1686 1168//1686
f 1107//1687 1108//1687 1168//1687
f 1108//1688 1109//1688 1196//1688
f 1119//1689 1087//1689 1181//1689
f 1087//1690 1120//1690 1182//1690
f 1088//1691 1121//1691 1183//1691
f 1183//1692 1150//1692 1184//1692
f 1150//1693 1122//1693 1184//1693
f 1191//1694 1076//1694 1135//1694
f 1136//1695 1137//1695 1194//1695
f 1220//1696 1137//1696 1195//1696
f 1105//1697 1167//1697 1195//1697
f 1167//1698 1168//1698 1195//1698
f 1202//1699 1180//1699 1203//1699
f 1204//1700 1087//1700 1182//1700
f 1182//1701 1148//1701 1205//1701
f 1149//1702 1088//1702 1183//1702
f 1122//1703 1151//1703 1206//1703
f 1207//1704 1151//1704 1208//1704
f 1208//1705 1152//1705 1153//1705
f 1153//1706 1125//1706 1209//1706
f 1135//1707 1103//1707 1166//1707
f 1166//1708 1193//1708 1219//1708
f 1195//1709 1168//1709 1221//1709
f 1264//1710 1181//1710 1235//1710
f 1266//1711 1182//1711 1236//1711
f 1236//1712 1182//1712 1205//1712
f 1237//1713 1148//1713 1238//1713
f 1238//1714 1184//1714 1206//1714
f 1207//1715 1208//1715 1239//1715
f 1253//1716 1165//1716 1191//1716
f 1254//1717 1166//1717 1219//1717
f 1193//1718 1194//1718 1255//1718
f 1265//1719 1204//1719 1266//1719
f 1267//1720 1205//1720 1237//1720
f 1268//1721 1238//1721 1269//1721
f 1206//1722 1239//1722 1270//1722
f 1253//1723 1191//1723 1282//1723
f 1191//1724 1135//1724 1312//1724
f 1255//1725 1194//1725 1283//1725
f 1284//1726 1220//1726 1285//1726
f 1221//1727 1222//1727 1285//1727
f 1222//1728 1223//1728 1286//1728
f 1264//1729 1235//1729 1329//1729
f 1299//1730 1238//1730 1268//1730
f 1270//1731 1239//1731 1300//1731
f 1135//1732 1192//1732 1312//1732
f 1219//1733 1283//1733 1313//1733
f 1256//1734 1284//1734 1314//1734
f 1264//1735 1296//1735 1327//1735
f 1329//1736 1265//1736 1266//1736
f 1268//1737 1269//1737 1330//1737
f 1313//1738 1283//1738 1314//1738
f 1284//1739 1285//1739 1341//1739
f 1285//1740 1315//1740 1342//1740
f 1296//1741 1328//1741 1327//1741
f 1353//1742 1329//1742 1354//1742
f 1354//1743 1266//1743 1297//1743
f 1356//1744 1298//1744 1357//1744
f 1358//1745 1268//1745 1359//1745
f 1330//1746 1300//1746 1360//1746
f 1303//1747 1304//1747 1363//1747
f 1363//1748 1304//1748 1364//1748
f 1304//1749 1305//1749 1365//1749
f 1305//1750 1333//1750 1366//1750
f 1333//1751 1276//1751 1334//1751
f 1282//1752 1312//1752 1371//1752
f 1339//1753 1254//1753 1372//1753
f 1254//1754 1313//1754 1372//1754
f 1313//1755 1314//1755 1340//1755
f 1340//1756 1314//1756 1397//1756
f 1397//1757 1314//1757 1341//1757
f 1373//1758 1342//1758 1343//1758
f 1410//1759 1327//1759 1386//1759
f 1327//1760 1328//1760 1386//1760
f 1387//1761 1328//1761 1353//1761
f 1354//1762 1297//1762 1355//1762
f 1355//1763 1356//1763 1411//1763
f 1357//1764 1299//1764 1358//1764
f 1388//1765 1330//1765 1360//1765
f 1367//1766 1333//1766 1391//1766
f 1391//1767 1334//1767 1335//1767
f 1340//1768 1397//1768 1396//1768
f 1341//1769 1373//1769 1397//1769
f 1354//1770 1355//1770 1447//1770
f 1411//1771 1358//1771 1412//1771
f 1359//1772 1388//1772 1413//1772
f 1389//1773 1390//1773 1415//1773
f 1416//1774 1390//1774 1417//1774
f 1361//1775 1362//1775 1417//1775
f 1362//1776 1364//1776 1419//1776
f 1364//1777 1365//1777 1420//1777
f 1421//1778 1365//1778 1422//1778
f 1366//1779 1367//1779 1422//1779
f 1422//1780 1367//1780 1391//1780
f 1371//1781 1339//1781 1460//1781
f 1396//1782 1397//1782 1430//1782
f 1373//1783 1399//1783 1398//1783
f 1410//1784 1386//1784 1476//1784
f 1444//1785 1386//1785 1445//1785
f 1445//1786 1387//1786 1446//1786
f 1446//1787 1353//1787 1354//1787
f 1411//1788 1412//1788 1448//1788
f 1388//1789 1414//1789 1449//1789
f 1417//1790 1418//1790 1450//1790
f 1420//1791 1421//1791 1451//1791
f 1453//1792 1423//1792 1454//1792
f 1459//1793 1371//1793 1460//1793
f 1461//1794 1395//1794 1430//1794
f 1462//1795 1397//1795 1432//1795
f 1432//1796 1398//1796 1463//1796
f 1446//1797 1354//1797 1478//1797
f 1479//1798 1354//1798 1480//1798
f 1449//1799 1415//1799 1483//1799
f 1416//1800 1417//1800 1484//1800
f 1417//1801 1450//1801 1484//1801
f 1458//1802 1428//1802 1492//1802
f 1429//1803 1461//1803 1493//1803
f 1430//1804 1462//1804 1494//1804
f 1462//1805 1432//1805 1495//1805
f 1476//1806 1477//1806 1533//1806
f 1444//1807 1445//1807 1505//1807
f 1445//1808 1446//1808 1506//1808
f 1446//1809 1478//1809 1506//1809
f 1354//1810 1479//1810 1507//1810
f 1480//1811 1448//1811 1481//1811
f 1481//1812 1412//1812 1482//1812
f 1512//1813 1454//1813 1513//1813
f 1460//1814 1429//1814 1517//1814
f 1517//1815 1429//1815 1493//1815
f 1495//1816 1432//1816 1518//1816
f 1432//1817 1463//1817 1519//1817
f 1519//1818 1463//1818 1520//1818
f 1520//1819 1463//1819 1521//1819
f 1507//1820 1479//1820 1534//1820
f 1480//1821 1481//1821 1536//1821
f 1481//1822 1482//1822 1537//1822
f 1483//1823 1416//1823 1539//1823
f 1416//1824 1484//1824 1539//1824
f 1512//1825 1513//1825 1547//1825
f 1550//1826 1492//1826 1551//1826
f 1459//1827 1516//1827 1551//1827
f 1552//1828 1460//1828 1517//1828
f 1493//1829 1461//1829 1553//1829
f 1494//1830 1518//1830 1553//1830
f 1555//1831 1518//1831 1556//1831
f 1556//1832 1519//1832 1520//1832
f 1533//1833 1505//1833 1624//1833
f 1569//1834 1505//1834 1570//1834
f 1506//1835 1507//1835 1570//1835
f 1571//1836 1537//1836 1538//1836
f 1572//1837 1539//1837 1540//1837
f 1484//1838 1541//1838 1540//1838
f 1551//1839 1552//1839 1580//1839
f 1581//1840 1517//1840 1493//1840
f 1582//1841 1521//1841 1583//1841
f 1505//1842 1569//1842 1624//1842
f 1507//1843 1534//1843 1595//1843
f 1534//1844 1479//1844 1596//1844
f 1479//1845 1535//1845 1596//1845
f 1572//1846 1540//1846 1599//1846
f 1540//1847 1541//1847 1600//1847
f 1606//1848 1575//1848 1607//1848
f 1579//1849 1550//1849 1580//1849
f 1493//1850 1553//1850 1609//1850
f 1554//1851 1555//1851 1610//1851
f 1611//1852 1555//1852 1612//1852
f 1612//1853 1556//1853 1613//1853
f 1713//1854 1624//1854 1594//1854
f 1570//1855 1595//1855 1625//1855
f 1597//1856 1536//1856 1627//1856
f 1536//1857 1571//1857 1627//1857
f 1571//1858 1538//1858 1629//1858
f 1538//1859 1598//1859 1629//1859
f 1630//1860 1599//1860 1631//1860
f 1540//1861 1600//1861 1631//1861
f 1631//1862 1600//1862 1601//1862
f 1607//1863 1575//1863 1637//1863
f 1637//1864 1547//1864 1608//1864
f 1638//1865 1548//1865 1639//1865
f 1578//1866 1579//1866 1640//1866
f 1641//1867 1581//1867 1493//1867
f 1653//1868 1594//1868 1625//1868
f 1627//1869 1628//1869 1656//1869
f 1631//1870 1601//1870 1658//1870
f 1601//1871 1632//1871 1659//1871
f 1667//1872 1607//1872 1637//1872
f 1668//1873 1637//1873 1669//1873
f 1669//1874 1638//1874 1694//1874
f 1694//1875 1638//1875 1639//1875
f 1670//1876 1580//1876 1671//1876
f 1552//1877 1641//1877 1671//1877
f 1609//1878 1610//1878 1673//1878
f 1673//1879 1610//1879 1674//1879
f 1611//1880 1612//1880 1674//1880
f 1612//1881 1613//1881 1675//1881
f 1676//1882 1613//1882 1642//1882
f 1684//1883 1713//1883 1653//1883
f 1654//1884 1596//1884 1685//1884
f 1686//1885 1626//1885 1655//1885
f 1687//1886 1629//1886 1688//1886
f 1688//1887 1598//1887 1657//1887
f 1657//1888 1630//1888 1658//1888
f 1667//1889 1637//1889 1668//1889
f 1694//1890 1577//1890 1695//1890
f 1695//1891 1640//1891 1696//1891
f 1698//1892 1609//1892 1673//1892
f 1673//1893 1674//1893 1699//1893
f 1628//1894 1687//1894 1714//1894
f 1715//1895 1658//1895 1689//1895
f 1716//1896 1659//1896 1690//1896
f 1607//1897 1667//1897 1722//1897
f 1694//1898 1695//1898 1724//1898
f 1670//1899 1671//1899 1726//1899
f 1671//1900 1697//1900 1726//1900
f 1727//1901 1672//1901 1728//1901
f 1728//1902 1698//1902 1673//1902
f 1729//1903 1675//1903 1676//1903
f 1713//1904 1684//1904 1792//1904
f 1684//1905 1654//1905 1792//1905
f 1654//1906 1685//1906 1741//1906
f 1685//1907 1686//1907 1741//1907
f 1686//1908 1655//1908 1742//1908
f 1655//1909 1656//1909 1714//1909
f 1744//1910 1687//1910 1745//1910
f 1745//1911 1657//1911 1715//1911
f 1715//1912 1689//1912 1747//1912
f 1747//1913 1689//1913 1716//1913
f 1667//1914 1668//1914 1751//1914
f 1752//1915 1668//1915 1753//1915
f 1723//1916 1669//1916 1694//1916
f 1724//1917 1695//1917 1696//1917
f 1756//1918 1673//1918 1757//1918
f 1757//1919 1699//1919 1729//1919
f 1767//1920 1741//1920 1768//1920
f 1768//1921 1742//1921 1743//1921
f 1714//1922 1744//1922 1769//1922
f 1715//1923 1746//1923 1745//1923
f 1748//1924 1690//1924 1771//1924
f 1722//1925 1751//1925 1776//1925
f 1778//1926 1694//1926 1754//1926
f 1726//1927 1755//1927 1780//1927
f 1697//1928 1727//1928 1755//1928
f 1781//1929 1728//1929 1756//1929
f 1782//1930 1756//1930 1757//1930
f 1711//1931 1737//1931 1765//1931
f 1793//1932 1739//1932 1767//1932
f 1768//1933 1743//1933 1794//1933
f 1743//1934 1714//1934 1796//1934
f 1714//1935 1769//1935 1796//1935
f 1798//1936 1745//1936 1831//1936
f 1831//1937 1746//1937 1799//1937
f 1799//1938 1747//1938 1800//1938
f 1800//1939 1716//1939 1771//1939
f 1752//1940 1753//1940 1806//1940
f 1753//1941 1777//1941 1807//1941
f 1777//1942 1723//1942 1778//1942
f 1725//1943 1726//1943 1809//1943
f 1839//1944 1726//1944 1780//1944
f 1727//1945 1781//1945 1810//1945
f 1792//1946 1793//1946 1877//1946
f 1796//1947 1769//1947 1828//1947
f 1797//1948 1770//1948 1829//1948
f 1770//1949 1798//1949 1830//1949
f 1799//1950 1800//1950 1832//1950
f 1837//1951 1776//1951 1806//1951
f 1779//1952 1696//1952 1838//1952
f 1839//1953 1780//1953 1840//1953
f 1780//1954 1755//1954 1841//1954
f 1841//1955 1755//1955 1842//1955
f 1810//1956 1781//1956 1843//1956
f 1843//1957 1781//1957 1844//1957
f 1844//1958 1756//1958 1782//1958
f 1845//1959 1757//1959 1811//1959
f 1811//1960 1783//1960 1812//1960
f 1793//1961 1825//1961 1854//1961
f 1825//1962 1826//1962 1855//1962
f 1856//1963 1794//1963 1827//1963
f 1796//1964 1828//1964 1857//1964
f 1865//1965 1807//1965 1866//1965
f 1777//1966 1778//1966 1866//1966
f 1696//1967 1809//1967 1867//1967
f 1755//1968 1810//1968 1842//1968
f 1825//1969 1855//1969 1879//1969
f 1880//1970 1826//1970 1881//1970
f 1826//1971 1856//1971 1881//1971
f 1857//1972 1828//1972 1858//1972
f 1858//1973 1829//1973 1883//1973
f 1829//1974 1830//1974 1883//1974
f 1830//1975 1798//1975 1884//1975
f 1885//1976 1798//1976 1886//1976
f 1868//1977 1810//1977 1895//1977
f 1843//1978 1844//1978 1895//1978
f 1844//1979 1782//1979 1896//1979
f 1845//1980 1811//1980 1897//1980
f 1898//1981 1846//1981 1899//1981
f 1869//1982 1847//1982 1870//1982
f 1901//1983 1874//1983 1848//1983
f 1877//1984 1854//1984 1907//1984
f 1879//1985 1855//1985 1880//1985
f 1880//1986 1881//1986 1908//1986
f 1908//1987 1856//1987 1937//1987
f 1937//1988 1827//1988 1882//1988
f 1882//1989 1857//1989 1909//1989
f 1920//1990 1865//1990 1866//1990
f 1868//1991 1895//1991 1923//1991
f 1924//1992 1895//1992 1925//1992
f 1844//1993 1896//1993 1925//1993
f 1926//1994 1897//1994 1898//1994
f 1870//1995 1871//1995 1869//1995
f 1928//1996 1871//1996 1929//1996
f 1900//1997 1872//1997 1901//1997
f 1848//1998 1902//1998 1930//1998
f 1902//1999 1849//1999 1903//1999
f 1852//2000 1905//2000 1931//2000
f 1905//2001 1876//2001 1932//2001
f 1876//2002 1906//2002 1932//2002
f 1907//2003 1854//2003 1878//2003
f 1934//2004 1879//2004 1935//2004
f 1935//2005 1880//2005 1936//2005
f 1880//2006 1908//2006 1936//2006
f 1937//2007 1882//2007 1938//2007
f 1883//2008 1884//2008 1939//2008
f 1884//2009 1885//2009 1910//2009
f 1911//2010 1886//2010 1940//2010
f 1912//2011 1913//2011 1940//2011
f 1941//2012 1914//2012 1887//2012
f 1916//2013 1917//2013 1944//2013
f 1892//2014 1919//2014 1945//2014
f 1946//2015 1864//2015 1920//2015
f 1920//2016 1866//2016 1946//2016
f 1947//2017 1893//2017 1921//2017
f 1921//2018 1838//2018 1948//2018
f 1948//2019 1838//2019 1867//2019
f 1949//2020 1809//2020 1894//2020
f 1951//2021 1842//2021 1952//2021
f 1953//2022 1896//2022 1926//2022
f 1926//2023 1898//2023 1954//2023
f 1927//2024 1869//2024 1928//2024
f 1956//2025 1900//2025 1957//2025
f 1957//2026 1901//2026 1958//2026
f 1958//2027 1901//2027 1959//2027
f 1930//2028 1902//2028 1960//2028
f 1960//2029 1902//2029 1961//2029
f 1903//2030 1904//2030 1961//2030
f 1904//2031 1931//2031 1961//2031
f 1964//2032 1907//2032 1965//2032
f 1907//2033 1878//2033 1965//2033
f 1878//2034 1934//2034 1965//2034
f 1966//2035 1908//2035 1997//2035
f 1938//2036 1909//2036 1939//2036
f 1939//2037 1910//2037 1967//2037
f 1910//2038 1911//2038 1968//2038
f 1968//2039 1911//2039 1969//2039
f 1911//2040 1940//2040 1969//2040
f 1969//2041 1940//2041 1970//2041
f 1913//2042 1914//2042 1970//2042
f 1970//2043 1914//2043 1941//2043
f 1916//2044 1944//2044 1972//2044
f 1917//2045 1918//2045 1973//2045
f 1918//2046 1892//2046 1973//2046
f 1945//2047 1919//2047 1974//2047
f 1975//2048 1919//2048 1946//2048
f 1946//2049 1893//2049 1976//2049
f 1948//2050 1867//2050 1949//2050
f 1949//2051 1894//2051 1978//2051
f 1978//2052 1922//2052 1950//2052
f 1922//2053 1842//2053 1979//2053
f 1979//2054 1842//2054 1951//2054
f 1980//2055 1923//2055 1981//2055
f 1924//2056 1925//2056 1982//2056
f 1925//2057 1953//2057 1982//2057
f 1953//2058 1926//2058 1982//2058
f 1984//2059 1954//2059 1985//2059
f 1898//2060 1927//2060 1985//2060
f 1927//2061 1955//2061 1985//2061
f 1927//2062 1928//2062 1986//2062
f 1928//2063 1929//2063 1986//2063
f 1929//2064 1956//2064 1987//2064
f 1988//2065 1956//2065 1989//2065
f 1989//2066 1957//2066 1958//2066
f 1958//2067 1959//2067 1990//2067
f 1960//2068 1961//2068 1991//2068
f 1932//2069 1963//2069 1993//2069
f 1995//2070 1935//2070 1996//2070
f 1996//2071 1936//2071 1966//2071
f 1997//2072 1937//2072 1938//2072
f 1910//2073 1968//2073 1998//2073
f 1998//2074 1968//2074 1999//2074
f 1968//2075 1969//2075 1999//2075
f 2000//2076 1970//2076 1941//2076
f 2001//2077 1915//2077 2031//2077
f 2031//2078 1942//2078 1971//2078
f 2002//2079 1943//2079 1972//2079
f 2003//2080 1945//2080 1974//2080
f 2005//2081 1921//2081 1948//2081
f 2006//2082 1949//2082 2007//2082
f 1979//2083 1951//2083 2008//2083
f 1982//2084 1983//2084 2009//2084
f 1984//2085 1985//2085 2010//2085
f 1985//2086 1955//2086 2011//2086
f 1988//2087 1989//2087 2012//2087
f 2013//2088 1958//2088 1990//2088
f 1990//2089 1991//2089 2014//2089
f 2014//2090 1991//2090 2015//2090
f 1961//2091 1962//2091 2015//2091
f 1964//2092 1965//2092 2017//2092
f 2018//2093 1965//2093 2019//2093
f 2019//2094 1934//2094 1995//2094
f 2020//2095 1996//2095 2021//2095
f 2021//2096 1966//2096 2022//2096
f 2022//2097 1966//2097 2023//2097
f 2023//2098 1997//2098 2024//2098
f 1938//2099 1967//2099 2024//2099
f 1998//2100 1999//2100 2025//2100
f 2026//2101 1969//2101 2027//2101
f 2028//2102 2000//2102 2029//2102
f 1941//2103 2001//2103 2029//2103
f 2031//2104 1971//2104 2002//2104
f 2032//2105 2003//2105 2033//2105
f 2033//2106 1975//2106 2004//2106
f 1976//2107 1977//2107 2034//2107
f 2007//2108 1949//2108 1978//2108
f 1952//2109 1980//2109 2036//2109
f 2036//2110 1980//2110 2037//2110
f 1981//2111 1982//2111 2037//2111
f 1984//2112 2010//2112 2038//2112
f 2011//2113 1955//2113 2039//2113
f 1955//2114 1986//2114 2040//2114
f 1986//2115 1987//2115 2040//2115
f 2041//2116 2012//2116 2042//2116
f 2013//2117 1990//2117 2043//2117
f 2044//2118 1990//2118 2045//2118
f 2045//2119 2014//2119 2046//2119
f 2014//2120 2015//2120 2046//2120
f 1992//2121 1993//2121 2047//2121
f 1993//2122 2016//2122 2048//2122
f 2050//2123 2018//2123 2019//2123
f 2019//2124 1995//2124 2020//2124
f 2051//2125 2021//2125 2052//2125
f 2052//2126 2022//2126 2053//2126
f 2055//2127 2025//2127 2056//2127
f 1999//2128 2026//2128 2056//2128
f 2057//2129 2001//2129 2058//2129
f 2031//2130 2002//2130 2059//2130
f 2059//2131 1972//2131 2060//2131
f 2060//2132 1973//2132 2061//2132
f 2003//2133 2032//2133 2061//2133
f 2032//2134 2033//2134 2062//2134
f 2033//2135 2004//2135 2063//2135
f 2004//2136 2034//2136 2064//2136
f 1977//2137 1947//2137 2065//2137
f 2005//2138 1948//2138 2006//2138
f 2035//2139 1950//2139 2066//2139
f 1950//2140 1979//2140 2066//2140
f 2066//2141 1979//2141 2008//2141
f 1951//2142 2036//2142 2067//2142
f 2036//2143 2037//2143 2067//2143
f 2009//2144 1984//2144 2068//2144
f 1984//2145 2038//2145 2068//2145
f 2038//2146 2039//2146 2069//2146
f 2039//2147 2040//2147 2071//2147
f 2040//2148 1987//2148 2072//2148
f 1987//2149 2012//2149 2072//2149
f 2041//2150 2042//2150 2074//2150
f 2075//2151 2042//2151 2076//2151
f 2076//2152 2042//2152 2043//2152
f 2046//2153 2015//2153 2077//2153
f 2015//2154 2047//2154 2077//2154
f 2078//2155 2047//2155 2079//2155
f 2047//2156 2048//2156 2079//2156
f 2017//2157 2018//2157 2049//2157
f 2081//2158 2049//2158 2050//2158
f 2050//2159 2019//2159 2082//2159
f 2082//2160 2019//2160 2083//2160
f 2083//2161 2051//2161 2084//2161
f 2051//2162 2052//2162 2084//2162
f 2084//2163 2052//2163 2053//2163
f 2085//2164 2024//2164 2086//2164
f 2024//2165 1998//2165 2086//2165
f 1998//2166 2025//2166 2087//2166
f 2087//2167 2025//2167 2054//2167
f 2026//2168 2027//2168 2088//2168
f 2027//2169 2028//2169 2088//2169
f 2089//2170 2029//2170 2090//2170
f 2029//2171 2030//2171 2090//2171
f 2090//2172 2030//2172 2057//2172
f 2058//2173 2031//2173 2059//2173
f 2064//2174 2034//2174 2092//2174
f 2034//2175 1977//2175 2093//2175
f 1947//2176 2005//2176 2095//2176
f 2124//2177 1978//2177 2035//2177
f 2066//2178 2008//2178 1951//2178
f 2067//2179 2037//2179 2097//2179
f 2037//2180 2009//2180 2098//2180
f 2009//2181 2068//2181 2098//2181
f 2099//2182 2043//2182 2100//2182
f 2044//2183 2045//2183 2100//2183
f 2100//2184 2045//2184 2101//2184
f 2046//2185 2077//2185 2101//2185
f 2102//2186 2077//2186 2078//2186
f 2079//2187 2080//2187 2104//2187
f 2230//2188 2017//2188 2049//2188
f 2105//2189 2050//2189 2082//2189
f 2083//2190 2084//2190 2107//2190
f 2054//2191 2055//2191 2110//2191
f 2055//2192 2056//2192 2110//2192
f 2111//2193 2056//2193 2112//2193
f 2056//2194 2088//2194 2112//2194
f 2112//2195 2088//2195 2028//2195
f 2113//2196 2057//2196 2114//2196
f 2114//2197 2058//2197 2115//2197
f 2115//2198 2058//2198 2059//2198
f 2116//2199 2060//2199 2117//2199
f 2117//2200 2061//2200 2118//2200
f 2121//2201 2065//2201 2094//2201
f 2095//2202 2006//2202 2122//2202
f 2123//2203 2007//2203 2124//2203
f 2124//2204 2035//2204 2148//2204
f 2035//2205 2066//2205 2148//2205
f 2125//2206 1951//2206 2096//2206
f 2098//2207 2068//2207 2127//2207
f 2068//2208 2069//2208 2128//2208
f 2069//2209 2070//2209 2129//2209
f 2070//2210 2071//2210 2131//2210
f 2071//2211 2072//2211 2131//2211
f 2072//2212 2073//2212 2132//2212
f 2132//2213 2073//2213 2133//2213
f 2074//2214 2075//2214 2133//2214
f 2075//2215 2076//2215 2134//2215
f 2100//2216 2101//2216 2135//2216
f 2102//2217 2078//2217 2136//2217
f 2078//2218 2103//2218 2137//2218
f 2140//2219 2049//2219 2081//2219
f 2084//2220 2109//2220 2108//2220
f 2109//2221 2085//2221 2142//2221
f 2086//2222 2087//2222 2142//2222
f 2087//2223 2054//2223 2143//2223
f 2054//2224 2110//2224 2143//2224
f 2112//2225 2028//2225 2144//2225
f 2028//2226 2089//2226 2144//2226
f 2089//2227 2090//2227 2113//2227
f 2115//2228 2059//2228 2145//2228
f 2145//2229 2116//2229 2117//2229
f 2118//2230 2062//2230 2091//2230
f 2148//2231 2066//2231 2125//2231
f 2126//2232 2127//2232 2149//2232
f 2127//2233 2128//2233 2150//2233
f 2105//2234 2082//2234 2160//2234
f 2160//2235 2107//2235 2161//2235
f 2162//2236 2108//2236 2163//2236
f 2109//2237 2142//2237 2163//2237
f 2164//2238 2142//2238 2143//2238
f 2143//2239 2110//2239 2165//2239
f 2165//2240 2110//2240 2166//2240
f 2144//2241 2089//2241 2167//2241
f 2169//2242 2089//2242 2170//2242
f 2170//2243 2089//2243 2171//2243
f 2172//2244 2114//2244 2173//2244
f 2173//2245 2115//2245 2174//2245
f 2175//2246 2117//2246 2176//2246
f 2176//2247 2117//2247 2118//2247
f 2177//2248 2119//2248 2178//2248
f 2178//2249 2119//2249 2179//2249
f 2093//2250 2120//2250 2179//2250
f 2179//2251 2120//2251 2180//2251
f 2180//2252 2121//2252 2181//2252
f 2121//2253 2094//2253 2181//2253
f 2181//2254 2094//2254 2146//2254
f 2184//2255 2125//2255 2185//2255
f 2096//2256 2097//2256 2185//2256
f 2140//2257 2081//2257 2196//2257
f 2081//2258 2141//2258 2196//2258
f 2141//2259 2105//2259 2197//2259
f 2198//2260 2105//2260 2199//2260
f 2160//2261 2161//2261 2200//2261
f 2202//2262 2144//2262 2167//2262
f 2203//2263 2168//2263 2169//2263
f 2206//2264 2172//2264 2207//2264
f 2172//2265 2173//2265 2207//2265
f 2208//2266 2173//2266 2209//2266
f 2210//2267 2118//2267 2177//2267
f 2180//2268 2181//2268 2211//2268
f 2212//2269 2181//2269 2213//2269
f 2215//2270 2124//2270 2216//2270
f 2198//2271 2199//2271 2232//2271
f 2233//2272 2200//2272 2234//2272
f 2234//2273 2200//2273 2161//2273
f 2235//2274 2162//2274 2201//2274
f 2236//2275 2163//2275 2164//2275
f 2237//2276 2143//2276 2238//2276
f 2238//2277 2165//2277 2239//2277
f 2239//2278 2165//2278 2166//2278
f 2166//2279 2111//2279 2202//2279
f 2203//2280 2169//2280 2240//2280
f 2171//2281 2206//2281 2241//2281
f 2208//2282 2209//2282 2242//2282
f 2209//2283 2174//2283 2243//2283
f 2243//2284 2175//2284 2244//2284
f 2175//2285 2176//2285 2244//2285
f 2244//2286 2176//2286 2245//2286
f 2178//2287 2179//2287 2247//2287
f 2248//2288 2179//2288 2249//2288
f 2212//2289 2213//2289 2250//2289
f 2238//2290 2239//2290 2237//2290
f 2240//2291 2169//2291 2204//2291
f 2206//2292 2207//2292 2273//2292
f 2249//2293 2211//2293 2277//2293
f 2517//2294 2481//2294 2518//2294
f 2518//2295 2481//2295 2519//2295
f 2480//2296 2443//2296 2543//2296
f 2443//2297 2517//2297 2543//2297
f 2543//2298 2517//2298 2568//2298
f 2543//2299 2568//2299 2585//2299
f 2589//2300 2546//2300 2590//2300
f 2601//2301 2575//2301 2602//2301
f 2575//2302 2576//2302 2603//2302
f 2585//2303 2568//2303 2586//2303
f 2568//2304 2587//2304 2586//2304
f 2587//2305 2569//2305 2588//2305
f 2590//2306 2548//2306 2591//2306
f 2571//2307 2572//2307 2594//2307
f 2595//2308 2596//2308 2615//2308
f 2574//2309 2600//2309 2618//2309
f 2620//2310 2601//2310 2602//2310
f 2602//2311 2575//2311 2622//2311
f 2603//2312 2604//2312 2622//2312
f 2626//2313 2578//2313 2627//2313
f 2627//2314 2578//2314 2628//2314
f 2628//2315 2579//2315 2629//2315
f 2629//2316 2579//2316 2630//2316
f 2630//2317 2558//2317 2631//2317
f 2559//2318 2605//2318 2632//2318
f 2634//2319 2605//2319 2635//2319
f 2635//2320 2580//2320 2606//2320
f 2639//2321 2586//2321 2613//2321
f 2640//2322 2613//2322 2641//2322
f 2641//2323 2587//2323 2642//2323
f 2642//2324 2588//2324 2643//2324
f 2643//2325 2588//2325 2644//2325
f 2645//2326 2591//2326 2646//2326
f 2591//2327 2592//2327 2646//2327
f 2593//2328 2614//2328 2648//2328
f 2614//2329 2571//2329 2649//2329
f 2571//2330 2594//2330 2649//2330
f 2707//2331 2615//2331 2652//2331
f 2597//2332 2616//2332 2653//2332
f 2599//2333 2574//2333 2654//2333
f 2655//2334 2619//2334 2620//2334
f 2602//2335 2622//2335 2621//2335
f 2656//2336 2626//2336 2657//2336
f 2626//2337 2627//2337 2657//2337
f 2585//2338 2639//2338 2664//2338
f 2668//2339 2590//2339 2669//2339
f 2669//2340 2645//2340 2670//2340
f 2670//2341 2645//2341 2671//2341
f 2646//2342 2647//2342 2672//2342
f 2653//2343 2616//2343 2673//2343
f 2673//2344 2617//2344 2654//2344
f 2674//2345 2654//2345 2618//2345
f 2618//2346 2600//2346 2674//2346
f 2675//2347 2600//2347 2655//2347
f 2655//2348 2620//2348 2676//2348
f 2620//2349 2621//2349 2677//2349
f 2622//2350 2623//2350 2621//2350
f 2713//2351 2623//2351 2678//2351
f 2678//2352 2624//2352 2679//2352
f 2624//2353 2625//2353 2679//2353
f 2625//2354 2656//2354 2679//2354
f 2680//2355 2657//2355 2681//2355
f 2628//2356 2629//2356 2681//2356
f 2633//2357 2634//2357 2685//2357
f 2685//2358 2634//2358 2686//2358
f 2635//2359 2606//2359 2687//2359
f 2741//2360 2639//2360 2695//2360
f 2613//2361 2640//2361 2695//2361
f 2696//2362 2640//2362 2641//2362
f 2697//2363 2643//2363 2698//2363
f 2666//2364 2644//2364 2699//2364
f 2700//2365 2667//2365 2701//2365
f 2701//2366 2589//2366 2668//2366
f 2647//2367 2648//2367 2704//2367
f 2704//2368 2649//2368 2705//2368
f 2649//2369 2650//2369 2705//2369
f 2650//2370 2651//2370 2706//2370
f 2710//2371 2654//2371 2674//2371
f 2676//2372 2620//2372 2711//2372
f 2677//2373 2621//2373 2712//2373
f 2712//2374 2623//2374 2713//2374
f 2656//2375 2657//2375 2714//2375
f 2737//2376 2681//2376 2682//2376
f 2630//2377 2631//2377 2683//2377
f 2631//2378 2684//2378 2683//2378
f 2715//2379 2633//2379 2685//2379
f 2641//2380 2665//2380 2721//2380
f 2722//2381 2642//2381 2723//2381
f 2666//2382 2699//2382 2700//2382
f 2724//2383 2668//2383 2744//2383
f 2744//2384 2669//2384 2725//2384
f 2725//2385 2670//2385 2726//2385
f 2671//2386 2702//2386 2726//2386
f 2702//2387 2672//2387 2703//2387
f 2704//2388 2705//2388 2728//2388
f 2730//2389 2706//2389 2731//2389
f 2802//2390 2707//2390 2708//2390
f 2709//2391 2673//2391 2732//2391
f 2732//2392 2673//2392 2710//2392
f 2675//2393 2655//2393 2733//2393
f 2733//2394 2655//2394 2748//2394
f 2677//2395 2712//2395 2734//2395
f 2678//2396 2679//2396 2736//2396
f 2736//2397 2679//2397 2714//2397
f 2714//2398 2680//2398 2681//2398
f 2755//2399 2684//2399 2715//2399
f 2695//2400 2696//2400 2741//2400
f 2696//2401 2721//2401 2742//2401
f 2723//2402 2697//2402 2698//2402
f 2666//2403 2700//2403 2698//2403
f 2701//2404 2724//2404 2743//2404
f 2725//2405 2726//2405 2744//2405
f 2653//2406 2709//2406 2708//2406
f 2776//2407 2709//2407 2746//2407
f 2710//2408 2674//2408 2747//2408
f 2674//2409 2675//2409 2747//2409
f 2748//2410 2676//2410 2749//2410
f 2749//2411 2676//2411 2750//2411
f 2750//2412 2711//2412 2734//2412
f 2751//2413 2714//2413 2752//2413
f 2683//2414 2684//2414 2754//2414
f 2788//2415 2685//2415 2686//2415
f 2721//2416 2722//2416 2761//2416
f 2722//2417 2723//2417 2762//2417
f 2764//2418 2723//2418 2765//2418
f 2698//2419 2700//2419 2765//2419
f 2766//2420 2700//2420 2767//2420
f 2743//2421 2724//2421 2768//2421
f 2768//2422 2744//2422 2769//2422
f 2769//2423 2744//2423 2770//2423
f 2745//2424 2727//2424 2771//2424
f 2771//2425 2727//2425 2772//2425
f 2703//2426 2728//2426 2729//2426
f 2730//2427 2731//2427 2774//2427
f 2708//2428 2776//2428 2775//2428
f 2746//2429 2732//2429 2777//2429
f 2777//2430 2732//2430 2747//2430
f 2747//2431 2675//2431 2778//2431
f 2675//2432 2733//2432 2778//2432
f 2733//2433 2748//2433 2778//2433
f 2779//2434 2748//2434 2749//2434
f 2734//2435 2735//2435 2780//2435
f 2735//2436 2713//2436 2781//2436
f 2782//2437 2713//2437 2736//2437
f 2783//2438 2751//2438 2784//2438
f 2751//2439 2752//2439 2784//2439
f 2786//2440 2684//2440 2755//2440
f 2787//2441 2685//2441 2788//2441
f 2720//2442 2741//2442 2793//2442
f 2742//2443 2761//2443 2794//2443
f 2795//2444 2761//2444 2762//2444
f 2796//2445 2765//2445 2766//2445
f 2767//2446 2743//2446 2768//2446
f 2769//2447 2770//2447 2798//2447
f 2800//2448 2772//2448 2801//2448
f 2703//2449 2729//2449 2801//2449
f 2729//2450 2730//2450 2773//2450
f 2803//2451 2775//2451 2804//2451
f 2805//2452 2747//2452 2806//2452
f 2806//2453 2747//2453 2807//2453
f 2779//2454 2749//2454 2808//2454
f 2749//2455 2750//2455 2808//2455
f 2750//2456 2780//2456 2832//2456
f 2809//2457 2780//2457 2781//2457
f 2810//2458 2736//2458 2783//2458
f 2737//2459 2754//2459 2811//2459
f 2836//2460 2755//2460 2812//2460
f 2715//2461 2756//2461 2812//2461
f 2813//2462 2756//2462 2787//2462
f 2789//2463 2738//2463 2814//2463
f 2720//2464 2793//2464 2817//2464
f 2741//2465 2742//2465 2818//2465
f 2742//2466 2794//2466 2819//2466
f 2795//2467 2762//2467 2821//2467
f 2763//2468 2764//2468 2822//2468
f 2765//2469 2796//2469 2823//2469
f 2796//2470 2766//2470 2824//2470
f 2824//2471 2766//2471 2797//2471
f 2825//2472 2767//2472 2826//2472
f 2768//2473 2769//2473 2826//2473
f 2769//2474 2798//2474 2827//2474
f 2729//2475 2773//2475 2828//2475
f 2802//2476 2803//2476 2894//2476
f 2829//2477 2777//2477 2830//2477
f 2778//2478 2779//2478 2831//2478
f 2780//2479 2809//2479 2832//2479
f 2782//2480 2810//2480 2833//2480
f 2784//2481 2752//2481 2834//2481
f 2876//2482 2752//2482 2835//2482
f 2835//2483 2785//2483 2811//2483
f 2787//2484 2788//2484 2837//2484
f 2837//2485 2788//2485 2838//2485
f 2788//2486 2789//2486 2838//2486
f 2820//2487 2794//2487 2841//2487
f 2841//2488 2794//2488 2821//2488
f 2842//2489 2822//2489 2843//2489
f 2823//2490 2824//2490 2843//2490
f 2824//2491 2797//2491 2844//2491
f 2844//2492 2797//2492 2845//2492
f 2825//2493 2826//2493 2845//2493
f 2827//2494 2798//2494 2846//2494
f 2847//2495 2798//2495 2848//2495
f 2848//2496 2799//2496 2849//2496
f 2799//2497 2800//2497 2849//2497
f 2850//2498 2800//2498 2851//2498
f 2800//2499 2801//2499 2851//2499
f 2806//2500 2807//2500 2868//2500
f 2831//2501 2779//2501 2808//2501
f 2783//2502 2834//2502 2810//2502
f 2854//2503 2836//2503 2855//2503
f 2813//2504 2787//2504 2837//2504
f 2760//2505 2817//2505 2816//2505
f 2817//2506 2793//2506 2857//2506
f 2857//2507 2793//2507 2840//2507
f 2858//2508 2819//2508 2841//2508
f 2821//2509 2822//2509 2842//2509
f 2859//2510 2843//2510 2860//2510
f 2824//2511 2844//2511 2860//2511
f 2844//2512 2845//2512 2862//2512
f 2827//2513 2846//2513 2863//2513
f 2864//2514 2846//2514 2847//2514
f 2801//2515 2828//2515 2852//2515
f 2803//2516 2829//2516 2895//2516
f 2829//2517 2830//2517 2866//2517
f 2830//2518 2805//2518 2867//2518
f 2871//2519 2808//2519 2872//2519
f 2872//2520 2832//2520 2873//2520
f 2873//2521 2809//2521 2874//2521
f 2874//2522 2809//2522 2782//2522
f 2833//2523 2810//2523 2875//2523
f 2810//2524 2834//2524 2875//2524
f 2875//2525 2834//2525 2876//2525
f 2835//2526 2811//2526 2876//2526
f 2897//2527 2855//2527 2813//2527
f 2878//2528 2856//2528 2814//2528
f 2839//2529 2792//2529 2881//2529
f 2792//2530 2816//2530 2881//2530
f 2816//2531 2817//2531 2882//2531
f 2840//2532 2819//2532 2883//2532
f 2883//2533 2819//2533 2858//2533
f 2884//2534 2842//2534 2885//2534
f 2842//2535 2843//2535 2885//2535
f 2860//2536 2861//2536 2886//2536
f 2861//2537 2862//2537 2888//2537
f 2889//2538 2863//2538 2864//2538
f 2848//2539 2849//2539 2890//2539
f 2891//2540 2849//2540 2892//2540
f 2850//2541 2851//2541 2892//2541
f 2773//2542 2865//2542 2893//2542
f 2866//2543 2830//2543 2867//2543
f 2805//2544 2868//2544 2867//2544
f 2867//2545 2868//2545 2869//2545
f 2782//2546 2833//2546 2874//2546
f 2875//2547 2876//2547 2896//2547
f 2854//2548 2855//2548 2897//2548
f 2897//2549 2813//2549 2898//2549
f 2877//2550 2838//2550 2899//2550
f 2899//2551 2856//2551 2900//2551
f 2878//2552 2814//2552 2879//2552
f 2815//2553 2880//2553 2901//2553
f 2882//2554 2817//2554 2902//2554
f 2883//2555 2858//2555 2904//2555
f 2884//2556 2885//2556 2904//2556
f 2905//2557 2885//2557 2906//2557
f 2906//2558 2859//2558 2907//2558
f 2908//2559 2887//2559 2909//2559
f 2909//2560 2861//2560 2910//2560
f 2888//2561 2889//2561 2910//2561
f 2911//2562 2889//2562 2912//2562
f 2912//2563 2864//2563 2913//2563
f 2913//2564 2847//2564 2890//2564
f 2914//2565 2892//2565 2915//2565
f 2851//2566 2852//2566 2915//2566
f 2828//2567 2773//2567 2916//2567
usemtl white
f 1//2568 64//2568 123//2568
f 64//2569 2//2569 124//2569
f 124//2570 2//2570 176//2570
f 64//2571 124//2571 175//2571
f 145//2572 64//2572 175//2572
f 175//2573 124//2573 222//2573
f 206//2574 153//2574 226//2574
f 175//2575 222//2575 250//2575
f 206//2576 254//2576 224//2576
f 250//2577 222//2577 279//2577
f 225//2578 282//2578 254//2578
f 153//2579 255//2579 226//2579
f 235//2580 261//2580 291//2580
f 213//2581 296//2581 263//2581
f 241//2582 242//2582 298//2582
f 242//2583 267//2583 298//2583
f 249//2584 276//2584 305//2584
f 250//2585 306//2585 278//2585
f 250//2586 279//2586 306//2586
f 254//2587 282//2587 311//2587
f 225//2588 226//2588 312//2588
f 292//2589 236//2589 317//2589
f 293//2590 294//2590 318//2590
f 262//2591 319//2591 318//2591
f 297//2592 266//2592 321//2592
f 266//2593 241//2593 298//2593
f 298//2594 267//2594 322//2594
f 306//2595 335//2595 278//2595
f 310//2596 254//2596 339//2596
f 311//2597 340//2597 339//2597
f 311//2598 282//2598 341//2598
f 292//2599 352//2599 351//2599
f 293//2600 353//2600 317//2600
f 263//2601 296//2601 354//2601
f 321//2602 356//2602 355//2602
f 322//2603 323//2603 357//2603
f 278//2604 335//2604 366//2604
f 312//2605 371//2605 341//2605
f 317//2606 353//2606 380//2606
f 353//2607 293//2607 381//2607
f 293//2608 318//2608 381//2608
f 318//2609 319//2609 382//2609
f 295//2610 383//2610 382//2610
f 263//2611 384//2611 383//2611
f 356//2612 298//2612 386//2612
f 340//2613 403//2613 370//2613
f 371//2614 404//2614 403//2614
f 353//2615 381//2615 414//2615
f 381//2616 415//2616 414//2616
f 383//2617 384//2617 416//2617
f 354//2618 417//2618 416//2618
f 354//2619 320//2619 417//2619
f 385//2620 419//2620 418//2620
f 386//2621 420//2621 419//2621
f 335//2622 397//2622 396//2622
f 402//2623 370//2623 440//2623
f 370//2624 403//2624 440//2624
f 403//2625 441//2625 440//2625
f 403//2626 404//2626 442//2626
f 352//2627 380//2627 449//2627
f 380//2628 414//2628 450//2628
f 383//2629 451//2629 415//2629
f 418//2630 453//2630 452//2630
f 357//2631 421//2631 455//2631
f 397//2632 461//2632 396//2632
f 402//2633 440//2633 466//2633
f 413//2634 449//2634 479//2634
f 449//2635 450//2635 480//2635
f 450//2636 414//2636 481//2636
f 451//2637 416//2637 482//2637
f 453//2638 483//2638 452//2638
f 454//2639 484//2639 483//2639
f 420//2640 455//2640 454//2640
f 466//2641 440//2641 499//2641
f 481//2642 451//2642 507//2642
f 482//2643 417//2643 508//2643
f 452//2644 509//2644 508//2644
f 452//2645 483//2645 509//2645
f 455//2646 511//2646 510//2646
f 421//2647 512//2647 511//2647
f 461//2648 522//2648 579//2648
f 397//2649 523//2649 522//2649
f 465//2650 499//2650 527//2650
f 499//2651 441//2651 528//2651
f 467//2652 500//2652 528//2652
f 479//2653 480//2653 536//2653
f 481//2654 538//2654 537//2654
f 509//2655 483//2655 541//2655
f 483//2656 484//2656 541//2656
f 454//2657 510//2657 541//2657
f 437//2658 497//2658 523//2658
f 526//2659 527//2659 556//2659
f 528//2660 500//2660 557//2660
f 557//2661 587//2661 586//2661
f 1230//2662 1231//2662 1263//2662
f 1259//2663 1260//2663 1288//2663
f 1260//2664 1261//2664 1290//2664
f 1262//2665 1291//2665 1290//2665
f 1260//2666 1320//2666 1319//2666
f 1289//2667 1290//2667 1321//2667
f 1290//2668 1291//2668 1321//2668
f 1291//2669 1292//2669 1322//2669
f 1292//2670 1263//2670 1324//2670
f 1320//2671 1289//2671 1348//2671
f 1321//2672 1349//2672 1348//2672
f 1321//2673 1350//2673 1349//2673
f 1291//2674 1322//2674 1350//2674
f 1320//2675 1378//2675 1347//2675
f 1349//2676 1379//2676 1348//2676
f 1349//2677 1350//2677 1380//2677
f 1323//2678 1382//2678 1381//2678
f 1323//2679 1324//2679 1383//2679
f 1378//2680 1405//2680 1404//2680
f 1348//2681 1379//2681 1405//2681
f 1380//2682 1406//2682 1379//2682
f 1382//2683 1383//2683 1407//2683
f 1406//2684 1380//2684 1438//2684
f 1381//2685 1439//2685 1438//2685
f 1381//2686 1382//2686 1440//2686
f 1405//2687 1470//2687 1469//2687
f 1436//2688 1471//2688 1470//2688
f 1436//2689 1406//2689 1437//2689
f 1439//2690 1440//2690 1473//2690
f 1440//2691 1407//2691 1474//2691
f 1468//2692 1469//2692 1498//2692
f 1437//2693 1499//2693 1471//2693
f 1437//2694 1472//2694 1500//2694
f 1438//2695 1439//2695 1501//2695
f 1441//2696 1502//2696 1473//2696
f 1467//2697 1498//2697 1525//2697
f 1498//2698 1526//2698 1525//2698
f 1498//2699 1470//2699 1527//2699
f 1471//2700 1528//2700 1527//2700
f 1471//2701 1499//2701 1528//2701
f 1500//2702 1529//2702 1528//2702
f 1501//2703 1530//2703 1529//2703
f 1527//2704 1528//2704 1562//2704
f 1528//2705 1529//2705 1564//2705
f 1529//2706 1530//2706 1565//2706
f 1559//2707 1560//2707 1587//2707
f 1526//2708 1561//2708 1588//2708
f 1561//2709 1562//2709 1589//2709
f 1563//2710 1564//2710 1590//2710
f 1565//2711 1566//2711 1564//2711
f 1531//2712 1591//2712 1566//2712
f 1588//2713 1617//2713 1616//2713
f 1562//2714 1618//2714 1589//2714
f 1590//2715 1619//2715 1618//2715
f 1590//2716 1564//2716 1620//2716
f 1566//2717 1621//2717 1620//2717
f 1566//2718 1622//2718 1621//2718
f 1574//2719 1603//2719 1634//2719
f 1587//2720 1560//2720 1646//2720
f 1616//2721 1617//2721 1647//2721
f 1617//2722 1589//2722 1648//2722
f 1589//2723 1618//2723 1649//2723
f 1618//2724 1619//2724 1649//2724
f 1620//2725 1650//2725 1649//2725
f 1633//2726 1663//2726 1662//2726
f 1634//2727 1603//2727 1664//2727
f 1604//2728 1544//2728 1665//2728
f 1646//2729 1616//2729 1680//2729
f 1616//2730 1647//2730 1680//2730
f 1621//2731 1622//2731 1681//2731
f 1652//2732 1683//2732 1651//2732
f 1634//2733 1691//2733 1663//2733
f 1679//2734 1680//2734 1704//2734
f 1647//2735 1705//2735 1704//2735
f 1647//2736 1648//2736 1706//2736
f 1648//2737 1650//2737 1681//2737
f 1622//2738 1682//2738 1708//2738
f 1651//2739 1710//2739 1709//2739
f 1651//2740 1711//2740 1710//2740
f 1663//2741 1718//2741 1662//2741
f 1663//2742 1719//2742 1718//2742
f 1703//2743 1679//2743 1731//2743
f 1679//2744 1704//2744 1732//2744
f 1704//2745 1705//2745 1733//2745
f 1707//2746 1734//2746 1706//2746
f 1707//2747 1681//2747 1735//2747
f 1681//2748 1708//2748 1735//2748
f 1708//2749 1736//2749 1735//2749
f 1682//2750 1709//2750 1736//2750
f 1691//2751 1720//2751 1719//2751
f 1705//2752 1706//2752 1762//2752
f 1734//2753 1735//2753 1763//2753
f 1735//2754 1736//2754 1763//2754
f 1709//2755 1710//2755 1764//2755
f 1718//2756 1719//2756 1773//2756
f 1692//2757 1750//2757 1749//2757
f 1761//2758 1733//2758 1786//2758
f 1734//2759 1787//2759 1762//2759
f 1763//2760 1788//2760 1787//2760
f 1736//2761 1789//2761 1788//2761
f 1736//2762 1764//2762 1790//2762
f 1711//2763 1765//2763 1790//2763
f 1717//2764 1773//2764 1803//2764
f 1720//2765 1804//2765 1803//2765
f 1750//2766 1774//2766 1749//2766
f 1786//2767 1762//2767 1820//2767
f 1789//2768 1790//2768 1821//2768
f 1790//2769 1822//2769 1821//2769
f 1802//2770 1717//2770 1862//2770
f 1749//2771 1833//2771 1804//2771
f 1749//2772 1834//2772 1833//2772
f 1787//2773 1849//2773 1848//2773
f 1787//2774 1788//2774 1850//2774
f 1804//2775 1833//2775 1862//2775
f 2188//2776 2222//2776 2153//2776
f 2156//2777 2224//2777 2223//2777
f 2157//2778 2191//2778 2227//2778
f 2221//2779 2153//2779 2255//2779
f 2222//2780 2189//2780 2256//2780
f 2223//2781 2224//2781 2257//2781
f 2157//2782 2227//2782 2258//2782
f 2221//2783 2255//2783 2288//2783
f 2256//2784 2289//2784 2222//2784
f 2224//2785 2290//2785 2257//2785
f 2224//2786 2225//2786 2290//2786
f 2226//2787 2258//2787 2291//2787
f 2263//2788 2295//2788 2294//2788
f 2231//2789 2232//2789 2297//2789
f 2254//2790 2288//2790 2345//2790
f 2255//2791 2321//2791 2288//2791
f 2222//2792 2347//2792 2321//2792
f 2256//2793 2257//2793 2289//2793
f 2257//2794 2290//2794 2322//2794
f 2258//2795 2292//2795 2323//2795
f 2296//2796 2264//2796 2326//2796
f 2264//2797 2297//2797 2326//2797
f 2289//2798 2322//2798 2348//2798
f 2290//2799 2291//2799 2350//2799
f 2291//2800 2258//2800 2351//2800
f 2390//2801 2295//2801 2354//2801
f 2295//2802 2296//2802 2354//2802
f 2296//2803 2326//2803 2355//2803
f 2297//2804 2265//2804 2356//2804
f 2337//2805 2367//2805 2366//2805
f 2312//2806 2338//2806 2367//2806
f 2339//2807 2340//2807 2406//2807
f 2345//2808 2379//2808 2378//2808
f 2321//2809 2380//2809 2379//2809
f 2346//2810 2347//2810 2382//2810
f 2347//2811 2348//2811 2383//2811
f 2348//2812 2384//2812 2383//2812
f 2348//2813 2322//2813 2384//2813
f 2322//2814 2349//2814 2385//2814
f 2351//2815 2323//2815 2386//2815
f 2354//2816 2391//2816 2390//2816
f 2336//2817 2403//2817 2335//2817
f 2309//2818 2404//2818 2403//2818
f 2379//2819 2380//2819 2412//2819
f 2382//2820 2383//2820 2381//2820
f 2384//2821 2414//2821 2383//2821
f 2384//2822 2385//2822 2414//2822
f 2385//2823 2349//2823 2415//2823
f 2355//2824 2297//2824 2418//2824
f 2297//2825 2356//2825 2418//2825
f 2335//2826 2403//2826 2428//2826
f 2367//2827 2430//2827 2429//2827
f 2405//2828 2338//2828 2431//2828
f 2338//2829 2339//2829 2431//2829
f 2339//2830 2406//2830 2432//2830
f 2406//2831 2368//2831 2433//2831
f 2379//2832 2412//2832 2445//2832
f 2381//2833 2447//2833 2413//2833
f 2381//2834 2383//2834 2448//2834
f 2414//2835 2449//2835 2448//2835
f 2414//2836 2385//2836 2449//2836
f 2415//2837 2450//2837 2449//2837
f 2417//2838 2391//2838 2453//2838
f 2391//2839 2392//2839 2453//2839
f 2392//2840 2355//2840 2455//2840
f 2355//2841 2418//2841 2455//2841
f 2418//2842 2456//2842 2455//2842
f 2403//2843 2464//2843 2428//2843
f 2403//2844 2465//2844 2464//2844
f 2366//2845 2429//2845 2466//2845
f 2430//2846 2467//2846 2429//2846
f 2430//2847 2405//2847 2468//2847
f 2405//2848 2431//2848 2469//2848
f 2431//2849 2470//2849 2469//2849
f 2432//2850 2433//2850 2471//2850
f 2444//2851 2379//2851 2445//2851
f 2413//2852 2482//2852 2446//2852
f 2413//2853 2447//2853 2483//2853
f 2449//2854 2450//2854 2484//2854
f 2415//2855 2485//2855 2450//2855
f 2415//2856 2350//2856 2486//2856
f 2350//2857 2386//2857 2486//2857
f 2453//2858 2491//2858 2490//2858
f 2453//2859 2454//2859 2491//2859
f 2455//2860 2456//2860 2492//2860
f 2428//2861 2464//2861 2504//2861
f 2469//2862 2506//2862 2505//2862
f 2470//2863 2432//2863 2507//2863
f 2433//2864 2508//2864 2471//2864
f 2473//2865 2511//2865 2510//2865
f 2444//2866 2445//2866 2520//2866
f 2445//2867 2446//2867 2520//2867
f 2464//2868 2465//2868 2531//2868
f 2465//2869 2466//2869 2531//2869
f 2466//2870 2532//2870 2531//2870
f 2466//2871 2467//2871 2532//2871
f 2505//2872 2533//2872 2532//2872
f 2506//2873 2507//2873 2533//2873
f 2474//2874 2535//2874 2511//2874
f 2474//2875 2536//2875 2535//2875
f 2474//2876 2512//2876 2536//2876
f 2512//2877 2513//2877 2537//2877
f 2444//2878 2520//2878 2544//2878
f 2520//2879 2482//2879 2545//2879
f 2482//2880 2483//2880 2546//2880
f 2483//2881 2447//2881 2547//2881
f 2447//2882 2484//2882 2547//2882
f 2450//2883 2548//2883 2547//2883
f 2492//2884 2526//2884 2454//2884
f 2456//2885 2551//2885 2526//2885
f 2504//2886 2531//2886 2557//2886
f 2507//2887 2560//2887 2559//2887
f 2510//2888 2563//2888 2562//2888
f 2536//2889 2512//2889 2565//2889
f 2541//2890 2567//2890 2540//2890
f 2562//2891 2582//2891 2581//2891
f 2563//2892 2535//2892 2582//2892
f 2536//2893 2564//2893 2535//2893
f 2537//2894 2538//2894 2583//2894
f 2581//2895 2582//2895 2607//2895
f 2535//2896 2608//2896 2607//2896
f 2564//2897 2609//2897 2608//2897
f 2564//2898 2565//2898 2610//2898
f 2565//2899 2583//2899 2611//2899
f 2540//2900 2612//2900 2566//2900
f 2608//2901 2637//2901 2607//2901
f 2608//2902 2609//2902 2637//2902
f 2607//2903 2637//2903 2658//2903
f 2609//2904 2638//2904 2659//2904
f 2610//2905 2611//2905 2660//2905
f 2611//2906 2583//2906 2661//2906
f 2583//2907 2584//2907 2662//2907
f 2584//2908 2566//2908 2663//2908
f 2566//2909 2612//2909 2663//2909
f 2636//2910 2607//2910 2658//2910
f 2658//2911 2637//2911 2688//2911
f 2637//2912 2659//2912 2689//2912
f 2660//2913 2690//2913 2638//2913
f 2660//2914 2692//2914 2691//2914
f 2660//2915 2611//2915 2692//2915
f 2663//2916 2694//2916 2693//2916
f 2636//2917 2658//2917 2716//2917
f 2688//2918 2689//2918 2717//2918
f 2689//2919 2718//2919 2717//2919
f 2662//2920 2719//2920 2661//2920
f 2662//2921 2693//2921 2719//2921
f 2691//2922 2692//2922 2739//2922
f 2716//2923 2688//2923 2757//2923
f 2688//2924 2717//2924 2757//2924
f 2692//2925 2758//2925 2739//2925
f 2719//2926 2759//2926 2758//2926
f 2693//2927 2740//2927 2759//2927
f 2694//2928 2760//2928 2740//2928
f 2717//2929 2739//2929 2790//2929
f 2738//2930 2716//2930 2814//2930
f 2757//2931 2790//2931 2815//2931
f 2758//2932 2815//2932 2790//2932
f 2758//2933 2791//2933 2815//2933
f 2757//2934 2815//2934 2814//2934
f 2759//2935 2839//2935 2791//2935
f 64//2936 1//2936 2//2936
f 145//2937 123//2937 64//2937
f 202//2938 145//2938 175//2938
f 277//2939 145//2939 202//2939
f 222//2940 124//2940 176//2940
f 225//2941 206//2941 226//2941
f 202//2942 175//2942 250//2942
f 206//2943 225//2943 254//2943
f 238//2944 213//2944 263//2944
f 277//2945 202//2945 278//2945
f 278//2946 202//2946 250//2946
f 295//2947 238//2947 263//2947
f 224//2948 254//2948 310//2948
f 282//2949 225//2949 312//2949
f 236//2950 293//2950 317//2950
f 294//2951 262//2951 318//2951
f 262//2952 295//2952 319//2952
f 296//2953 264//2953 320//2953
f 320//2954 264//2954 297//2954
f 321//2955 266//2955 298//2955
f 322//2956 267//2956 323//2956
f 254//2957 311//2957 339//2957
f 340//2958 311//2958 341//2958
f 341//2959 282//2959 312//2959
f 350//2960 291//2960 351//2960
f 291//2961 261//2961 351//2961
f 261//2962 292//2962 351//2962
f 292//2963 317//2963 352//2963
f 354//2964 296//2964 320//2964
f 320//2965 297//2965 355//2965
f 297//2966 321//2966 355//2966
f 321//2967 298//2967 356//2967
f 277//2968 278//2968 366//2968
f 309//2969 310//2969 339//2969
f 370//2970 339//2970 340//2970
f 350//2971 351//2971 379//2971
f 379//2972 351//2972 352//2972
f 352//2973 317//2973 380//2973
f 381//2974 318//2974 382//2974
f 319//2975 295//2975 382//2975
f 295//2976 263//2976 383//2976
f 263//2977 354//2977 384//2977
f 320//2978 355//2978 385//2978
f 355//2979 356//2979 386//2979
f 298//2980 322//2980 386//2980
f 386//2981 322//2981 357//2981
f 333//2982 305//2982 394//2982
f 366//2983 335//2983 396//2983
f 335//2984 306//2984 397//2984
f 306//2985 336//2985 397//2985
f 309//2986 339//2986 402//2986
f 402//2987 339//2987 370//2987
f 340//2988 341//2988 403//2988
f 341//2989 371//2989 403//2989
f 378//2990 379//2990 413//2990
f 413//2991 379//2991 352//2991
f 380//2992 353//2992 414//2992
f 381//2993 382//2993 415//2993
f 384//2994 354//2994 416//2994
f 320//2995 385//2995 418//2995
f 385//2996 355//2996 419//2996
f 355//2997 386//2997 419//2997
f 386//2998 357//2998 420//2998
f 397//2999 336//2999 436//2999
f 441//3000 403//3000 442//3000
f 448//3001 378//3001 413//3001
f 413//3002 352//3002 449//3002
f 449//3003 380//3003 450//3003
f 382//3004 383//3004 415//3004
f 451//3005 383//3005 416//3005
f 417//3006 320//3006 452//3006
f 320//3007 418//3007 452//3007
f 418//3008 419//3008 453//3008
f 419//3009 420//3009 454//3009
f 420//3010 357//3010 455//3010
f 441//3011 442//3011 467//3011
f 448//3012 413//3012 478//3012
f 478//3013 413//3013 479//3013
f 479//3014 449//3014 480//3014
f 414//3015 415//3015 481//3015
f 481//3016 415//3016 451//3016
f 416//3017 417//3017 482//3017
f 453//3018 419//3018 483//3018
f 419//3019 454//3019 483//3019
f 579//3020 396//3020 461//3020
f 465//3021 466//3021 499//3021
f 440//3022 441//3022 499//3022
f 448//3023 478//3023 505//3023
f 480//3024 450//3024 481//3024
f 506//3025 481//3025 507//3025
f 507//3026 451//3026 482//3026
f 417//3027 452//3027 508//3027
f 454//3028 455//3028 510//3028
f 455//3029 421//3029 511//3029
f 461//3030 397//3030 522//3030
f 397//3031 436//3031 523//3031
f 436//3032 437//3032 523//3032
f 526//3033 465//3033 527//3033
f 527//3034 499//3034 528//3034
f 441//3035 467//3035 528//3035
f 534//3036 505//3036 478//3036
f 535//3037 478//3037 479//3037
f 536//3038 480//3038 537//3038
f 480//3039 481//3039 537//3039
f 538//3040 481//3040 506//3040
f 484//3041 454//3041 541//3041
f 527//3042 528//3042 556//3042
f 556//3043 528//3043 557//3043
f 534//3044 478//3044 535//3044
f 523//3045 497//3045 580//3045
f 556//3046 557//3046 586//3046
f 579//3047 522//3047 671//3047
f 522//3048 523//3048 671//3048
f 1289//3049 1260//3049 1290//3049
f 1261//3050 1262//3050 1290//3050
f 1291//3051 1262//3051 1292//3051
f 1262//3052 1263//3052 1292//3052
f 1263//3053 1232//3053 1293//3053
f 1288//3054 1260//3054 1319//3054
f 1260//3055 1289//3055 1320//3055
f 1322//3056 1292//3056 1323//3056
f 1323//3057 1292//3057 1324//3057
f 1324//3058 1263//3058 1325//3058
f 1325//3059 1263//3059 1293//3059
f 1319//3060 1320//3060 1347//3060
f 1289//3061 1321//3061 1348//3061
f 1321//3062 1291//3062 1350//3062
f 1320//3063 1348//3063 1378//3063
f 1379//3064 1349//3064 1380//3064
f 1350//3065 1322//3065 1380//3065
f 1380//3066 1322//3066 1381//3066
f 1322//3067 1323//3067 1381//3067
f 1382//3068 1323//3068 1383//3068
f 1347//3069 1378//3069 1404//3069
f 1378//3070 1348//3070 1405//3070
f 1405//3071 1379//3071 1436//3071
f 1379//3072 1406//3072 1436//3072
f 1437//3073 1406//3073 1438//3073
f 1380//3074 1381//3074 1438//3074
f 1439//3075 1381//3075 1440//3075
f 1382//3076 1407//3076 1440//3076
f 1405//3077 1436//3077 1470//3077
f 1471//3078 1436//3078 1437//3078
f 1437//3079 1438//3079 1472//3079
f 1473//3080 1440//3080 1474//3080
f 1498//3081 1469//3081 1470//3081
f 1499//3082 1437//3082 1500//3082
f 1472//3083 1438//3083 1500//3083
f 1500//3084 1438//3084 1501//3084
f 1439//3085 1473//3085 1501//3085
f 1474//3086 1441//3086 1473//3086
f 1526//3087 1498//3087 1527//3087
f 1470//3088 1471//3088 1527//3088
f 1499//3089 1500//3089 1528//3089
f 1500//3090 1501//3090 1529//3090
f 1501//3091 1473//3091 1530//3091
f 1530//3092 1473//3092 1531//3092
f 1559//3093 1524//3093 1560//3093
f 1560//3094 1525//3094 1526//3094
f 1526//3095 1527//3095 1561//3095
f 1561//3096 1527//3096 1562//3096
f 1562//3097 1528//3097 1563//3097
f 1563//3098 1528//3098 1564//3098
f 1564//3099 1529//3099 1565//3099
f 1565//3100 1530//3100 1566//3100
f 1530//3101 1531//3101 1566//3101
f 1560//3102 1526//3102 1588//3102
f 1588//3103 1561//3103 1589//3103
f 1562//3104 1563//3104 1590//3104
f 1603//3105 1543//3105 1604//3105
f 1560//3106 1588//3106 1616//3106
f 1617//3107 1588//3107 1589//3107
f 1562//3108 1590//3108 1618//3108
f 1619//3109 1590//3109 1620//3109
f 1564//3110 1566//3110 1620//3110
f 1566//3111 1591//3111 1622//3111
f 1591//3112 1592//3112 1623//3112
f 1633//3113 1574//3113 1634//3113
f 1543//3114 1544//3114 1604//3114
f 1646//3115 1560//3115 1616//3115
f 1648//3116 1589//3116 1649//3116
f 1619//3117 1620//3117 1649//3117
f 1620//3118 1621//3118 1650//3118
f 1623//3119 1592//3119 1651//3119
f 1592//3120 1593//3120 1651//3120
f 1573//3121 1633//3121 1662//3121
f 1663//3122 1633//3122 1634//3122
f 1664//3123 1603//3123 1604//3123
f 1679//3124 1646//3124 1680//3124
f 1647//3125 1617//3125 1648//3125
f 1649//3126 1650//3126 1648//3126
f 1650//3127 1621//3127 1681//3127
f 1623//3128 1651//3128 1682//3128
f 1691//3129 1634//3129 1664//3129
f 1703//3130 1646//3130 1679//3130
f 1680//3131 1647//3131 1704//3131
f 1705//3132 1647//3132 1706//3132
f 1706//3133 1648//3133 1707//3133
f 1707//3134 1648//3134 1681//3134
f 1681//3135 1622//3135 1708//3135
f 1682//3136 1651//3136 1709//3136
f 1719//3137 1663//3137 1691//3137
f 1664//3138 1604//3138 1720//3138
f 1720//3139 1604//3139 1692//3139
f 1731//3140 1679//3140 1732//3140
f 1732//3141 1704//3141 1733//3141
f 1734//3142 1707//3142 1735//3142
f 1708//3143 1682//3143 1736//3143
f 1711//3144 1712//3144 1737//3144
f 1717//3145 1662//3145 1718//3145
f 1691//3146 1664//3146 1720//3146
f 1720//3147 1692//3147 1749//3147
f 1761//3148 1732//3148 1733//3148
f 1733//3149 1705//3149 1762//3149
f 1706//3150 1734//3150 1762//3150
f 1736//3151 1709//3151 1764//3151
f 1717//3152 1718//3152 1773//3152
f 1719//3153 1720//3153 1773//3153
f 1786//3154 1733//3154 1762//3154
f 1734//3155 1763//3155 1787//3155
f 1763//3156 1736//3156 1788//3156
f 1789//3157 1736//3157 1790//3157
f 1764//3158 1710//3158 1790//3158
f 1710//3159 1711//3159 1790//3159
f 1773//3160 1720//3160 1803//3160
f 1720//3161 1749//3161 1804//3161
f 1762//3162 1787//3162 1820//3162
f 1790//3163 1765//3163 1822//3163
f 1862//3164 1717//3164 1803//3164
f 1749//3165 1774//3165 1834//3165
f 1820//3166 1787//3166 1848//3166
f 1849//3167 1787//3167 1850//3167
f 1788//3168 1821//3168 1850//3168
f 1803//3169 1804//3169 1862//3169
f 2190//3170 2157//3170 2226//3170
f 2227//3171 2191//3171 2228//3171
f 2220//3172 2221//3172 2254//3172
f 2153//3173 2222//3173 2255//3173
f 2189//3174 2223//3174 2256//3174
f 2226//3175 2157//3175 2258//3175
f 2254//3176 2221//3176 2288//3176
f 2256//3177 2223//3177 2257//3177
f 2290//3178 2225//3178 2291//3178
f 2225//3179 2226//3179 2291//3179
f 2258//3180 2227//3180 2292//3180
f 2295//3181 2263//3181 2296//3181
f 2263//3182 2264//3182 2296//3182
f 2264//3183 2231//3183 2297//3183
f 2297//3184 2232//3184 2265//3184
f 2220//3185 2254//3185 2345//3185
f 2255//3186 2222//3186 2321//3186
f 2222//3187 2289//3187 2347//3187
f 2289//3188 2257//3188 2322//3188
f 2294//3189 2295//3189 2390//3189
f 2338//3190 2313//3190 2339//3190
f 2339//3191 2313//3191 2340//3191
f 2288//3192 2321//3192 2345//3192
f 2321//3193 2347//3193 2346//3193
f 2347//3194 2289//3194 2348//3194
f 2322//3195 2290//3195 2349//3195
f 2349//3196 2290//3196 2350//3196
f 2350//3197 2291//3197 2351//3197
f 2351//3198 2258//3198 2323//3198
f 2354//3199 2296//3199 2355//3199
f 2355//3200 2326//3200 2297//3200
f 2337//3201 2312//3201 2367//3201
f 2345//3202 2321//3202 2379//3202
f 2321//3203 2346//3203 2380//3203
f 2380//3204 2346//3204 2381//3204
f 2381//3205 2346//3205 2382//3205
f 2382//3206 2347//3206 2383//3206
f 2384//3207 2322//3207 2385//3207
f 2391//3208 2354//3208 2392//3208
f 2392//3209 2354//3209 2355//3209
f 2336//3210 2309//3210 2403//3210
f 2309//3211 2337//3211 2404//3211
f 2337//3212 2366//3212 2404//3212
f 2367//3213 2338//3213 2405//3213
f 2406//3214 2340//3214 2368//3214
f 2412//3215 2380//3215 2413//3215
f 2413//3216 2380//3216 2381//3216
f 2349//3217 2350//3217 2415//3217
f 2350//3218 2351//3218 2386//3218
f 2417//3219 2390//3219 2391//3219
f 2366//3220 2367//3220 2429//3220
f 2430//3221 2367//3221 2405//3221
f 2431//3222 2339//3222 2432//3222
f 2432//3223 2406//3223 2433//3223
f 2444//3224 2378//3224 2379//3224
f 2445//3225 2412//3225 2446//3225
f 2446//3226 2412//3226 2413//3226
f 2447//3227 2381//3227 2448//3227
f 2383//3228 2414//3228 2448//3228
f 2385//3229 2415//3229 2449//3229
f 2490//3230 2417//3230 2453//3230
f 2453//3231 2392//3231 2454//3231
f 2454//3232 2392//3232 2455//3232
f 2418//3233 2356//3233 2456//3233
f 2403//3234 2404//3234 2465//3234
f 2404//3235 2366//3235 2465//3235
f 2467//3236 2430//3236 2468//3236
f 2468//3237 2405//3237 2469//3237
f 2431//3238 2432//3238 2470//3238
f 2482//3239 2413//3239 2483//3239
f 2447//3240 2448//3240 2484//3240
f 2448//3241 2449//3241 2484//3241
f 2485//3242 2415//3242 2486//3242
f 2486//3243 2386//3243 2451//3243
f 2454//3244 2455//3244 2492//3244
f 2465//3245 2366//3245 2466//3245
f 2466//3246 2429//3246 2467//3246
f 2468//3247 2469//3247 2505//3247
f 2469//3248 2470//3248 2506//3248
f 2506//3249 2470//3249 2507//3249
f 2432//3250 2471//3250 2507//3250
f 2511//3251 2473//3251 2474//3251
f 2520//3252 2446//3252 2482//3252
f 2450//3253 2485//3253 2521//3253
f 2492//3254 2456//3254 2526//3254
f 2504//3255 2464//3255 2531//3255
f 2467//3256 2468//3256 2532//3256
f 2468//3257 2505//3257 2532//3257
f 2505//3258 2506//3258 2533//3258
f 2507//3259 2471//3259 2508//3259
f 2537//3260 2513//3260 2538//3260
f 2513//3261 2477//3261 2538//3261
f 2538//3262 2477//3262 2539//3262
f 2539//3263 2514//3263 2540//3263
f 2540//3264 2514//3264 2541//3264
f 2545//3265 2482//3265 2546//3265
f 2546//3266 2483//3266 2547//3266
f 2548//3267 2450//3267 2521//3267
f 2485//3268 2486//3268 2549//3268
f 2491//3269 2454//3269 2573//3269
f 2456//3270 2457//3270 2551//3270
f 2533//3271 2507//3271 2559//3271
f 2507//3272 2508//3272 2560//3272
f 2510//3273 2511//3273 2563//3273
f 2511//3274 2535//3274 2563//3274
f 2564//3275 2536//3275 2565//3275
f 2565//3276 2512//3276 2537//3276
f 2538//3277 2539//3277 2566//3277
f 2566//3278 2539//3278 2540//3278
f 2454//3279 2526//3279 2573//3279
f 2562//3280 2563//3280 2582//3280
f 2565//3281 2537//3281 2583//3281
f 2583//3282 2538//3282 2584//3282
f 2582//3283 2535//3283 2607//3283
f 2535//3284 2564//3284 2608//3284
f 2609//3285 2564//3285 2610//3285
f 2610//3286 2565//3286 2611//3286
f 2584//3287 2538//3287 2566//3287
f 2540//3288 2567//3288 2612//3288
f 2636//3289 2581//3289 2607//3289
f 2638//3290 2609//3290 2610//3290
f 2637//3291 2609//3291 2659//3291
f 2638//3292 2610//3292 2660//3292
f 2661//3293 2583//3293 2662//3293
f 2662//3294 2584//3294 2663//3294
f 2688//3295 2637//3295 2689//3295
f 2689//3296 2659//3296 2638//3296
f 2690//3297 2660//3297 2691//3297
f 2692//3298 2611//3298 2661//3298
f 2716//3299 2658//3299 2688//3299
f 2689//3300 2638//3300 2718//3300
f 2718//3301 2638//3301 2690//3301
f 2662//3302 2663//3302 2693//3302
f 2717//3303 2718//3303 2739//3303
f 2718//3304 2690//3304 2739//3304
f 2690//3305 2691//3305 2739//3305
f 2692//3306 2661//3306 2719//3306
f 2693//3307 2694//3307 2740//3307
f 2692//3308 2719//3308 2758//3308
f 2719//3309 2693//3309 2759//3309
f 2757//3310 2717//3310 2790//3310
f 2739//3311 2758//3311 2790//3311
f 2758//3312 2759//3312 2791//3312
f 2814//3313 2716//3313 2757//3313
usemtl brown
f 4//3314 5//3314 65//3314
f 6//3315 7//3315 66//3315
f 5//3316 6//3316 65//3316
f 2//3317 3//3317 125//3317
f 3//3318 98//3318 125//3318
f 3//3319 4//3319 177//3319
f 125//3320 98//3320 146//3320
f 65//3321 66//3321 147//3321
f 69//3322 152//3322 151//3322
f 104//3323 155//3323 154//3323
f 109//3324 162//3324 161//3324
f 81//3325 133//3325 162//3325
f 110//3326 164//3326 163//3326
f 114//3327 140//3327 167//3327
f 118//3328 171//3328 170//3328
f 125//3329 146//3329 176//3329
f 103//3330 154//3330 179//3330
f 130//3331 159//3331 184//3331
f 159//3332 185//3332 184//3332
f 160//3333 132//3333 161//3333
f 133//3334 163//3334 187//3334
f 112//3335 165//3335 164//3335
f 136//3336 190//3336 189//3336
f 137//3337 138//3337 191//3337
f 138//3338 139//3338 191//3338
f 114//3339 192//3339 191//3339
f 116//3340 141//3340 193//3340
f 118//3341 194//3341 142//3341
f 120//3342 195//3342 171//3342
f 121//3343 197//3343 196//3343
f 146//3344 177//3344 203//3344
f 152//3345 206//3345 205//3345
f 153//3346 103//3346 207//3346
f 179//3347 155//3347 208//3347
f 155//3348 156//3348 210//3348
f 185//3349 212//3349 184//3349
f 164//3350 165//3350 235//3350
f 135//3351 166//3351 188//3351
f 190//3352 136//3352 214//3352
f 136//3353 191//3353 214//3353
f 192//3354 167//3354 215//3354
f 167//3355 168//3355 216//3355
f 168//3356 116//3356 217//3356
f 169//3357 194//3357 193//3357
f 169//3358 142//3358 194//3358
f 143//3359 196//3359 195//3359
f 146//3360 203//3360 251//3360
f 208//3361 155//3361 209//3361
f 184//3362 230//3362 229//3362
f 212//3363 231//3363 230//3363
f 162//3364 232//3364 231//3364
f 162//3365 186//3365 232//3365
f 186//3366 187//3366 233//3366
f 165//3367 236//3367 235//3367
f 166//3368 238//3368 237//3368
f 191//3369 192//3369 241//3369
f 192//3370 215//3370 242//3370
f 194//3371 170//3371 218//3371
f 218//3372 171//3372 244//3372
f 195//3373 245//3373 244//3373
f 197//3374 247//3374 246//3374
f 176//3375 146//3375 222//3375
f 153//3376 207//3376 255//3376
f 207//3377 208//3377 255//3377
f 208//3378 209//3378 255//3378
f 209//3379 210//3379 256//3379
f 231//3380 232//3380 230//3380
f 186//3381 259//3381 232//3381
f 187//3382 260//3382 233//3382
f 235//3383 236//3383 261//3383
f 188//3384 237//3384 262//3384
f 213//3385 239//3385 265//3385
f 239//3386 191//3386 266//3386
f 215//3387 216//3387 267//3387
f 216//3388 217//3388 268//3388
f 217//3389 193//3389 269//3389
f 193//3390 194//3390 243//3390
f 205//3391 224//3391 253//3391
f 255//3392 256//3392 283//3392
f 229//3393 286//3393 285//3393
f 232//3394 287//3394 258//3394
f 259//3395 233//3395 289//3395
f 233//3396 290//3396 289//3396
f 234//3397 291//3397 260//3397
f 188//3398 294//3398 293//3398
f 188//3399 262//3399 294//3399
f 237//3400 295//3400 262//3400
f 265//3401 297//3401 264//3401
f 265//3402 266//3402 297//3402
f 243//3403 299//3403 269//3403
f 218//3404 270//3404 299//3404
f 244//3405 300//3405 270//3405
f 245//3406 246//3406 271//3406
f 273//3407 302//3407 248//3407
f 226//3408 255//3408 283//3408
f 283//3409 256//3409 313//3409
f 286//3410 258//3410 316//3410
f 258//3411 287//3411 316//3411
f 259//3412 288//3412 287//3412
f 260//3413 291//3413 290//3413
f 267//3414 268//3414 324//3414
f 268//3415 325//3415 324//3415
f 269//3416 299//3416 326//3416
f 245//3417 327//3417 301//3417
f 272//3418 248//3418 330//3418
f 274//3419 331//3419 302//3419
f 279//3420 336//3420 306//3420
f 252//3421 337//3421 307//3421
f 283//3422 313//3422 343//3422
f 287//3423 288//3423 347//3423
f 288//3424 289//3424 348//3424
f 290//3425 349//3425 348//3425
f 290//3426 350//3426 349//3426
f 290//3427 291//3427 350//3427
f 325//3428 269//3428 358//3428
f 269//3429 326//3429 358//3429
f 270//3430 359//3430 326//3430
f 300//3431 360//3431 359//3431
f 328//3432 272//3432 361//3432
f 330//3433 248//3433 302//3433
f 332//3434 364//3434 363//3434
f 337//3435 280//3435 368//3435
f 312//3436 283//3436 371//3436
f 343//3437 314//3437 372//3437
f 316//3438 377//3438 376//3438
f 288//3439 348//3439 377//3439
f 349//3440 350//3440 378//3440
f 350//3441 379//3441 378//3441
f 357//3442 324//3442 387//3442
f 324//3443 325//3443 387//3443
f 325//3444 388//3444 387//3444
f 325//3445 358//3445 388//3445
f 327//3446 390//3446 389//3446
f 327//3447 391//3447 390//3447
f 327//3448 328//3448 428//3448
f 328//3449 361//3449 392//3449
f 361//3450 329//3450 362//3450
f 330//3451 302//3451 393//3451
f 331//3452 363//3452 302//3452
f 334//3453 395//3453 394//3453
f 337//3454 367//3454 398//3454
f 342//3455 405//3455 404//3455
f 373//3456 407//3456 406//3456
f 377//3457 409//3457 376//3457
f 377//3458 410//3458 409//3458
f 377//3459 348//3459 411//3459
f 348//3460 349//3460 412//3460
f 387//3461 388//3461 423//3461
f 358//3462 424//3462 388//3462
f 359//3463 425//3463 424//3463
f 359//3464 360//3464 426//3464
f 389//3465 427//3465 426//3465
f 392//3466 362//3466 429//3466
f 330//3467 393//3467 429//3467
f 393//3468 302//3468 430//3468
f 302//3469 363//3469 431//3469
f 363//3470 364//3470 433//3470
f 364//3471 365//3471 394//3471
f 394//3472 435//3472 434//3472
f 394//3473 395//3473 435//3473
f 307//3474 437//3474 336//3474
f 307//3475 398//3475 437//3475
f 367//3476 438//3476 398//3476
f 368//3477 399//3477 438//3477
f 404//3478 405//3478 443//3478
f 405//3479 406//3479 443//3479
f 410//3480 377//3480 445//3480
f 377//3481 411//3481 446//3481
f 411//3482 412//3482 447//3482
f 378//3483 448//3483 447//3483
f 422//3484 423//3484 456//3484
f 388//3485 424//3485 456//3485
f 389//3486 390//3486 427//3486
f 428//3487 457//3487 391//3487
f 428//3488 392//3488 458//3488
f 394//3489 434//3489 433//3489
f 395//3490 459//3490 435//3490
f 395//3491 460//3491 459//3491
f 336//3492 437//3492 436//3492
f 398//3493 438//3493 462//3493
f 401//3494 466//3494 465//3494
f 401//3495 402//3495 466//3495
f 443//3496 468//3496 442//3496
f 406//3497 469//3497 443//3497
f 406//3498 470//3498 469//3498
f 407//3499 471//3499 470//3499
f 408//3500 409//3500 475//3500
f 445//3501 446//3501 476//3501
f 446//3502 447//3502 477//3502
f 424//3503 486//3503 456//3503
f 424//3504 425//3504 486//3504
f 425//3505 426//3505 488//3505
f 426//3506 427//3506 489//3506
f 390//3507 391//3507 489//3507
f 457//3508 490//3508 391//3508
f 429//3509 491//3509 458//3509
f 429//3510 430//3510 491//3510
f 430//3511 431//3511 493//3511
f 431//3512 432//3512 494//3512
f 433//3513 495//3513 494//3513
f 460//3514 496//3514 459//3514
f 438//3515 498//3515 497//3515
f 399//3516 463//3516 498//3516
f 442//3517 500//3517 467//3517
f 443//3518 469//3518 468//3518
f 470//3519 471//3519 502//3519
f 476//3520 504//3520 445//3520
f 448//3521 505//3521 477//3521
f 485//3522 513//3522 512//3522
f 485//3523 456//3523 486//3523
f 487//3524 425//3524 514//3524
f 425//3525 488//3525 514//3525
f 489//3526 515//3526 488//3526
f 489//3527 391//3527 516//3527
f 430//3528 492//3528 491//3528
f 494//3529 495//3529 517//3529
f 495//3530 433//3530 518//3530
f 433//3531 434//3531 519//3531
f 434//3532 435//3532 519//3532
f 435//3533 459//3533 520//3533
f 459//3534 496//3534 520//3534
f 469//3535 470//3535 501//3535
f 503//3536 474//3536 532//3536
f 504//3537 477//3537 533//3537
f 506//3538 507//3538 539//3538
f 482//3539 540//3539 539//3539
f 485//3540 543//3540 513//3540
f 486//3541 544//3541 543//3541
f 425//3542 487//3542 544//3542
f 514//3543 488//3543 546//3543
f 515//3544 516//3544 548//3544
f 516//3545 490//3545 550//3545
f 491//3546 492//3546 552//3546
f 492//3547 493//3547 517//3547
f 463//3548 554//3548 553//3548
f 468//3549 529//3549 557//3549
f 502//3550 530//3550 558//3550
f 531//3551 532//3551 562//3551
f 532//3552 563//3552 562//3552
f 475//3553 445//3553 563//3553
f 504//3554 564//3554 563//3554
f 504//3555 533//3555 564//3555
f 535//3556 479//3556 567//3556
f 538//3557 506//3557 568//3557
f 506//3558 539//3558 569//3558
f 509//3559 570//3559 540//3559
f 513//3560 543//3560 572//3560
f 487//3561 545//3561 604//3561
f 487//3562 514//3562 545//3562
f 547//3563 488//3563 573//3563
f 488//3564 515//3564 573//3564
f 552//3565 574//3565 551//3565
f 495//3566 575//3566 517//3566
f 518//3567 576//3567 575//3567
f 520//3568 577//3568 576//3568
f 497//3569 581//3569 580//3569
f 498//3570 582//3570 581//3570
f 525//3571 526//3571 585//3571
f 529//3572 588//3572 587//3572
f 558//3573 589//3573 529//3573
f 558//3574 590//3574 589//3574
f 530//3575 559//3575 590//3575
f 563//3576 594//3576 593//3576
f 566//3577 596//3577 595//3577
f 566//3578 534//3578 598//3578
f 567//3579 537//3579 599//3579
f 537//3580 538//3580 568//3580
f 540//3581 600//3581 539//3581
f 570//3582 541//3582 601//3582
f 541//3583 571//3583 601//3583
f 511//3584 602//3584 571//3584
f 512//3585 572//3585 542//3585
f 545//3586 605//3586 604//3586
f 545//3587 546//3587 605//3587
f 546//3588 547//3588 605//3588
f 547//3589 573//3589 606//3589
f 550//3590 551//3590 607//3590
f 551//3591 574//3591 608//3591
f 517//3592 575//3592 609//3592
f 575//3593 610//3593 609//3593
f 576//3594 611//3594 610//3594
f 521//3595 613//3595 612//3595
f 498//3596 553//3596 582//3596
f 588//3597 529//3597 589//3597
f 593//3598 617//3598 592//3598
f 593//3599 594//3599 617//3599
f 564//3600 595//3600 619//3600
f 598//3601 620//3601 597//3601
f 598//3602 535//3602 621//3602
f 535//3603 599//3603 622//3603
f 568//3604 569//3604 658//3604
f 571//3605 602//3605 601//3605
f 542//3606 624//3606 602//3606
f 572//3607 625//3607 624//3607
f 572//3608 626//3608 625//3608
f 543//3609 603//3609 626//3609
f 604//3610 627//3610 603//3610
f 604//3611 605//3611 628//3611
f 605//3612 606//3612 628//3612
f 606//3613 548//3613 629//3613
f 549//3614 630//3614 629//3614
f 608//3615 631//3615 607//3615
f 608//3616 574//3616 632//3616
f 574//3617 517//3617 633//3617
f 609//3618 634//3618 633//3618
f 576//3619 635//3619 611//3619
f 578//3620 612//3620 636//3620
f 523//3621 580//3621 637//3621
f 553//3622 639//3622 582//3622
f 583//3623 640//3623 553//3623
f 585//3624 526//3624 644//3624
f 526//3625 586//3625 645//3625
f 588//3626 589//3626 587//3626
f 590//3627 647//3627 646//3627
f 559//3628 615//3628 647//3628
f 617//3629 594//3629 650//3629
f 594//3630 618//3630 650//3630
f 618//3631 594//3631 651//3631
f 564//3632 652//3632 651//3632
f 619//3633 595//3633 654//3633
f 595//3634 597//3634 654//3634
f 620//3635 621//3635 655//3635
f 622//3636 599//3636 657//3636
f 600//3637 570//3637 659//3637
f 601//3638 602//3638 660//3638
f 602//3639 661//3639 660//3639
f 602//3640 662//3640 661//3640
f 603//3641 663//3641 626//3641
f 603//3642 664//3642 663//3642
f 604//3643 665//3643 627//3643
f 628//3644 606//3644 666//3644
f 606//3645 629//3645 667//3645
f 607//3646 692//3646 630//3646
f 631//3647 608//3647 632//3647
f 610//3648 668//3648 634//3648
f 611//3649 635//3649 668//3649
f 636//3650 612//3650 669//3650
f 612//3651 613//3651 669//3651
f 582//3652 639//3652 638//3652
f 553//3653 672//3653 639//3653
f 587//3654 675//3654 645//3654
f 589//3655 646//3655 675//3655
f 615//3656 616//3656 676//3656
f 618//3657 651//3657 679//3657
f 652//3658 680//3658 651//3658
f 654//3659 620//3659 681//3659
f 621//3660 622//3660 656//3660
f 623//3661 682//3661 657//3661
f 659//3662 684//3662 683//3662
f 660//3663 661//3663 659//3663
f 662//3664 686//3664 685//3664
f 662//3665 687//3665 686//3665
f 662//3666 624//3666 687//3666
f 626//3667 663//3667 625//3667
f 604//3668 628//3668 690//3668
f 628//3669 666//3669 690//3669
f 632//3670 693//3670 692//3670
f 635//3671 636//3671 695//3671
f 613//3672 697//3672 696//3672
f 670//3673 698//3673 697//3673
f 580//3674 699//3674 637//3674
f 580//3675 638//3675 699//3675
f 640//3676 700//3676 672//3676
f 640//3677 701//3677 700//3677
f 642//3678 643//3678 702//3678
f 644//3679 645//3679 703//3679
f 646//3680 705//3680 704//3680
f 646//3681 647//3681 706//3681
f 676//3682 616//3682 677//3682
f 654//3683 711//3683 653//3683
f 682//3684 658//3684 713//3684
f 600//3685 714//3685 713//3685
f 600//3686 683//3686 714//3686
f 659//3687 661//3687 685//3687
f 625//3688 663//3688 715//3688
f 689//3689 627//3689 717//3689
f 627//3690 665//3690 717//3690
f 690//3691 666//3691 718//3691
f 667//3692 757//3692 691//3692
f 667//3693 629//3693 719//3693
f 632//3694 633//3694 721//3694
f 635//3695 723//3695 722//3695
f 637//3696 826//3696 671//3696
f 637//3697 699//3697 826//3697
f 638//3698 725//3698 699//3698
f 638//3699 726//3699 725//3699
f 672//3700 727//3700 639//3700
f 672//3701 700//3701 727//3701
f 701//3702 728//3702 700//3702
f 643//3703 703//3703 731//3703
f 703//3704 732//3704 731//3704
f 706//3705 733//3705 705//3705
f 677//3706 734//3706 707//3706
f 690//3707 718//3707 756//3707
f 692//3708 758//3708 720//3708
f 693//3709 632//3709 760//3709
f 721//3710 694//3710 762//3710
f 694//3711 668//3711 791//3711
f 723//3712 696//3712 764//3712
f 697//3713 765//3713 764//3713
f 639//3714 727//3714 726//3714
f 732//3715 675//3715 704//3715
f 705//3716 733//3716 772//3716
f 733//3717 773//3717 772//3717
f 707//3718 734//3718 773//3718
f 756//3719 718//3719 755//3719
f 757//3720 719//3720 786//3720
f 720//3721 758//3721 788//3721
f 762//3722 790//3722 760//3722
f 723//3723 763//3723 791//3723
f 766//3724 794//3724 793//3724
f 699//3725 767//3725 826//3725
f 725//3726 796//3726 795//3726
f 726//3727 727//3727 796//3727
f 728//3728 799//3728 798//3728
f 730//3729 802//3729 771//3729
f 732//3730 803//3730 802//3730
f 704//3731 804//3731 803//3731
f 773//3732 734//3732 805//3732
f 754//3733 755//3733 815//3733
f 755//3734 718//3734 815//3734
f 787//3735 720//3735 818//3735
f 788//3736 789//3736 819//3736
f 759//3737 820//3737 819//3737
f 760//3738 821//3738 820//3738
f 760//3739 790//3739 821//3739
f 791//3740 763//3740 792//3740
f 764//3741 824//3741 792//3741
f 764//3742 765//3742 825//3742
f 767//3743 943//3743 826//3743
f 796//3744 827//3744 795//3744
f 796//3745 727//3745 828//3745
f 727//3746 797//3746 828//3746
f 700//3747 798//3747 797//3747
f 771//3748 802//3748 831//3748
f 802//3749 832//3749 831//3749
f 802//3750 803//3750 832//3750
f 804//3751 833//3751 832//3751
f 772//3752 835//3752 834//3752
f 773//3753 866//3753 835//3753
f 773//3754 805//3754 836//3754
f 805//3755 837//3755 836//3755
f 814//3756 815//3756 852//3756
f 786//3757 853//3757 817//3757
f 786//3758 787//3758 853//3758
f 788//3759 854//3759 818//3759
f 820//3760 821//3760 855//3760
f 790//3761 856//3761 822//3761
f 823//3762 792//3762 857//3762
f 793//3763 794//3763 858//3763
f 798//3764 861//3764 860//3764
f 831//3765 864//3765 863//3765
f 832//3766 865//3766 864//3766
f 834//3767 835//3767 833//3767
f 836//3768 867//3768 866//3768
f 837//3769 868//3769 867//3769
f 815//3770 904//3770 852//3770
f 815//3771 816//3771 879//3771
f 819//3772 820//3772 881//3772
f 822//3773 856//3773 882//3773
f 792//3774 824//3774 912//3774
f 824//3775 825//3775 883//3775
f 858//3776 884//3776 883//3776
f 864//3777 865//3777 890//3777
f 833//3778 835//3778 891//3778
f 866//3779 867//3779 891//3779
f 816//3780 817//3780 905//3780
f 817//3781 853//3781 906//3781
f 854//3782 880//3782 907//3782
f 855//3783 822//3783 909//3783
f 856//3784 910//3784 909//3784
f 857//3785 911//3785 910//3785
f 883//3786 884//3786 913//3786
f 864//3787 917//3787 916//3787
f 864//3788 890//3788 918//3788
f 891//3789 919//3789 890//3789
f 891//3790 867//3790 920//3790
f 867//3791 868//3791 921//3791
f 878//3792 904//3792 933//3792
f 907//3793 880//3793 934//3793
f 880//3794 881//3794 935//3794
f 855//3795 936//3795 935//3795
f 908//3796 937//3796 936//3796
f 909//3797 938//3797 937//3797
f 909//3798 939//3798 938//3798
f 911//3799 912//3799 941//3799
f 912//3800 942//3800 941//3800
f 890//3801 919//3801 918//3801
f 920//3802 921//3802 950//3802
f 921//3803 922//3803 950//3803
f 905//3804 906//3804 964//3804
f 907//3805 965//3805 964//3805
f 934//3806 966//3806 965//3806
f 935//3807 936//3807 966//3807
f 938//3808 967//3808 937//3808
f 939//3809 910//3809 969//3809
f 940//3810 970//3810 969//3810
f 942//3811 913//3811 971//3811
f 916//3812 978//3812 915//3812
f 918//3813 919//3813 979//3813
f 919//3814 980//3814 979//3814
f 919//3815 949//3815 980//3815
f 920//3816 981//3816 949//3816
f 950//3817 982//3817 981//3817
f 966//3818 995//3818 994//3818
f 936//3819 996//3819 995//3819
f 936//3820 937//3820 996//3820
f 938//3821 997//3821 967//3821
f 941//3822 998//3822 970//3822
f 941//3823 942//3823 998//3823
f 917//3824 1001//3824 978//3824
f 917//3825 918//3825 979//3825
f 963//3826 1020//3826 1019//3826
f 963//3827 993//3827 1020//3827
f 993//3828 964//3828 1021//3828
f 965//3829 966//3829 1022//3829
f 994//3830 995//3830 1023//3830
f 995//3831 996//3831 1024//3831
f 996//3832 1025//3832 1024//3832
f 996//3833 967//3833 1026//3833
f 967//3834 997//3834 1026//3834
f 968//3835 1027//3835 1026//3835
f 969//3836 970//3836 1028//3836
f 970//3837 998//3837 1028//3837
f 978//3838 1038//3838 1037//3838
f 979//3839 1039//3839 1001//3839
f 979//3840 980//3840 1040//3840
f 983//3841 1042//3841 1041//3841
f 1019//3842 1052//3842 1051//3842
f 1022//3843 994//3843 1054//3843
f 1026//3844 1056//3844 1025//3844
f 1026//3845 1027//3845 1057//3845
f 1001//3846 1063//3846 1038//3846
f 1047//3847 1074//3847 1010//3847
f 1052//3848 1078//3848 1051//3848
f 1020//3849 1021//3849 1078//3849
f 1021//3850 964//3850 1079//3850
f 1022//3851 1053//3851 1079//3851
f 1054//3852 1024//3852 1055//3852
f 1057//3853 1083//3853 1056//3853
f 1058//3854 1028//3854 1084//3854
f 1028//3855 1029//3855 1085//3855
f 1039//3856 1064//3856 1063//3856
f 1065//3857 1093//3857 1064//3857
f 1042//3858 1095//3858 1094//3858
f 1044//3859 1096//3859 1067//3859
f 1073//3860 1046//3860 1099//3860
f 1046//3861 1100//3861 1099//3861
f 1046//3862 1010//3862 1100//3862
f 1010//3863 1074//3863 1100//3863
f 1078//3864 1109//3864 1051//3864
f 1078//3865 1110//3865 1109//3865
f 1078//3866 1111//3866 1110//3866
f 1053//3867 1112//3867 1079//3867
f 1054//3868 1113//3868 1112//3868
f 1054//3869 1080//3869 1113//3869
f 1080//3870 1055//3870 1114//3870
f 1081//3871 1115//3871 1114//3871
f 1056//3872 1116//3872 1082//3872
f 1083//3873 1057//3873 1117//3873
f 1084//3874 1085//3874 1118//3874
f 1092//3875 1062//3875 1124//3875
f 1062//3876 1063//3876 1124//3876
f 1064//3877 1125//3877 1124//3877
f 1065//3878 1126//3878 1093//3878
f 1095//3879 1127//3879 1094//3879
f 1095//3880 1128//3880 1127//3880
f 1067//3881 1096//3881 1066//3881
f 1068//3882 1097//3882 1129//3882
f 1070//3883 1130//3883 1097//3883
f 1070//3884 1098//3884 1130//3884
f 1098//3885 1131//3885 1130//3885
f 1072//3886 1073//3886 1099//3886
f 1074//3887 1075//3887 1133//3887
f 1079//3888 1170//3888 1138//3888
f 1080//3889 1139//3889 1113//3889
f 1114//3890 1140//3890 1139//3890
f 1114//3891 1115//3891 1141//3891
f 1115//3892 1082//3892 1142//3892
f 1082//3893 1116//3893 1143//3893
f 1116//3894 1083//3894 1144//3894
f 1117//3895 1058//3895 1145//3895
f 1084//3896 1146//3896 1145//3896
f 1118//3897 1085//3897 1147//3897
f 1092//3898 1124//3898 1152//3898
f 1093//3899 1126//3899 1125//3899
f 1133//3900 1101//3900 1134//3900
f 1079//3901 1138//3901 1169//3901
f 1113//3902 1171//3902 1170//3902
f 1141//3903 1172//3903 1140//3903
f 1141//3904 1173//3904 1172//3904
f 1142//3905 1174//3905 1173//3905
f 1142//3906 1143//3906 1175//3906
f 1143//3907 1176//3907 1175//3907
f 1143//3908 1144//3908 1176//3908
f 1144//3909 1145//3909 1178//3909
f 1145//3910 1146//3910 1179//3910
f 1146//3911 1118//3911 1180//3911
f 1118//3912 1147//3912 1180//3912
f 1154//3913 1127//3913 1186//3913
f 1134//3914 1164//3914 1190//3914
f 1169//3915 1197//3915 1196//3915
f 1171//3916 1139//3916 1140//3916
f 1173//3917 1199//3917 1172//3917
f 1173//3918 1174//3918 1200//3918
f 1176//3919 1201//3919 1175//3919
f 1179//3920 1180//3920 1202//3920
f 1125//3921 1210//3921 1209//3921
f 1125//3922 1211//3922 1210//3922
f 1196//3923 1224//3923 1223//3923
f 1138//3924 1226//3924 1225//3924
f 1170//3925 1198//3925 1226//3925
f 1171//3926 1227//3926 1198//3926
f 1140//3927 1259//3927 1227//3927
f 1200//3928 1174//3928 1229//3928
f 1174//3929 1175//3929 1230//3929
f 1175//3930 1201//3930 1231//3930
f 1177//3931 1178//3931 1232//3931
f 1178//3932 1179//3932 1233//3932
f 1202//3933 1203//3933 1234//3933
f 1190//3934 1164//3934 1253//3934
f 1197//3935 1225//3935 1224//3935
f 1198//3936 1258//3936 1257//3936
f 1198//3937 1227//3937 1258//3937
f 1172//3938 1228//3938 1260//3938
f 1228//3939 1229//3939 1261//3939
f 1230//3940 1262//3940 1261//3940
f 1208//3941 1240//3941 1239//3941
f 1240//3942 1209//3942 1271//3942
f 1209//3943 1210//3943 1271//3943
f 1244//3944 1275//3944 1274//3944
f 1244//3945 1245//3945 1276//3945
f 1253//3946 1282//3946 1252//3946
f 1223//3947 1224//3947 1286//3947
f 1225//3948 1257//3948 1287//3948
f 1231//3949 1232//3949 1263//3949
f 1232//3950 1233//3950 1294//3950
f 1233//3951 1234//3951 1295//3951
f 1239//3952 1301//3952 1300//3952
f 1243//3953 1305//3953 1304//3953
f 1243//3954 1274//3954 1305//3954
f 1252//3955 1282//3955 1311//3955
f 1287//3956 1257//3956 1316//3956
f 1257//3957 1317//3957 1316//3957
f 1258//3958 1318//3958 1317//3958
f 1227//3959 1288//3959 1318//3959
f 1293//3960 1294//3960 1326//3960
f 1273//3961 1304//3961 1303//3961
f 1245//3962 1334//3962 1276//3962
f 1245//3963 1277//3963 1335//3963
f 1277//3964 1246//3964 1335//3964
f 1246//3965 1247//3965 1336//3965
f 1315//3966 1287//3966 1344//3966
f 1288//3967 1345//3967 1318//3967
f 1288//3968 1346//3968 1345//3968
f 1319//3969 1347//3969 1346//3969
f 1325//3970 1293//3970 1351//3970
f 1294//3971 1352//3971 1326//3971
f 1300//3972 1301//3972 1360//3972
f 1311//3973 1282//3973 1371//3973
f 1315//3974 1344//3974 1343//3974
f 1317//3975 1375//3975 1374//3975
f 1345//3976 1346//3976 1376//3976
f 1346//3977 1377//3977 1376//3977
f 1324//3978 1325//3978 1384//3978
f 1351//3979 1326//3979 1385//3979
f 1360//3980 1331//3980 1389//3980
f 1332//3981 1390//3981 1389//3981
f 1311//3982 1428//3982 1394//3982
f 1344//3983 1400//3983 1399//3983
f 1374//3984 1401//3984 1400//3984
f 1374//3985 1402//3985 1401//3985
f 1374//3986 1375//3986 1402//3986
f 1345//3987 1403//3987 1375//3987
f 1377//3988 1347//3988 1404//3988
f 1351//3989 1385//3989 1408//3989
f 1385//3990 1352//3990 1409//3990
f 1335//3991 1368//3991 1424//3991
f 1399//3992 1400//3992 1398//3992
f 1375//3993 1434//3993 1433//3993
f 1376//3994 1435//3994 1434//3994
f 1404//3995 1405//3995 1435//3995
f 1407//3996 1383//3996 1441//3996
f 1383//3997 1384//3997 1442//3997
f 1409//3998 1443//3998 1408//3998
f 1394//3999 1428//3999 1458//3999
f 1398//4000 1400//4000 1463//4000
f 1400//4001 1464//4001 1463//4001
f 1402//4002 1433//4002 1401//4002
f 1433//4003 1434//4003 1466//4003
f 1434//4004 1435//4004 1467//4004
f 1405//4005 1469//4005 1468//4005
f 1408//4006 1443//4006 1475//4006
f 1418//4007 1486//4007 1485//4007
f 1419//4008 1451//4008 1486//4008
f 1452//4009 1453//4009 1490//4009
f 1394//4010 1458//4010 1457//4010
f 1401//4011 1496//4011 1464//4011
f 1466//4012 1497//4012 1465//4012
f 1468//4013 1498//4013 1467//4013
f 1441//4014 1442//4014 1502//4014
f 1451//4015 1509//4015 1486//4015
f 1421//4016 1510//4016 1488//4016
f 1421//4017 1489//4017 1510//4017
f 1489//4018 1452//4018 1511//4018
f 1452//4019 1490//4019 1511//4019
f 1454//4020 1491//4020 1513//4020
f 1457//4021 1492//4021 1515//4021
f 1463//4022 1464//4022 1521//4022
f 1464//4023 1496//4023 1522//4023
f 1496//4024 1465//4024 1523//4024
f 1467//4025 1524//4025 1497//4025
f 1473//4026 1502//4026 1531//4026
f 1504//4027 1532//4027 1503//4027
f 1510//4028 1489//4028 1544//4028
f 1489//4029 1511//4029 1546//4029
f 1513//4030 1491//4030 1547//4030
f 1491//4031 1514//4031 1548//4031
f 1492//4032 1550//4032 1515//4032
f 1522//4033 1557//4033 1521//4033
f 1522//4034 1558//4034 1557//4034
f 1522//4035 1496//4035 1558//4035
f 1497//4036 1524//4036 1559//4036
f 1524//4037 1525//4037 1560//4037
f 1502//4038 1567//4038 1531//4038
f 1508//4039 1486//4039 1541//4039
f 1488//4040 1574//4040 1573//4040
f 1490//4041 1512//4041 1575//4041
f 1547//4042 1491//4042 1576//4042
f 1549//4043 1456//4043 1577//4043
f 1515//4044 1578//4044 1577//4044
f 1515//4045 1550//4045 1578//4045
f 1557//4046 1558//4046 1584//4046
f 1558//4047 1585//4047 1584//4047
f 1523//4048 1497//4048 1586//4048
f 1497//4049 1559//4049 1587//4049
f 1567//4050 1568//4050 1593//4050
f 1546//4051 1490//4051 1636//4051
f 1490//4052 1575//4052 1606//4052
f 1582//4053 1583//4053 1614//4053
f 1583//4054 1557//4054 1615//4054
f 1591//4055 1623//4055 1622//4055
f 1545//4056 1635//4056 1544//4056
f 1545//4057 1605//4057 1635//4057
f 1548//4058 1549//4058 1639//4058
f 1549//4059 1577//4059 1639//4059
f 1584//4060 1585//4060 1643//4060
f 1585//4061 1586//4061 1644//4061
f 1586//4062 1587//4062 1645//4062
f 1593//4063 1652//4063 1651//4063
f 1632//4064 1542//4064 1660//4064
f 1573//4065 1661//4065 1660//4065
f 1573//4066 1662//4066 1661//4066
f 1605//4067 1666//4067 1665//4067
f 1614//4068 1701//4068 1642//4068
f 1614//4069 1584//4069 1643//4069
f 1644//4070 1678//4070 1677//4070
f 1623//4071 1682//4071 1622//4071
f 1659//4072 1632//4072 1690//4072
f 1636//4073 1607//4073 1693//4073
f 1642//4074 1701//4074 1700//4074
f 1677//4075 1678//4075 1702//4075
f 1646//4076 1703//4076 1678//4076
f 1683//4077 1712//4077 1711//4077
f 1660//4078 1661//4078 1662//4078
f 1604//4079 1665//4079 1692//4079
f 1666//4080 1636//4080 1693//4080
f 1693//4081 1607//4081 1722//4081
f 1701//4082 1677//4082 1730//4082
f 1712//4083 1738//4083 1737//4083
f 1676//4084 1700//4084 1758//4084
f 1700//4085 1701//4085 1759//4085
f 1701//4086 1730//4086 1759//4086
f 1677//4087 1702//4087 1760//4087
f 1702//4088 1703//4088 1760//4088
f 1731//4089 1732//4089 1761//4089
f 1738//4090 1766//4090 1765//4090
f 1690//4091 1772//4091 1771//4091
f 1690//4092 1717//4092 1772//4092
f 1693//4093 1775//4093 1721//4093
f 1722//4094 1776//4094 1775//4094
f 1700//4095 1784//4095 1758//4095
f 1700//4096 1759//4096 1784//4096
f 1772//4097 1801//4097 1771//4097
f 1721//4098 1775//4098 1774//4098
f 1776//4099 1805//4099 1775//4099
f 1758//4100 1784//4100 1813//4100
f 1784//4101 1785//4101 1814//4101
f 1730//4102 1760//4102 1816//4102
f 1760//4103 1731//4103 1817//4103
f 1761//4104 1786//4104 1819//4104
f 1789//4105 1821//4105 1788//4105
f 1765//4106 1823//4106 1822//4106
f 1774//4107 1835//4107 1834//4107
f 1775//4108 1836//4108 1835//4108
f 1775//4109 1805//4109 1836//4109
f 1812//4110 1813//4110 1846//4110
f 1813//4111 1814//4111 1847//4111
f 1817//4112 1761//4112 1818//4112
f 1821//4113 1851//4113 1850//4113
f 1791//4114 1853//4114 1852//4114
f 1800//4115 1801//4115 1860//4115
f 1801//4116 1802//4116 1861//4116
f 1834//4117 1863//4117 1833//4117
f 1847//4118 1814//4118 1870//4118
f 1814//4119 1815//4119 1871//4119
f 1816//4120 1817//4120 1872//4120
f 1818//4121 1819//4121 1874//4121
f 1822//4122 1823//4122 1851//4122
f 1861//4123 1802//4123 1887//4123
f 1802//4124 1862//4124 1888//4124
f 1862//4125 1889//4125 1888//4125
f 1836//4126 1891//4126 1835//4126
f 1837//4127 1892//4127 1891//4127
f 1837//4128 1864//4128 1892//4128
f 1812//4129 1846//4129 1898//4129
f 1816//4130 1872//4130 1900//4130
f 1823//4131 1852//4131 1904//4131
f 1859//4132 1860//4132 1913//4132
f 1860//4133 1861//4133 1914//4133
f 1887//4134 1888//4134 1915//4134
f 1835//4135 1917//4135 1916//4135
f 1835//4136 1918//4136 1917//4136
f 1891//4137 1892//4137 1918//4137
f 1864//4138 1919//4138 1892//4138
f 1889//4139 1943//4139 1942//4139
f 2078//4140 2137//4140 2136//4140
f 2128//4141 2129//4141 2151//4141
f 2131//4142 2072//4142 2154//4142
f 2132//4143 2155//4143 2154//4143
f 2133//4144 2134//4144 2156//4144
f 2101//4145 2136//4145 2135//4145
f 2129//4146 2186//4146 2151//4146
f 2154//4147 2188//4147 2153//4147
f 2155//4148 2189//4148 2188//4148
f 2155//4149 2133//4149 2156//4149
f 2134//4150 2099//4150 2190//4150
f 2157//4151 2135//4151 2191//4151
f 2136//4152 2137//4152 2193//4152
f 2138//4153 2159//4153 2158//4153
f 2139//4154 2195//4154 2194//4154
f 2146//4155 2182//4155 2213//4155
f 2122//4156 2147//4156 2182//4156
f 2147//4157 2123//4157 2214//4157
f 2148//4158 2184//4158 2217//4158
f 2127//4159 2150//4159 2219//4159
f 2152//4160 2220//4160 2186//4160
f 2187//4161 2221//4161 2220//4161
f 2156//4162 2190//4162 2226//4162
f 2191//4163 2192//4163 2228//4163
f 2159//4164 2194//4164 2229//4164
f 2230//4165 2196//4165 2294//4165
f 2147//4166 2251//4166 2182//4166
f 2217//4167 2184//4167 2252//4167
f 2184//4168 2185//4168 2252//4168
f 2149//4169 2219//4169 2218//4169
f 2151//4170 2253//4170 2150//4170
f 2186//4171 2220//4171 2253//4171
f 2228//4172 2193//4172 2259//4172
f 2193//4173 2229//4173 2260//4173
f 2229//4174 2194//4174 2261//4174
f 2194//4175 2195//4175 2262//4175
f 2196//4176 2197//4176 2264//4176
f 2232//4177 2233//4177 2265//4177
f 2234//4178 2161//4178 2266//4178
f 2201//4179 2267//4179 2235//4179
f 2164//4180 2237//4180 2268//4180
f 2166//4181 2269//4181 2239//4181
f 2166//4182 2202//4182 2270//4182
f 2203//4183 2240//4183 2271//4183
f 2204//4184 2205//4184 2272//4184
f 2245//4185 2276//4185 2275//4185
f 2248//4186 2249//4186 2277//4186
f 2211//4187 2250//4187 2277//4187
f 2182//4188 2278//4188 2213//4188
f 2214//4189 2183//4189 2280//4189
f 2183//4190 2281//4190 2280//4190
f 2183//4191 2215//4191 2281//4191
f 2216//4192 2282//4192 2281//4192
f 2216//4193 2283//4193 2282//4193
f 2218//4194 2284//4194 2252//4194
f 2218//4195 2285//4195 2284//4195
f 2218//4196 2219//4196 2285//4196
f 2219//4197 2286//4197 2285//4197
f 2150//4198 2253//4198 2286//4198
f 2227//4199 2228//4199 2292//4199
f 2228//4200 2259//4200 2292//4200
f 2259//4201 2260//4201 2292//4201
f 2260//4202 2229//4202 2293//4202
f 2235//4203 2267//4203 2266//4203
f 2236//4204 2164//4204 2268//4204
f 2268//4205 2237//4205 2299//4205
f 2237//4206 2239//4206 2300//4206
f 2239//4207 2269//4207 2301//4207
f 2270//4208 2202//4208 2302//4208
f 2271//4209 2303//4209 2302//4209
f 2271//4210 2240//4210 2304//4210
f 2240//4211 2204//4211 2304//4211
f 2204//4212 2272//4212 2305//4212
f 2241//4213 2306//4213 2272//4213
f 2241//4214 2273//4214 2307//4214
f 2273//4215 2308//4215 2307//4215
f 2273//4216 2310//4216 2309//4216
f 2274//4217 2243//4217 2310//4217
f 2243//4218 2244//4218 2311//4218
f 2244//4219 2275//4219 2311//4219
f 2245//4220 2312//4220 2276//4220
f 2246//4221 2247//4221 2313//4221
f 2250//4222 2314//4222 2277//4222
f 2250//4223 2213//4223 2315//4223
f 2251//4224 2316//4224 2279//4224
f 2280//4225 2317//4225 2214//4225
f 2280//4226 2281//4226 2318//4226
f 2217//4227 2252//4227 2284//4227
f 2253//4228 2320//4228 2319//4228
f 2253//4229 2287//4229 2320//4229
f 2292//4230 2260//4230 2324//4230
f 2261//4231 2262//4231 2325//4231
f 2266//4232 2267//4232 2327//4232
f 2268//4233 2329//4233 2328//4233
f 2300//4234 2330//4234 2299//4234
f 2301//4235 2270//4235 2331//4235
f 2303//4236 2271//4236 2332//4236
f 2272//4237 2306//4237 2305//4237
f 2307//4238 2334//4238 2333//4238
f 2307//4239 2308//4239 2334//4239
f 2308//4240 2335//4240 2334//4240
f 2309//4241 2336//4241 2335//4241
f 2310//4242 2337//4242 2309//4242
f 2310//4243 2311//4243 2337//4243
f 2311//4244 2276//4244 2312//4244
f 2246//4245 2313//4245 2338//4245
f 2313//4246 2277//4246 2340//4246
f 2277//4247 2314//4247 2340//4247
f 2315//4248 2278//4248 2341//4248
f 2282//4249 2283//4249 2343//4249
f 2283//4250 2217//4250 2343//4250
f 2285//4251 2344//4251 2284//4251
f 2286//4252 2319//4252 2344//4252
f 2220//4253 2378//4253 2287//4253
f 2293//4254 2325//4254 2353//4254
f 2298//4255 2266//4255 2359//4255
f 2266//4256 2327//4256 2360//4256
f 2299//4257 2395//4257 2329//4257
f 2302//4258 2332//4258 2362//4258
f 2332//4259 2304//4259 2363//4259
f 2304//4260 2305//4260 2364//4260
f 2305//4261 2306//4261 2333//4261
f 2340//4262 2314//4262 2368//4262
f 2316//4263 2214//4263 2371//4263
f 2214//4264 2317//4264 2372//4264
f 2317//4265 2373//4265 2372//4265
f 2318//4266 2282//4266 2374//4266
f 2282//4267 2343//4267 2374//4267
f 2343//4268 2375//4268 2374//4268
f 2343//4269 2376//4269 2375//4269
f 2287//4270 2378//4270 2320//4270
f 2323//4271 2324//4271 2387//4271
f 2352//4272 2353//4272 2389//4272
f 2327//4273 2393//4273 2360//4273
f 2327//4274 2329//4274 2394//4274
f 2299//4275 2330//4275 2361//4275
f 2331//4276 2396//4276 2361//4276
f 2331//4277 2302//4277 2397//4277
f 2362//4278 2398//4278 2397//4278
f 2362//4279 2399//4279 2398//4279
f 2362//4280 2363//4280 2400//4280
f 2363//4281 2364//4281 2401//4281
f 2333//4282 2402//4282 2364//4282
f 2369//4283 2341//4283 2407//4283
f 2316//4284 2370//4284 2407//4284
f 2342//4285 2408//4285 2373//4285
f 2342//4286 2374//4286 2408//4286
f 2319//4287 2377//4287 2409//4287
f 2320//4288 2411//4288 2410//4288
f 2320//4289 2378//4289 2411//4289
f 2357//4290 2358//4290 2419//4290
f 2358//4291 2359//4291 2420//4291
f 2359//4292 2360//4292 2420//4292
f 2393//4293 2421//4293 2420//4293
f 2361//4294 2422//4294 2395//4294
f 2397//4295 2398//4295 2423//4295
f 2399//4296 2424//4296 2423//4296
f 2399//4297 2400//4297 2425//4297
f 2364//4298 2426//4298 2401//4298
f 2364//4299 2402//4299 2427//4299
f 2365//4300 2428//4300 2427//4300
f 2368//4301 2369//4301 2436//4301
f 2369//4302 2407//4302 2436//4302
f 2370//4303 2437//4303 2407//4303
f 2372//4304 2373//4304 2438//4304
f 2373//4305 2408//4305 2439//4305
f 2408//4306 2374//4306 2440//4306
f 2374//4307 2441//4307 2440//4307
f 2374//4308 2375//4308 2441//4308
f 2375//4309 2376//4309 2442//4309
f 2376//4310 2344//4310 2409//4310
f 2377//4311 2443//4311 2409//4311
f 2411//4312 2378//4312 2444//4312
f 2387//4313 2388//4313 2452//4313
f 2356//4314 2457//4314 2456//4314
f 2419//4315 2493//4315 2457//4315
f 2419//4316 2458//4316 2493//4316
f 2420//4317 2421//4317 2459//4317
f 2394//4318 2395//4318 2460//4318
f 2395//4319 2422//4319 2461//4319
f 2422//4320 2396//4320 2462//4320
f 2396//4321 2397//4321 2423//4321
f 2423//4322 2424//4322 2463//4322
f 2434//4323 2435//4323 2472//4323
f 2436//4324 2407//4324 2473//4324
f 2437//4325 2475//4325 2474//4325
f 2438//4326 2476//4326 2475//4326
f 2438//4327 2373//4327 2477//4327
f 2440//4328 2441//4328 2478//4328
f 2442//4329 2479//4329 2478//4329
f 2443//4330 2410//4330 2481//4330
f 2411//4331 2444//4331 2481//4331
f 2451//4332 2387//4332 2487//4332
f 2452//4333 2388//4333 2488//4333
f 2388//4334 2389//4334 2488//4334
f 2458//4335 2494//4335 2493//4335
f 2421//4336 2495//4336 2494//4336
f 2421//4337 2460//4337 2495//4337
f 2460//4338 2461//4338 2496//4338
f 2462//4339 2498//4339 2497//4339
f 2423//4340 2499//4340 2498//4340
f 2423//4341 2463//4341 2499//4341
f 2424//4342 2425//4342 2501//4342
f 2401//4343 2426//4343 2501//4343
f 2426//4344 2428//4344 2503//4344
f 2434//4345 2472//4345 2508//4345
f 2435//4346 2509//4346 2472//4346
f 2436//4347 2510//4347 2509//4347
f 2436//4348 2473//4348 2510//4348
f 2473//4349 2437//4349 2474//4349
f 2474//4350 2475//4350 2512//4350
f 2476//4351 2513//4351 2512//4351
f 2439//4352 2440//4352 2514//4352
f 2478//4353 2515//4353 2514//4353
f 2478//4354 2479//4354 2516//4354
f 2409//4355 2480//4355 2516//4355
f 2481//4356 2444//4356 2519//4356
f 2487//4357 2523//4357 2522//4357
f 2452//4358 2524//4358 2523//4358
f 2488//4359 2525//4359 2524//4359
f 2490//4360 2491//4360 2595//4360
f 2497//4361 2528//4361 2496//4361
f 2463//4362 2500//4362 2499//4362
f 2472//4363 2534//4363 2508//4363
f 2472//4364 2509//4364 2534//4364
f 2477//4365 2439//4365 2539//4365
f 2439//4366 2514//4366 2539//4366
f 2514//4367 2515//4367 2541//4367
f 2480//4368 2543//4368 2542//4368
f 2491//4369 2573//4369 2595//4369
f 2457//4370 2493//4370 2551//4370
f 2494//4371 2553//4371 2527//4371
f 2494//4372 2495//4372 2554//4372
f 2495//4373 2496//4373 2528//4373
f 2500//4374 2529//4374 2499//4374
f 2503//4375 2504//4375 2557//4375
f 2531//4376 2532//4376 2558//4376
f 2508//4377 2534//4377 2560//4377
f 2509//4378 2561//4378 2534//4378
f 2516//4379 2542//4379 2567//4379
f 2547//4380 2548//4380 2546//4380
f 2521//4381 2549//4381 2548//4381
f 2524//4382 2571//4382 2523//4382
f 2524//4383 2525//4383 2571//4383
f 2526//4384 2551//4384 2573//4384
f 2493//4385 2552//4385 2551//4385
f 2554//4386 2495//4386 2575//4386
f 2495//4387 2528//4387 2575//4387
f 2528//4388 2498//4388 2576//4388
f 2529//4389 2555//4389 2576//4389
f 2502//4390 2557//4390 2578//4390
f 2560//4391 2534//4391 2580//4391
f 2561//4392 2562//4392 2581//4392
f 2543//4393 2585//4393 2542//4393
f 2519//4394 2544//4394 2588//4394
f 2545//4395 2546//4395 2589//4395
f 2549//4396 2591//4396 2548//4396
f 2522//4397 2592//4397 2549//4397
f 2573//4398 2596//4398 2595//4398
f 2573//4399 2597//4399 2596//4399
f 2552//4400 2599//4400 2598//4400
f 2553//4401 2554//4401 2600//4401
f 2554//4402 2575//4402 2601//4402
f 2556//4403 2502//4403 2578//4403
f 2580//4404 2561//4404 2606//4404
f 2542//4405 2585//4405 2567//4405
f 2549//4406 2592//4406 2591//4406
f 2551//4407 2616//4407 2597//4407
f 2577//4408 2625//4408 2624//4408
f 2577//4409 2578//4409 2626//4409
f 2606//4410 2581//4410 2636//4410
f 2567//4411 2585//4411 2612//4411
f 2612//4412 2585//4412 2663//4412
f 2585//4413 2664//4413 2694//4413
f 2687//4414 2636//4414 2716//4414
f 2664//4415 2720//4415 2694//4415
f 2740//4416 2816//4416 2792//4416
f 65//4417 6//4417 66//4417
f 98//4418 3//4418 177//4418
f 177//4419 4//4419 65//4419
f 176//4420 2//4420 125//4420
f 177//4421 65//4421 147//4421
f 102//4422 69//4422 151//4422
f 153//4423 69//4423 103//4423
f 155//4424 104//4424 156//4424
f 126//4425 127//4425 156//4425
f 132//4426 109//4426 161//4426
f 109//4427 81//4427 162//4427
f 134//4428 135//4428 165//4428
f 135//4429 136//4429 166//4429
f 146//4430 98//4430 177//4430
f 177//4431 147//4431 178//4431
f 152//4432 69//4432 153//4432
f 179//4433 154//4433 155//4433
f 183//4434 130//4434 184//4434
f 159//4435 160//4435 185//4435
f 185//4436 160//4436 161//4436
f 162//4437 133//4437 186//4437
f 112//4438 134//4438 165//4438
f 165//4439 135//4439 188//4439
f 166//4440 136//4440 189//4440
f 136//4441 137//4441 191//4441
f 139//4442 114//4442 191//4442
f 192//4443 114//4443 167//4443
f 167//4444 140//4444 168//4444
f 193//4445 141//4445 169//4445
f 194//4446 118//4446 170//4446
f 120//4447 143//4447 195//4447
f 143//4448 92//4448 196//4448
f 92//4449 121//4449 196//4449
f 203//4450 177//4450 178//4450
f 151//4451 152//4451 205//4451
f 206//4452 152//4452 153//4452
f 207//4453 103//4453 179//4453
f 209//4454 155//4454 210//4454
f 156//4455 180//4455 210//4455
f 212//4456 185//4456 162//4456
f 185//4457 161//4457 162//4457
f 133//4458 187//4458 186//4458
f 163//4459 164//4459 235//4459
f 189//4460 190//4460 213//4460
f 213//4461 190//4461 214//4461
f 215//4462 167//4462 216//4462
f 216//4463 168//4463 217//4463
f 217//4464 116//4464 193//4464
f 218//4465 170//4465 171//4465
f 203//4466 178//4466 204//4466
f 205//4467 206//4467 224//4467
f 207//4468 179//4468 208//4468
f 183//4469 184//4469 229//4469
f 184//4470 212//4470 230//4470
f 212//4471 162//4471 231//4471
f 187//4472 163//4472 234//4472
f 163//4473 235//4473 234//4473
f 165//4474 188//4474 236//4474
f 188//4475 166//4475 237//4475
f 166//4476 189//4476 238//4476
f 189//4477 213//4477 238//4477
f 213//4478 214//4478 239//4478
f 239//4479 214//4479 191//4479
f 240//4480 191//4480 241//4480
f 241//4481 192//4481 242//4481
f 243//4482 194//4482 218//4482
f 171//4483 195//4483 244//4483
f 245//4484 195//4484 246//4484
f 195//4485 196//4485 246//4485
f 196//4486 197//4486 246//4486
f 222//4487 146//4487 251//4487
f 251//4488 203//4488 252//4488
f 252//4489 203//4489 204//4489
f 255//4490 209//4490 256//4490
f 256//4491 210//4491 257//4491
f 183//4492 229//4492 228//4492
f 259//4493 186//4493 233//4493
f 187//4494 234//4494 260//4494
f 264//4495 213//4495 265//4495
f 265//4496 239//4496 266//4496
f 191//4497 240//4497 266//4497
f 242//4498 215//4498 267//4498
f 267//4499 216//4499 268//4499
f 268//4500 217//4500 269//4500
f 269//4501 193//4501 243//4501
f 270//4502 218//4502 244//4502
f 246//4503 247//4503 271//4503
f 228//4504 229//4504 285//4504
f 229//4505 230//4505 286//4505
f 230//4506 258//4506 286//4506
f 230//4507 232//4507 258//4507
f 287//4508 232//4508 259//4508
f 288//4509 259//4509 289//4509
f 233//4510 260//4510 290//4510
f 234//4511 235//4511 291//4511
f 261//4512 236//4512 292//4512
f 236//4513 188//4513 293//4513
f 237//4514 238//4514 295//4514
f 296//4515 213//4515 264//4515
f 266//4516 240//4516 241//4516
f 243//4517 218//4517 299//4517
f 300//4518 244//4518 301//4518
f 244//4519 245//4519 301//4519
f 327//4520 245//4520 271//4520
f 302//4521 273//4521 274//4521
f 307//4522 251//4522 252//4522
f 312//4523 226//4523 283//4523
f 313//4524 256//4524 314//4524
f 323//4525 267//4525 324//4525
f 325//4526 268//4526 269//4526
f 299//4527 270//4527 326//4527
f 327//4528 271//4528 328//4528
f 271//4529 247//4529 328//4529
f 247//4530 272//4530 328//4530
f 279//4531 222//4531 336//4531
f 222//4532 251//4532 336//4532
f 251//4533 307//4533 336//4533
f 252//4534 308//4534 337//4534
f 342//4535 283//4535 343//4535
f 313//4536 314//4536 343//4536
f 285//4537 286//4537 346//4537
f 286//4538 316//4538 346//4538
f 316//4539 287//4539 347//4539
f 289//4540 290//4540 348//4540
f 323//4541 324//4541 357//4541
f 270//4542 300//4542 359//4542
f 360//4543 300//4543 301//4543
f 272//4544 329//4544 361//4544
f 329//4545 330//4545 362//4545
f 331//4546 332//4546 363//4546
f 332//4547 333//4547 365//4547
f 367//4548 337//4548 368//4548
f 371//4549 283//4549 342//4549
f 346//4550 316//4550 376//4550
f 316//4551 347//4551 377//4551
f 347//4552 288//4552 377//4552
f 360//4553 301//4553 389//4553
f 301//4554 327//4554 389//4554
f 391//4555 327//4555 428//4555
f 428//4556 328//4556 392//4556
f 392//4557 361//4557 362//4557
f 364//4558 332//4558 365//4558
f 365//4559 333//4559 394//4559
f 305//4560 334//4560 394//4560
f 307//4561 337//4561 398//4561
f 401//4562 309//4562 402//4562
f 371//4563 342//4563 404//4563
f 342//4564 343//4564 405//4564
f 405//4565 343//4565 372//4565
f 372//4566 373//4566 406//4566
f 408//4567 346//4567 376//4567
f 411//4568 348//4568 412//4568
f 412//4569 349//4569 378//4569
f 357//4570 387//4570 421//4570
f 422//4571 387//4571 423//4571
f 358//4572 326//4572 424//4572
f 326//4573 359//4573 424//4573
f 425//4574 359//4574 426//4574
f 360//4575 389//4575 426//4575
f 362//4576 330//4576 429//4576
f 430//4577 302//4577 431//4577
f 431//4578 363//4578 432//4578
f 432//4579 363//4579 433//4579
f 367//4580 368//4580 438//4580
f 442//4581 404//4581 443//4581
f 405//4582 372//4582 406//4582
f 408//4583 376//4583 409//4583
f 445//4584 377//4584 446//4584
f 446//4585 411//4585 447//4585
f 412//4586 378//4586 447//4586
f 485//4587 422//4587 456//4587
f 423//4588 388//4588 456//4588
f 457//4589 428//4589 458//4589
f 392//4590 429//4590 458//4590
f 429//4591 393//4591 430//4591
f 364//4592 394//4592 433//4592
f 437//4593 398//4593 462//4593
f 406//4594 407//4594 470//4594
f 474//4595 408//4595 475//4595
f 475//4596 409//4596 410//4596
f 476//4597 446//4597 477//4597
f 447//4598 448//4598 477//4598
f 422//4599 485//4599 421//4599
f 488//4600 426//4600 489//4600
f 427//4601 390//4601 489//4601
f 490//4602 457//4602 458//4602
f 492//4603 430//4603 493//4603
f 493//4604 431//4604 494//4604
f 432//4605 433//4605 494//4605
f 438//4606 399//4606 498//4606
f 442//4607 468//4607 500//4607
f 501//4608 470//4608 502//4608
f 475//4609 410//4609 445//4609
f 476//4610 477//4610 504//4610
f 421//4611 485//4611 512//4611
f 515//4612 489//4612 516//4612
f 391//4613 490//4613 516//4613
f 490//4614 458//4614 491//4614
f 493//4615 494//4615 517//4615
f 518//4616 433//4616 519//4616
f 519//4617 435//4617 520//4617
f 437//4618 462//4618 497//4618
f 462//4619 438//4619 497//4619
f 525//4620 465//4620 526//4620
f 468//4621 469//4621 529//4621
f 529//4622 469//4622 501//4622
f 531//4623 503//4623 532//4623
f 474//4624 475//4624 532//4624
f 477//4625 505//4625 533//4625
f 533//4626 505//4626 534//4626
f 507//4627 482//4627 539//4627
f 540//4628 482//4628 508//4628
f 511//4629 512//4629 542//4629
f 485//4630 486//4630 543//4630
f 486//4631 425//4631 544//4631
f 545//4632 514//4632 546//4632
f 546//4633 488//4633 547//4633
f 548//4634 516//4634 549//4634
f 549//4635 516//4635 550//4635
f 490//4636 491//4636 551//4636
f 551//4637 491//4637 552//4637
f 552//4638 492//4638 517//4638
f 520//4639 496//4639 578//4639
f 498//4640 463//4640 553//4640
f 500//4641 468//4641 557//4641
f 529//4642 501//4642 558//4642
f 501//4643 502//4643 558//4643
f 532//4644 475//4644 563//4644
f 445//4645 504//4645 563//4645
f 564//4646 533//4646 565//4646
f 565//4647 533//4647 566//4647
f 533//4648 534//4648 566//4648
f 479//4649 536//4649 567//4649
f 567//4650 536//4650 537//4650
f 568//4651 506//4651 569//4651
f 508//4652 509//4652 540//4652
f 570//4653 509//4653 541//4653
f 541//4654 510//4654 571//4654
f 510//4655 511//4655 571//4655
f 512//4656 513//4656 572//4656
f 544//4657 487//4657 604//4657
f 573//4658 515//4658 548//4658
f 490//4659 551//4659 550//4659
f 552//4660 517//4660 574//4660
f 495//4661 518//4661 575//4661
f 518//4662 519//4662 576//4662
f 519//4663 520//4663 576//4663
f 520//4664 578//4664 577//4664
f 496//4665 521//4665 578//4665
f 497//4666 498//4666 581//4666
f 557//4667 529//4667 587//4667
f 558//4668 530//4668 590//4668
f 592//4669 562//4669 593//4669
f 562//4670 563//4670 593//4670
f 563//4671 564//4671 594//4671
f 564//4672 565//4672 595//4672
f 565//4673 566//4673 595//4673
f 596//4674 566//4674 597//4674
f 597//4675 566//4675 598//4675
f 598//4676 534//4676 535//4676
f 535//4677 567//4677 599//4677
f 599//4678 537//4678 568//4678
f 600//4679 540//4679 570//4679
f 511//4680 542//4680 602//4680
f 543//4681 544//4681 603//4681
f 544//4682 604//4682 603//4682
f 605//4683 547//4683 606//4683
f 606//4684 573//4684 548//4684
f 549//4685 550//4685 607//4685
f 607//4686 551//4686 608//4686
f 575//4687 576//4687 610//4687
f 576//4688 577//4688 636//4688
f 578//4689 521//4689 612//4689
f 553//4690 554//4690 583//4690
f 526//4691 556//4691 586//4691
f 595//4692 596//4692 597//4692
f 620//4693 598//4693 621//4693
f 621//4694 535//4694 622//4694
f 599//4695 568//4695 623//4695
f 623//4696 568//4696 658//4696
f 569//4697 539//4697 600//4697
f 542//4698 572//4698 624//4698
f 572//4699 543//4699 626//4699
f 548//4700 549//4700 629//4700
f 630//4701 549//4701 607//4701
f 632//4702 574//4702 633//4702
f 517//4703 609//4703 633//4703
f 576//4704 636//4704 635//4704
f 577//4705 578//4705 636//4705
f 671//4706 523//4706 637//4706
f 581//4707 582//4707 638//4707
f 642//4708 585//4708 643//4708
f 643//4709 585//4709 644//4709
f 644//4710 526//4710 645//4710
f 586//4711 587//4711 645//4711
f 589//4712 590//4712 646//4712
f 590//4713 559//4713 647//4713
f 649//4714 617//4714 650//4714
f 594//4715 564//4715 651//4715
f 564//4716 619//4716 652//4716
f 652//4717 619//4717 653//4717
f 653//4718 619//4718 654//4718
f 654//4719 597//4719 620//4719
f 656//4720 622//4720 657//4720
f 599//4721 623//4721 657//4721
f 569//4722 600//4722 658//4722
f 570//4723 601//4723 659//4723
f 659//4724 601//4724 660//4724
f 602//4725 624//4725 662//4725
f 603//4726 627//4726 664//4726
f 666//4727 606//4727 667//4727
f 607//4728 631//4728 632//4728
f 609//4729 610//4729 634//4729
f 610//4730 611//4730 668//4730
f 696//4731 636//4731 669//4731
f 553//4732 640//4732 672//4732
f 587//4733 589//4733 675//4733
f 647//4734 615//4734 676//4734
f 650//4735 618//4735 679//4735
f 652//4736 653//4736 680//4736
f 681//4737 620//4737 655//4737
f 655//4738 621//4738 656//4738
f 682//4739 623//4739 658//4739
f 600//4740 659//4740 683//4740
f 661//4741 662//4741 685//4741
f 624//4742 625//4742 687//4742
f 664//4743 627//4743 689//4743
f 665//4744 604//4744 690//4744
f 691//4745 666//4745 667//4745
f 629//4746 630//4746 692//4746
f 607//4747 632//4747 692//4747
f 633//4748 634//4748 694//4748
f 694//4749 634//4749 668//4749
f 636//4750 696//4750 695//4750
f 669//4751 613//4751 696//4751
f 613//4752 670//4752 697//4752
f 580//4753 581//4753 638//4753
f 643//4754 644//4754 703//4754
f 645//4755 675//4755 703//4755
f 675//4756 646//4756 704//4756
f 705//4757 646//4757 706//4757
f 647//4758 676//4758 706//4758
f 706//4759 676//4759 707//4759
f 707//4760 676//4760 677//4760
f 711//4761 654//4761 681//4761
f 658//4762 600//4762 713//4762
f 684//4763 659//4763 685//4763
f 687//4764 625//4764 715//4764
f 718//4765 666//4765 691//4765
f 719//4766 629//4766 720//4766
f 633//4767 694//4767 721//4767
f 668//4768 635//4768 722//4768
f 635//4769 695//4769 723//4769
f 695//4770 696//4770 723//4770
f 697//4771 698//4771 724//4771
f 638//4772 639//4772 726//4772
f 674//4773 642//4773 730//4773
f 730//4774 642//4774 702//4774
f 702//4775 643//4775 731//4775
f 703//4776 675//4776 732//4776
f 706//4777 707//4777 733//4777
f 755//4778 690//4778 756//4778
f 718//4779 691//4779 757//4779
f 667//4780 719//4780 757//4780
f 629//4781 692//4781 720//4781
f 692//4782 693//4782 758//4782
f 758//4783 693//4783 759//4783
f 759//4784 693//4784 760//4784
f 632//4785 721//4785 760//4785
f 761//4786 721//4786 762//4786
f 762//4787 694//4787 791//4787
f 668//4788 722//4788 791//4788
f 763//4789 723//4789 764//4789
f 696//4790 697//4790 764//4790
f 697//4791 724//4791 765//4791
f 765//4792 724//4792 766//4792
f 699//4793 725//4793 767//4793
f 674//4794 730//4794 771//4794
f 730//4795 702//4795 731//4795
f 704//4796 705//4796 772//4796
f 733//4797 707//4797 773//4797
f 718//4798 757//4798 786//4798
f 786//4799 719//4799 787//4799
f 719//4800 720//4800 787//4800
f 788//4801 758//4801 789//4801
f 758//4802 759//4802 789//4802
f 761//4803 762//4803 760//4803
f 762//4804 791//4804 790//4804
f 722//4805 723//4805 791//4805
f 763//4806 764//4806 792//4806
f 765//4807 766//4807 793//4807
f 767//4808 725//4808 795//4808
f 725//4809 726//4809 796//4809
f 727//4810 700//4810 797//4810
f 700//4811 728//4811 798//4811
f 730//4812 731//4812 802//4812
f 731//4813 732//4813 802//4813
f 732//4814 704//4814 803//4814
f 804//4815 704//4815 772//4815
f 814//4816 754//4816 815//4816
f 815//4817 718//4817 816//4817
f 816//4818 718//4818 817//4818
f 818//4819 720//4819 788//4819
f 789//4820 759//4820 819//4820
f 759//4821 760//4821 820//4821
f 821//4822 790//4822 822//4822
f 790//4823 791//4823 823//4823
f 823//4824 791//4824 792//4824
f 824//4825 764//4825 825//4825
f 825//4826 765//4826 793//4826
f 943//4827 767//4827 795//4827
f 827//4828 796//4828 828//4828
f 803//4829 804//4829 832//4829
f 833//4830 804//4830 834//4830
f 804//4831 772//4831 834//4831
f 772//4832 773//4832 835//4832
f 866//4833 773//4833 836//4833
f 718//4834 786//4834 817//4834
f 853//4835 787//4835 818//4835
f 854//4836 788//4836 819//4836
f 856//4837 790//4837 823//4837
f 825//4838 793//4838 858//4838
f 797//4839 798//4839 860//4839
f 861//4840 798//4840 799//4840
f 771//4841 831//4841 863//4841
f 831//4842 832//4842 864//4842
f 865//4843 832//4843 833//4843
f 836//4844 837//4844 867//4844
f 904//4845 815//4845 879//4845
f 853//4846 818//4846 854//4846
f 880//4847 819//4847 881//4847
f 820//4848 855//4848 881//4848
f 821//4849 822//4849 855//4849
f 823//4850 857//4850 856//4850
f 857//4851 792//4851 912//4851
f 912//4852 824//4852 883//4852
f 825//4853 858//4853 883//4853
f 865//4854 833//4854 890//4854
f 835//4855 866//4855 891//4855
f 878//4856 852//4856 904//4856
f 904//4857 816//4857 905//4857
f 905//4858 817//4858 906//4858
f 906//4859 853//4859 907//4859
f 853//4860 854//4860 907//4860
f 854//4861 819//4861 880//4861
f 908//4862 855//4862 909//4862
f 822//4863 882//4863 909//4863
f 882//4864 856//4864 909//4864
f 856//4865 857//4865 910//4865
f 857//4866 912//4866 911//4866
f 912//4867 883//4867 913//4867
f 863//4868 864//4868 916//4868
f 917//4869 864//4869 918//4869
f 833//4870 891//4870 890//4870
f 919//4871 891//4871 920//4871
f 920//4872 867//4872 921//4872
f 933//4873 904//4873 905//4873
f 934//4874 880//4874 935//4874
f 881//4875 855//4875 935//4875
f 855//4876 908//4876 936//4876
f 908//4877 909//4877 937//4877
f 909//4878 910//4878 939//4878
f 910//4879 911//4879 940//4879
f 940//4880 911//4880 941//4880
f 942//4881 912//4881 913//4881
f 919//4882 920//4882 949//4882
f 962//4883 878//4883 933//4883
f 933//4884 905//4884 963//4884
f 963//4885 905//4885 964//4885
f 906//4886 907//4886 964//4886
f 907//4887 934//4887 965//4887
f 934//4888 935//4888 966//4888
f 938//4889 939//4889 968//4889
f 968//4890 939//4890 969//4890
f 910//4891 940//4891 969//4891
f 916//4892 917//4892 978//4892
f 920//4893 950//4893 981//4893
f 950//4894 922//4894 982//4894
f 962//4895 933//4895 992//4895
f 963//4896 964//4896 993//4896
f 966//4897 936//4897 995//4897
f 937//4898 967//4898 996//4898
f 997//4899 938//4899 968//4899
f 940//4900 941//4900 970//4900
f 998//4901 942//4901 971//4901
f 1001//4902 917//4902 979//4902
f 981//4903 982//4903 1002//4903
f 992//4904 933//4904 1019//4904
f 933//4905 963//4905 1019//4905
f 1020//4906 993//4906 1021//4906
f 964//4907 965//4907 1022//4907
f 966//4908 994//4908 1022//4908
f 1023//4909 995//4909 1024//4909
f 1025//4910 996//4910 1026//4910
f 997//4911 968//4911 1026//4911
f 968//4912 969//4912 1027//4912
f 1027//4913 969//4913 1028//4913
f 1028//4914 998//4914 1029//4914
f 915//4915 978//4915 1037//4915
f 1039//4916 979//4916 1040//4916
f 980//4917 949//4917 1040//4917
f 949//4918 981//4918 1040//4918
f 1040//4919 981//4919 1002//4919
f 1002//4920 982//4920 1041//4920
f 982//4921 983//4921 1041//4921
f 1019//4922 1020//4922 1052//4922
f 1053//4923 1022//4923 1054//4923
f 994//4924 1023//4924 1054//4924
f 1023//4925 1024//4925 1054//4925
f 1055//4926 1024//4926 1025//4926
f 1056//4927 1026//4927 1057//4927
f 1057//4928 1027//4928 1058//4928
f 1027//4929 1028//4929 1058//4929
f 978//4930 1001//4930 1038//4930
f 1063//4931 1001//4931 1039//4931
f 1039//4932 1040//4932 1064//4932
f 1040//4933 1002//4933 1065//4933
f 1002//4934 1041//4934 1065//4934
f 1074//4935 1047//4935 1075//4935
f 1052//4936 1020//4936 1078//4936
f 964//4937 1022//4937 1079//4937
f 1080//4938 1054//4938 1055//4938
f 1055//4939 1025//4939 1081//4939
f 1081//4940 1025//4940 1082//4940
f 1025//4941 1056//4941 1082//4941
f 1084//4942 1028//4942 1085//4942
f 1062//4943 1038//4943 1063//4943
f 1040//4944 1065//4944 1064//4944
f 1041//4945 1042//4945 1094//4945
f 1044//4946 1068//4946 1096//4946
f 1068//4947 1069//4947 1097//4947
f 1078//4948 1021//4948 1111//4948
f 1111//4949 1021//4949 1079//4949
f 1053//4950 1054//4950 1112//4950
f 1055//4951 1081//4951 1114//4951
f 1081//4952 1082//4952 1115//4952
f 1116//4953 1056//4953 1083//4953
f 1117//4954 1057//4954 1058//4954
f 1063//4955 1064//4955 1124//4955
f 1064//4956 1093//4956 1125//4956
f 1065//4957 1041//4957 1126//4957
f 1041//4958 1094//4958 1126//4958
f 1128//4959 1095//4959 1066//4959
f 1096//4960 1068//4960 1129//4960
f 1069//4961 1070//4961 1097//4961
f 1098//4962 1072//4962 1131//4962
f 1133//4963 1075//4963 1101//4963
f 1109//4964 1110//4964 1169//4964
f 1079//4965 1112//4965 1170//4965
f 1080//4966 1114//4966 1139//4966
f 1140//4967 1114//4967 1141//4967
f 1141//4968 1115//4968 1142//4968
f 1142//4969 1082//4969 1143//4969
f 1143//4970 1116//4970 1144//4970
f 1083//4971 1117//4971 1144//4971
f 1144//4972 1117//4972 1145//4972
f 1058//4973 1084//4973 1145//4973
f 1146//4974 1084//4974 1118//4974
f 1154//4975 1094//4975 1127//4975
f 1066//4976 1096//4976 1128//4976
f 1072//4977 1099//4977 1131//4977
f 1163//4978 1133//4978 1134//4978
f 1110//4979 1111//4979 1169//4979
f 1111//4980 1079//4980 1169//4980
f 1112//4981 1113//4981 1170//4981
f 1171//4982 1113//4982 1139//4982
f 1141//4983 1142//4983 1173//4983
f 1174//4984 1142//4984 1175//4984
f 1176//4985 1144//4985 1177//4985
f 1177//4986 1144//4986 1178//4986
f 1178//4987 1145//4987 1179//4987
f 1179//4988 1146//4988 1180//4988
f 1126//4989 1094//4989 1185//4989
f 1094//4990 1154//4990 1185//4990
f 1127//4991 1128//4991 1186//4991
f 1163//4992 1134//4992 1190//4992
f 1109//4993 1169//4993 1196//4993
f 1169//4994 1138//4994 1197//4994
f 1170//4995 1171//4995 1198//4995
f 1199//4996 1173//4996 1200//4996
f 1201//4997 1176//4997 1177//4997
f 1125//4998 1126//4998 1211//4998
f 1126//4999 1185//4999 1211//4999
f 1224//5000 1196//5000 1197//5000
f 1197//5001 1138//5001 1225//5001
f 1138//5002 1170//5002 1226//5002
f 1171//5003 1140//5003 1227//5003
f 1140//5004 1172//5004 1259//5004
f 1172//5005 1199//5005 1228//5005
f 1228//5006 1199//5006 1229//5006
f 1199//5007 1200//5007 1229//5007
f 1230//5008 1175//5008 1231//5008
f 1201//5009 1177//5009 1232//5009
f 1232//5010 1178//5010 1233//5010
f 1233//5011 1179//5011 1202//5011
f 1240//5012 1208//5012 1209//5012
f 1252//5013 1190//5013 1253//5013
f 1226//5014 1198//5014 1257//5014
f 1259//5015 1172//5015 1260//5015
f 1260//5016 1228//5016 1261//5016
f 1229//5017 1174//5017 1261//5017
f 1174//5018 1230//5018 1261//5018
f 1262//5019 1230//5019 1263//5019
f 1231//5020 1201//5020 1232//5020
f 1233//5021 1202//5021 1234//5021
f 1275//5022 1244//5022 1276//5022
f 1245//5023 1213//5023 1277//5023
f 1224//5024 1225//5024 1287//5024
f 1225//5025 1226//5025 1257//5025
f 1227//5026 1259//5026 1288//5026
f 1293//5027 1232//5027 1294//5027
f 1294//5028 1233//5028 1295//5028
f 1239//5029 1240//5029 1301//5029
f 1303//5030 1241//5030 1273//5030
f 1273//5031 1243//5031 1304//5031
f 1274//5032 1275//5032 1305//5032
f 1286//5033 1224//5033 1315//5033
f 1224//5034 1287//5034 1315//5034
f 1257//5035 1258//5035 1317//5035
f 1258//5036 1227//5036 1318//5036
f 1302//5037 1241//5037 1303//5037
f 1334//5038 1245//5038 1335//5038
f 1335//5039 1246//5039 1336//5039
f 1336//5040 1247//5040 1278//5040
f 1287//5041 1316//5041 1344//5041
f 1288//5042 1319//5042 1346//5042
f 1351//5043 1293//5043 1326//5043
f 1360//5044 1301//5044 1331//5044
f 1332//5045 1302//5045 1361//5045
f 1302//5046 1303//5046 1361//5046
f 1336//5047 1278//5047 1368//5047
f 1344//5048 1316//5048 1374//5048
f 1316//5049 1317//5049 1374//5049
f 1317//5050 1318//5050 1375//5050
f 1318//5051 1345//5051 1375//5051
f 1346//5052 1347//5052 1377//5052
f 1383//5053 1324//5053 1384//5053
f 1384//5054 1325//5054 1351//5054
f 1385//5055 1326//5055 1352//5055
f 1331//5056 1332//5056 1389//5056
f 1390//5057 1332//5057 1361//5057
f 1335//5058 1336//5058 1368//5058
f 1428//5059 1311//5059 1371//5059
f 1343//5060 1344//5060 1399//5060
f 1344//5061 1374//5061 1400//5061
f 1345//5062 1376//5062 1403//5062
f 1376//5063 1377//5063 1404//5063
f 1384//5064 1351//5064 1408//5064
f 1408//5065 1385//5065 1409//5065
f 1402//5066 1375//5066 1433//5066
f 1375//5067 1403//5067 1434//5067
f 1403//5068 1376//5068 1434//5068
f 1376//5069 1404//5069 1435//5069
f 1441//5070 1383//5070 1442//5070
f 1384//5071 1408//5071 1442//5071
f 1454//5072 1335//5072 1424//5072
f 1400//5073 1401//5073 1464//5073
f 1465//5074 1433//5074 1466//5074
f 1466//5075 1434//5075 1467//5075
f 1467//5076 1435//5076 1468//5076
f 1435//5077 1405//5077 1468//5077
f 1407//5078 1441//5078 1474//5078
f 1442//5079 1408//5079 1475//5079
f 1418//5080 1419//5080 1486//5080
f 1487//5081 1451//5081 1488//5081
f 1451//5082 1421//5082 1488//5082
f 1454//5083 1424//5083 1491//5083
f 1401//5084 1433//5084 1496//5084
f 1433//5085 1465//5085 1496//5085
f 1466//5086 1467//5086 1497//5086
f 1502//5087 1442//5087 1503//5087
f 1442//5088 1475//5088 1503//5088
f 1485//5089 1486//5089 1508//5089
f 1451//5090 1487//5090 1509//5090
f 1490//5091 1453//5091 1454//5091
f 1457//5092 1458//5092 1492//5092
f 1521//5093 1464//5093 1522//5093
f 1523//5094 1465//5094 1497//5094
f 1524//5095 1467//5095 1525//5095
f 1485//5096 1508//5096 1541//5096
f 1509//5097 1487//5097 1542//5097
f 1488//5098 1510//5098 1543//5098
f 1544//5099 1489//5099 1545//5099
f 1545//5100 1489//5100 1546//5100
f 1546//5101 1511//5101 1490//5101
f 1490//5102 1454//5102 1512//5102
f 1558//5103 1496//5103 1523//5103
f 1502//5104 1503//5104 1567//5104
f 1567//5105 1503//5105 1568//5105
f 1486//5106 1509//5106 1542//5106
f 1542//5107 1487//5107 1573//5107
f 1487//5108 1488//5108 1573//5108
f 1574//5109 1488//5109 1603//5109
f 1488//5110 1543//5110 1603//5110
f 1543//5111 1510//5111 1544//5111
f 1491//5112 1548//5112 1576//5112
f 1548//5113 1514//5113 1549//5113
f 1456//5114 1515//5114 1577//5114
f 1521//5115 1557//5115 1583//5115
f 1558//5116 1523//5116 1585//5116
f 1585//5117 1523//5117 1586//5117
f 1586//5118 1497//5118 1587//5118
f 1531//5119 1567//5119 1591//5119
f 1591//5120 1567//5120 1592//5120
f 1592//5121 1567//5121 1593//5121
f 1541//5122 1486//5122 1602//5122
f 1486//5123 1542//5123 1602//5123
f 1545//5124 1546//5124 1605//5124
f 1636//5125 1490//5125 1606//5125
f 1614//5126 1583//5126 1615//5126
f 1615//5127 1557//5127 1584//5127
f 1602//5128 1542//5128 1632//5128
f 1573//5129 1574//5129 1633//5129
f 1546//5130 1636//5130 1605//5130
f 1606//5131 1607//5131 1636//5131
f 1615//5132 1584//5132 1614//5132
f 1643//5133 1585//5133 1644//5133
f 1644//5134 1586//5134 1645//5134
f 1645//5135 1587//5135 1646//5135
f 1542//5136 1573//5136 1660//5136
f 1665//5137 1544//5137 1635//5137
f 1635//5138 1605//5138 1665//5138
f 1666//5139 1605//5139 1636//5139
f 1582//5140 1614//5140 1642//5140
f 1701//5141 1614//5141 1643//5141
f 1643//5142 1644//5142 1677//5142
f 1644//5143 1645//5143 1646//5143
f 1690//5144 1632//5144 1660//5144
f 1665//5145 1666//5145 1692//5145
f 1676//5146 1642//5146 1700//5146
f 1643//5147 1677//5147 1701//5147
f 1644//5148 1646//5148 1678//5148
f 1651//5149 1683//5149 1711//5149
f 1690//5150 1660//5150 1717//5150
f 1717//5151 1660//5151 1662//5151
f 1692//5152 1666//5152 1721//5152
f 1721//5153 1666//5153 1693//5153
f 1702//5154 1678//5154 1703//5154
f 1692//5155 1721//5155 1750//5155
f 1730//5156 1677//5156 1760//5156
f 1703//5157 1731//5157 1760//5157
f 1737//5158 1738//5158 1765//5158
f 1750//5159 1721//5159 1774//5159
f 1693//5160 1722//5160 1775//5160
f 1784//5161 1759//5161 1785//5161
f 1785//5162 1759//5162 1730//5162
f 1765//5163 1766//5163 1791//5163
f 1801//5164 1772//5164 1802//5164
f 1802//5165 1772//5165 1717//5165
f 1812//5166 1758//5166 1813//5166
f 1813//5167 1784//5167 1814//5167
f 1785//5168 1730//5168 1815//5168
f 1815//5169 1730//5169 1816//5169
f 1816//5170 1760//5170 1817//5170
f 1817//5171 1731//5171 1761//5171
f 1818//5172 1761//5172 1819//5172
f 1819//5173 1786//5173 1820//5173
f 1765//5174 1791//5174 1823//5174
f 1800//5175 1771//5175 1801//5175
f 1774//5176 1775//5176 1835//5176
f 1805//5177 1776//5177 1837//5177
f 1814//5178 1785//5178 1815//5178
f 1819//5179 1820//5179 1848//5179
f 1821//5180 1822//5180 1851//5180
f 1823//5181 1791//5181 1852//5181
f 1791//5182 1824//5182 1853//5182
f 1859//5183 1800//5183 1860//5183
f 1860//5184 1801//5184 1861//5184
f 1846//5185 1813//5185 1869//5185
f 1869//5186 1813//5186 1847//5186
f 1870//5187 1814//5187 1871//5187
f 1871//5188 1815//5188 1816//5188
f 1872//5189 1817//5189 1818//5189
f 1873//5190 1818//5190 1874//5190
f 1874//5191 1819//5191 1848//5191
f 1853//5192 1824//5192 1875//5192
f 1887//5193 1802//5193 1888//5193
f 1862//5194 1833//5194 1889//5194
f 1889//5195 1833//5195 1890//5195
f 1833//5196 1863//5196 1890//5196
f 1836//5197 1805//5197 1891//5197
f 1805//5198 1837//5198 1891//5198
f 1897//5199 1812//5199 1898//5199
f 1871//5200 1816//5200 1900//5200
f 1818//5201 1873//5201 1872//5201
f 1850//5202 1851//5202 1903//5202
f 1851//5203 1823//5203 1904//5203
f 1852//5204 1853//5204 1905//5204
f 1853//5205 1875//5205 1905//5205
f 1912//5206 1859//5206 1913//5206
f 1913//5207 1860//5207 1914//5207
f 1861//5208 1887//5208 1914//5208
f 1888//5209 1889//5209 1915//5209
f 1863//5210 1834//5210 1916//5210
f 1834//5211 1835//5211 1916//5211
f 1835//5212 1891//5212 1918//5212
f 1915//5213 1889//5213 1942//5213
f 1889//5214 1890//5214 1943//5214
f 1890//5215 1863//5215 1943//5215
f 1943//5216 1863//5216 1916//5216
f 2130//5217 2131//5217 2152//5217
f 2153//5218 2131//5218 2154//5218
f 2072//5219 2132//5219 2154//5219
f 2132//5220 2133//5220 2155//5220
f 2157//5221 2099//5221 2135//5221
f 2137//5222 2138//5222 2158//5222
f 2138//5223 2139//5223 2159//5223
f 2182//5224 2146//5224 2122//5224
f 2129//5225 2130//5225 2186//5225
f 2130//5226 2152//5226 2186//5226
f 2152//5227 2131//5227 2187//5227
f 2131//5228 2153//5228 2187//5228
f 2154//5229 2155//5229 2188//5229
f 2189//5230 2155//5230 2156//5230
f 2156//5231 2134//5231 2190//5231
f 2099//5232 2157//5232 2190//5232
f 2191//5233 2135//5233 2192//5233
f 2135//5234 2136//5234 2192//5234
f 2192//5235 2136//5235 2193//5235
f 2193//5236 2137//5236 2158//5236
f 2159//5237 2139//5237 2194//5237
f 2214//5238 2123//5238 2183//5238
f 2183//5239 2124//5239 2215//5239
f 2216//5240 2148//5240 2217//5240
f 2185//5241 2097//5241 2218//5241
f 2097//5242 2149//5242 2218//5242
f 2149//5243 2127//5243 2219//5243
f 2152//5244 2187//5244 2220//5244
f 2187//5245 2153//5245 2221//5245
f 2222//5246 2188//5246 2189//5246
f 2189//5247 2156//5247 2223//5247
f 2224//5248 2156//5248 2225//5248
f 2225//5249 2156//5249 2226//5249
f 2228//5250 2192//5250 2193//5250
f 2193//5251 2158//5251 2229//5251
f 2158//5252 2159//5252 2229//5252
f 2210//5253 2177//5253 2246//5253
f 2246//5254 2177//5254 2247//5254
f 2251//5255 2147//5255 2214//5255
f 2185//5256 2218//5256 2252//5256
f 2151//5257 2186//5257 2253//5257
f 2259//5258 2193//5258 2260//5258
f 2261//5259 2194//5259 2262//5259
f 2294//5260 2196//5260 2263//5260
f 2263//5261 2196//5261 2264//5261
f 2264//5262 2197//5262 2231//5262
f 2265//5263 2233//5263 2234//5263
f 2161//5264 2235//5264 2266//5264
f 2267//5265 2201//5265 2236//5265
f 2269//5266 2166//5266 2270//5266
f 2202//5267 2203//5267 2271//5267
f 2205//5268 2241//5268 2272//5268
f 2273//5269 2242//5269 2310//5269
f 2310//5270 2242//5270 2274//5270
f 2209//5271 2243//5271 2274//5271
f 2244//5272 2245//5272 2275//5272
f 2245//5273 2210//5273 2246//5273
f 2247//5274 2248//5274 2277//5274
f 2182//5275 2251//5275 2279//5275
f 2215//5276 2216//5276 2281//5276
f 2283//5277 2216//5277 2217//5277
f 2219//5278 2150//5278 2286//5278
f 2253//5279 2220//5279 2287//5279
f 2293//5280 2229//5280 2261//5280
f 2265//5281 2234//5281 2298//5281
f 2298//5282 2234//5282 2266//5282
f 2267//5283 2236//5283 2268//5283
f 2299//5284 2237//5284 2300//5284
f 2300//5285 2239//5285 2301//5285
f 2269//5286 2270//5286 2301//5286
f 2202//5287 2271//5287 2302//5287
f 2304//5288 2204//5288 2305//5288
f 2306//5289 2241//5289 2307//5289
f 2308//5290 2273//5290 2309//5290
f 2310//5291 2243//5291 2311//5291
f 2311//5292 2275//5292 2276//5292
f 2312//5293 2245//5293 2246//5293
f 2247//5294 2277//5294 2313//5294
f 2314//5295 2250//5295 2315//5295
f 2213//5296 2278//5296 2315//5296
f 2182//5297 2279//5297 2278//5297
f 2316//5298 2251//5298 2214//5298
f 2317//5299 2280//5299 2318//5299
f 2318//5300 2281//5300 2282//5300
f 2286//5301 2253//5301 2319//5301
f 2323//5302 2292//5302 2324//5302
f 2324//5303 2260//5303 2352//5303
f 2352//5304 2260//5304 2293//5304
f 2293//5305 2261//5305 2325//5305
f 2327//5306 2267//5306 2328//5306
f 2267//5307 2268//5307 2328//5307
f 2329//5308 2268//5308 2299//5308
f 2300//5309 2301//5309 2330//5309
f 2330//5310 2301//5310 2331//5310
f 2270//5311 2302//5311 2331//5311
f 2302//5312 2303//5312 2332//5312
f 2271//5313 2304//5313 2332//5313
f 2306//5314 2307//5314 2333//5314
f 2308//5315 2309//5315 2335//5315
f 2337//5316 2311//5316 2312//5316
f 2312//5317 2246//5317 2338//5317
f 2278//5318 2279//5318 2341//5318
f 2317//5319 2318//5319 2342//5319
f 2343//5320 2217//5320 2376//5320
f 2217//5321 2284//5321 2376//5321
f 2285//5322 2286//5322 2344//5322
f 2220//5323 2345//5323 2378//5323
f 2352//5324 2293//5324 2353//5324
f 2356//5325 2265//5325 2357//5325
f 2265//5326 2298//5326 2358//5326
f 2358//5327 2298//5327 2359//5327
f 2359//5328 2266//5328 2360//5328
f 2327//5329 2328//5329 2329//5329
f 2330//5330 2331//5330 2361//5330
f 2362//5331 2332//5331 2363//5331
f 2363//5332 2304//5332 2364//5332
f 2364//5333 2305//5333 2333//5333
f 2365//5334 2334//5334 2335//5334
f 2314//5335 2315//5335 2368//5335
f 2368//5336 2315//5336 2369//5336
f 2315//5337 2341//5337 2369//5337
f 2370//5338 2316//5338 2371//5338
f 2371//5339 2214//5339 2372//5339
f 2373//5340 2317//5340 2342//5340
f 2342//5341 2318//5341 2374//5341
f 2376//5342 2284//5342 2344//5342
f 2319//5343 2320//5343 2377//5343
f 2386//5344 2323//5344 2387//5344
f 2324//5345 2352//5345 2388//5345
f 2357//5346 2265//5346 2358//5346
f 2393//5347 2327//5347 2394//5347
f 2329//5348 2395//5348 2394//5348
f 2395//5349 2299//5349 2361//5349
f 2396//5350 2331//5350 2397//5350
f 2302//5351 2362//5351 2397//5351
f 2399//5352 2362//5352 2400//5352
f 2333//5353 2334//5353 2402//5353
f 2402//5354 2334//5354 2365//5354
f 2341//5355 2279//5355 2407//5355
f 2279//5356 2316//5356 2407//5356
f 2371//5357 2372//5357 2438//5357
f 2344//5358 2319//5358 2409//5358
f 2377//5359 2320//5359 2410//5359
f 2387//5360 2324//5360 2388//5360
f 2388//5361 2352//5361 2389//5361
f 2356//5362 2357//5362 2419//5362
f 2419//5363 2358//5363 2420//5363
f 2360//5364 2393//5364 2420//5364
f 2421//5365 2393//5365 2394//5365
f 2361//5366 2396//5366 2422//5366
f 2398//5367 2399//5367 2423//5367
f 2424//5368 2399//5368 2425//5368
f 2400//5369 2363//5369 2425//5369
f 2425//5370 2363//5370 2401//5370
f 2426//5371 2364//5371 2427//5371
f 2402//5372 2365//5372 2427//5372
f 2365//5373 2335//5373 2428//5373
f 2433//5374 2368//5374 2434//5374
f 2434//5375 2368//5375 2435//5375
f 2435//5376 2368//5376 2436//5376
f 2370//5377 2371//5377 2437//5377
f 2437//5378 2371//5378 2438//5378
f 2441//5379 2375//5379 2442//5379
f 2442//5380 2376//5380 2409//5380
f 2443//5381 2377//5381 2410//5381
f 2451//5382 2386//5382 2387//5382
f 2356//5383 2419//5383 2457//5383
f 2419//5384 2420//5384 2458//5384
f 2458//5385 2420//5385 2459//5385
f 2421//5386 2394//5386 2460//5386
f 2460//5387 2395//5387 2461//5387
f 2461//5388 2422//5388 2462//5388
f 2462//5389 2396//5389 2423//5389
f 2427//5390 2428//5390 2426//5390
f 2407//5391 2437//5391 2473//5391
f 2437//5392 2438//5392 2475//5392
f 2476//5393 2438//5393 2477//5393
f 2477//5394 2373//5394 2439//5394
f 2439//5395 2408//5395 2440//5395
f 2441//5396 2442//5396 2478//5396
f 2442//5397 2409//5397 2479//5397
f 2480//5398 2409//5398 2443//5398
f 2410//5399 2411//5399 2481//5399
f 2387//5400 2452//5400 2487//5400
f 2488//5401 2389//5401 2489//5401
f 2458//5402 2459//5402 2494//5402
f 2459//5403 2421//5403 2494//5403
f 2496//5404 2461//5404 2497//5404
f 2461//5405 2462//5405 2497//5405
f 2462//5406 2423//5406 2498//5406
f 2463//5407 2424//5407 2500//5407
f 2500//5408 2424//5408 2501//5408
f 2425//5409 2401//5409 2501//5409
f 2501//5410 2426//5410 2502//5410
f 2502//5411 2426//5411 2503//5411
f 2503//5412 2428//5412 2504//5412
f 2433//5413 2434//5413 2508//5413
f 2435//5414 2436//5414 2509//5414
f 2475//5415 2476//5415 2512//5415
f 2476//5416 2477//5416 2513//5416
f 2440//5417 2478//5417 2514//5417
f 2479//5418 2409//5418 2516//5418
f 2486//5419 2451//5419 2522//5419
f 2451//5420 2487//5420 2522//5420
f 2487//5421 2452//5421 2523//5421
f 2452//5422 2488//5422 2524//5422
f 2488//5423 2489//5423 2525//5423
f 2493//5424 2494//5424 2527//5424
f 2495//5425 2460//5425 2496//5425
f 2528//5426 2497//5426 2498//5426
f 2529//5427 2500//5427 2530//5427
f 2530//5428 2500//5428 2501//5428
f 2515//5429 2478//5429 2541//5429
f 2478//5430 2516//5430 2541//5430
f 2516//5431 2480//5431 2542//5431
f 2519//5432 2444//5432 2544//5432
f 2544//5433 2520//5433 2545//5433
f 2484//5434 2450//5434 2547//5434
f 2521//5435 2485//5435 2549//5435
f 2486//5436 2522//5436 2549//5436
f 2525//5437 2489//5437 2550//5437
f 2493//5438 2527//5438 2552//5438
f 2553//5439 2494//5439 2554//5439
f 2529//5440 2530//5440 2555//5440
f 2530//5441 2501//5441 2556//5441
f 2556//5442 2501//5442 2502//5442
f 2502//5443 2503//5443 2557//5443
f 2558//5444 2532//5444 2533//5444
f 2561//5445 2509//5445 2562//5445
f 2509//5446 2510//5446 2562//5446
f 2541//5447 2516//5447 2567//5447
f 2569//5448 2518//5448 2519//5448
f 2570//5449 2544//5449 2545//5449
f 2522//5450 2523//5450 2593//5450
f 2525//5451 2550//5451 2571//5451
f 2527//5452 2553//5452 2574//5452
f 2575//5453 2528//5453 2576//5453
f 2498//5454 2499//5454 2576//5454
f 2499//5455 2529//5455 2576//5455
f 2577//5456 2530//5456 2556//5456
f 2557//5457 2531//5457 2558//5457
f 2558//5458 2533//5458 2559//5458
f 2580//5459 2534//5459 2561//5459
f 2569//5460 2519//5460 2588//5460
f 2588//5461 2544//5461 2570//5461
f 2570//5462 2545//5462 2589//5462
f 2590//5463 2546//5463 2548//5463
f 2522//5464 2593//5464 2592//5464
f 2573//5465 2551//5465 2597//5465
f 2551//5466 2552//5466 2598//5466
f 2552//5467 2527//5467 2599//5467
f 2527//5468 2574//5468 2599//5468
f 2574//5469 2553//5469 2600//5469
f 2576//5470 2555//5470 2604//5470
f 2555//5471 2530//5471 2604//5471
f 2530//5472 2577//5472 2604//5472
f 2577//5473 2556//5473 2578//5473
f 2578//5474 2557//5474 2579//5474
f 2579//5475 2557//5475 2558//5475
f 2559//5476 2560//5476 2605//5476
f 2605//5477 2560//5477 2580//5477
f 2606//5478 2561//5478 2581//5478
f 2593//5479 2523//5479 2614//5479
f 2523//5480 2571//5480 2614//5480
f 2551//5481 2598//5481 2616//5481
f 2600//5482 2554//5482 2619//5482
f 2554//5483 2601//5483 2619//5483
f 2604//5484 2577//5484 2624//5484
f 2625//5485 2577//5485 2626//5485
f 2687//5486 2606//5486 2636//5486
f 2663//5487 2585//5487 2694//5487
f 2738//5488 2687//5488 2716//5488
f 2686//5489 2687//5489 2738//5489
f 2694//5490 2720//5490 2760//5490
f 2686//5491 2738//5491 2789//5491
f 2759//5492 2740//5492 2792//5492
f 2740//5493 2760//5493 2816//5493
usemtl blue
f 1099//5494 1100//5494 1132//5494
f 1096//5495 1155//5495 1128//5495
f 1129//5496 1097//5496 1158//5496
f 1099//5497 1159//5497 1131//5497
f 1132//5498 1100//5498 1161//5498
f 1074//5499 1133//5499 1162//5499
f 1128//5500 1187//5500 1186//5500
f 1128//5501 1155//5501 1187//5501
f 1130//5502 1131//5502 1188//5502
f 1187//5503 1212//5503 1186//5503
f 1156//5504 1213//5504 1155//5504
f 1156//5505 1157//5505 1214//5505
f 1158//5506 1188//5506 1214//5506
f 1159//5507 1215//5507 1131//5507
f 1159//5508 1160//5508 1216//5508
f 1160//5509 1161//5509 1217//5509
f 1161//5510 1074//5510 1218//5510
f 1074//5511 1162//5511 1218//5511
f 1185//5512 1242//5512 1241//5512
f 1186//5513 1243//5513 1242//5513
f 1187//5514 1244//5514 1212//5514
f 1187//5515 1155//5515 1244//5515
f 1155//5516 1245//5516 1244//5516
f 1188//5517 1246//5517 1214//5517
f 1131//5518 1248//5518 1247//5518
f 1217//5519 1249//5519 1216//5519
f 1218//5520 1162//5520 1251//5520
f 1189//5521 1190//5521 1252//5521
f 1211//5522 1272//5522 1210//5522
f 1211//5523 1241//5523 1272//5523
f 1243//5524 1212//5524 1274//5524
f 1213//5525 1214//5525 1277//5525
f 1247//5526 1248//5526 1278//5526
f 1215//5527 1216//5527 1279//5527
f 1249//5528 1250//5528 1279//5528
f 1218//5529 1280//5529 1250//5529
f 1162//5530 1189//5530 1281//5530
f 1240//5531 1271//5531 1301//5531
f 1210//5532 1302//5532 1271//5532
f 1210//5533 1272//5533 1302//5533
f 1272//5534 1241//5534 1302//5534
f 1278//5535 1248//5535 1306//5535
f 1248//5536 1215//5536 1307//5536
f 1250//5537 1309//5537 1308//5537
f 1250//5538 1280//5538 1310//5538
f 1251//5539 1281//5539 1280//5539
f 1301//5540 1271//5540 1331//5540
f 1271//5541 1302//5541 1332//5541
f 1309//5542 1310//5542 1338//5542
f 1278//5543 1306//5543 1368//5543
f 1281//5544 1252//5544 1370//5544
f 1252//5545 1311//5545 1370//5545
f 1338//5546 1370//5546 1393//5546
f 1368//5547 1306//5547 1424//5547
f 1306//5548 1369//5548 1425//5548
f 1392//5549 1308//5549 1426//5549
f 1338//5550 1393//5550 1426//5550
f 1370//5551 1427//5551 1393//5551
f 1425//5552 1369//5552 1455//5552
f 1369//5553 1392//5553 1455//5553
f 1393//5554 1427//5554 1456//5554
f 1427//5555 1457//5555 1456//5555
f 1491//5556 1455//5556 1514//5556
f 1455//5557 1426//5557 1514//5557
f 1155//5558 1096//5558 1156//5558
f 1156//5559 1096//5559 1129//5559
f 1157//5560 1129//5560 1158//5560
f 1097//5561 1130//5561 1158//5561
f 1159//5562 1099//5562 1160//5562
f 1160//5563 1099//5563 1132//5563
f 1161//5564 1100//5564 1074//5564
f 1162//5565 1133//5565 1163//5565
f 1129//5566 1157//5566 1156//5566
f 1158//5567 1130//5567 1188//5567
f 1160//5568 1132//5568 1161//5568
f 1162//5569 1163//5569 1189//5569
f 1189//5570 1163//5570 1190//5570
f 1213//5571 1156//5571 1214//5571
f 1157//5572 1158//5572 1214//5572
f 1215//5573 1159//5573 1216//5573
f 1216//5574 1160//5574 1217//5574
f 1217//5575 1161//5575 1218//5575
f 1211//5576 1185//5576 1241//5576
f 1185//5577 1154//5577 1242//5577
f 1154//5578 1186//5578 1242//5578
f 1243//5579 1186//5579 1212//5579
f 1245//5580 1155//5580 1213//5580
f 1246//5581 1188//5581 1247//5581
f 1188//5582 1131//5582 1247//5582
f 1248//5583 1131//5583 1215//5583
f 1249//5584 1217//5584 1250//5584
f 1250//5585 1217//5585 1218//5585
f 1241//5586 1242//5586 1273//5586
f 1242//5587 1243//5587 1273//5587
f 1212//5588 1244//5588 1274//5588
f 1214//5589 1246//5589 1277//5589
f 1216//5590 1249//5590 1279//5590
f 1218//5591 1251//5591 1280//5591
f 1251//5592 1162//5592 1281//5592
f 1189//5593 1252//5593 1281//5593
f 1306//5594 1248//5594 1307//5594
f 1307//5595 1215//5595 1279//5595
f 1279//5596 1250//5596 1308//5596
f 1309//5597 1250//5597 1310//5597
f 1331//5598 1271//5598 1332//5598
f 1307//5599 1279//5599 1337//5599
f 1337//5600 1279//5600 1308//5600
f 1310//5601 1280//5601 1281//5601
f 1306//5602 1307//5602 1369//5602
f 1307//5603 1337//5603 1369//5603
f 1337//5604 1308//5604 1369//5604
f 1308//5605 1309//5605 1338//5605
f 1338//5606 1310//5606 1370//5606
f 1310//5607 1281//5607 1370//5607
f 1369//5608 1308//5608 1392//5608
f 1370//5609 1311//5609 1394//5609
f 1424//5610 1306//5610 1425//5610
f 1308//5611 1338//5611 1426//5611
f 1427//5612 1370//5612 1394//5612
f 1491//5613 1424//5613 1425//5613
f 1455//5614 1392//5614 1426//5614
f 1426//5615 1393//5615 1456//5615
f 1427//5616 1394//5616 1457//5616
f 1491//5617 1425//5617 1455//5617
f 1426//5618 1456//5618 1514//5618
f 1514//5619 1456//5619 1549//5619
f 1456//5620 1457//5620 1515//5620
l 2893 2917
